1;2,5-dimethylhexane;Float32[4.037057, 3.2901354, -6.62097, 1.304807]
1;2-methylheptane;Float32[4.14592, 3.2063038, -6.030073, 1.2526841]
1;3-methyldecane;Float32[5.5877104, 4.3965945, -7.609657, 1.9478248]
1;hexadecane;Float32[9.174551, 5.0725965, -10.349905, 1.9310102]
1;3,3-dimethylhexane;Float32[3.8975744, 3.6002524, -6.004655, 1.5542207]
1;3-methyltridecane;Float32[7.6638184, 4.9296427, -9.485963, 2.1240118]
1;2-methylbutane;Float32[2.0964592, 2.3029263, -4.418491, 0.8085256]
1;nonane;Float32[4.8180637, 3.3290038, -6.9639864, 1.3552797]
1;heptacosane;Float32[15.850908, 7.462614, -18.611969, 2.685578]
1;2,2-dimethylpropane;Float32[1.9365413, 2.5425751, -3.7941153, 0.78548783]
1;2,4,4-trimethylhexane;Float32[4.46132, 3.98027, -6.5617104, 1.7467198]
1;octadecane;Float32[10.327181, 5.449605, -11.53647, 2.0454304]
1;heptadecane;Float32[9.8398285, 5.3827887, -10.852306, 2.1963317]
1;n-undecane;Float32[6.1348915, 3.9350824, -7.8743744, 1.4999502]
1;nonadecane;Float32[10.99615, 5.696313, -11.803475, 2.3072112]
1;2,2,4,4,6,8,8-heptamethylnonane;Float32[8.224064, 5.666788, -8.820432, 2.4194582]
1;3-methyldodecane;Float32[6.8112507, 4.7172008, -8.749466, 2.122398]
1;3,4-dimethylhexane;Float32[3.9834158, 3.453305, -6.439018, 1.5042722]
1;3-methylheptane;Float32[4.147376, 3.3085577, -6.036946, 1.2029271]
1;n-butane;Float32[1.3555133, 1.6215378, -3.9150043, 0.5671235]
1;2,2,5,5-tetramethylhexane;Float32[4.8082294, 4.2177854, -7.507532, 1.7287068]
1;tridecane;Float32[7.225278, 4.1663957, -8.956778, 1.6582484]
1;2,2,3-trimethylpentane;Float32[3.8194718, 3.713936, -5.921237, 1.6812713]
1;decane;Float32[5.3884983, 3.641781, -7.7142367, 1.4810246]
1;3-ethylpentane;Float32[3.1410005, 3.0074844, -6.510696, 1.1466409]
1;2,3-dimethyldodecane;Float32[7.4632635, 5.110174, -9.315956, 2.2526608]
1;3-methylundecane;Float32[6.1646137, 4.457429, -8.109943, 2.008575]
1;2-methyldecane;Float32[6.1152725, 4.1333594, -7.747261, 1.6912166]
1;3-methylpentane;Float32[2.773597, 2.6682186, -5.6086993, 0.83839643]
1;octane;Float32[4.177456, 3.1118822, -6.151619, 1.3111972]
1;2-methyldodecane;Float32[7.1297655, 4.733428, -8.577911, 1.8546023]
1;2,6-dimethyloctane;Float32[5.3561354, 3.931478, -7.426286, 1.6056637]
1;2,2,3,4-tetramethylpentane;Float32[4.2302265, 4.0041366, -7.0160933, 1.8587694]
1;3,3-diethylpentane;Float32[4.0849304, 3.8766694, -7.4090014, 1.8522754]
1;2,3,4-trimethyl pentane;Float32[3.7340052, 3.520721, -6.4014406, 1.5729004]
1;2-methylhexane;Float32[3.494394, 3.048451, -5.7079277, 1.0540514]
1;2,2,3-trimethylbutane;Float32[3.1429422, 3.3908768, -5.1900525, 1.4904469]
1;3-methyl-3-ethylpentane;Float32[3.7285862, 3.6197708, -6.2563324, 1.6453369]
1;pentadecane;Float32[8.666899, 4.6944237, -10.164412, 1.7847381]
1;hexane;Float32[2.8286557, 2.4989965, -5.3250694, 0.779369]
1;2-methyloctane;Float32[4.9281797, 3.445478, -6.620015, 1.4830229]
1;octacosane;Float32[16.513517, 7.762514, -19.516476, 2.8193686]
1;2,2,4,4-tetramethylpentane;Float32[4.1528416, 3.9363904, -6.795602, 1.698963]
1;2-methyl-3-ethyl-pentane;Float32[3.8712995, 3.4465578, -6.744664, 1.4432793]
1;2-methylpentane;Float32[2.8523753, 2.612918, -4.976534, 0.8119467]
1;2,3,3,4-tetramethylpentane;Float32[4.239339, 3.992558, -7.1689997, 1.954969]
1;2,3-dimethyldecane;Float32[6.321213, 4.5524216, -7.861958, 2.0468976]
1;ethane;Float32[0.12070775, 0.7860351, -2.0188015, 0.23632304]
1;2,3-dimethylpentane;Float32[3.2966416, 3.1678884, -5.780426, 1.3846306]
1;2,3-dimethylundecane;Float32[6.828512, 4.8552313, -8.673049, 2.173973]
1;pentane;Float32[2.1337264, 2.1940968, -4.500779, 0.5943721]
1;tetradecane;Float32[7.8369255, 4.4585996, -9.455121, 1.9240394]
1;2-methylundecane;Float32[6.4304047, 4.5651197, -8.119991, 1.903927]
1;squalane;Float32[16.356083, 8.804956, -16.95133, 3.4029157]
1;2,2-dimethylbutane;Float32[2.704257, 2.89871, -4.564728, 1.0318955]
1;2-methylpropane;Float32[1.383492, 1.9909184, -3.5456917, 0.52875537]
1;2,3,3-trimethylpentane;Float32[3.785392, 3.772196, -5.89874, 1.7596471]
1;3-ethylhexane;Float32[4.0630245, 3.2522514, -6.802258, 1.3850646]
1;2,2-dimethylhexane;Float32[4.02866, 3.5942326, -5.912779, 1.403918]
1;2,2,4-trimethylpentane;Float32[3.789581, 3.6390808, -5.6665697, 1.4947718]
1;2,4-dimethylhexane;Float32[4.0100765, 3.4285085, -6.566362, 1.3351843]
1;2,2,5-trimethylhexane;Float32[4.6999273, 3.7628875, -6.6188574, 1.4893196]
1;3-methylhexane;Float32[3.4484794, 3.0931711, -6.045923, 1.2389011]
1;dodecane;Float32[6.707303, 4.008804, -8.509741, 1.5357342]
1;eicosane;Float32[11.568205, 6.0296125, -12.451801, 2.3236766]
1;2,3-dimethylheptane;Float32[4.718211, 3.7891393, -6.5223703, 1.6197124]
1;2,7-dimethyloctane;Float32[5.3190374, 3.9064555, -8.112131, 1.5683315]
1;4-methylheptane;Float32[4.1200905, 3.2478502, -6.3591466, 1.3355994]
1;tetracosane;Float32[14.124298, 6.764035, -15.839014, 2.566055]
1;methane;Float32[-0.05944991, 0.58175296, -1.1681714, 0.13057]
1;3,3-dimethylpentane;Float32[3.2259543, 3.2939115, -5.2859097, 1.4334736]
1;2,2,3,3-tetramethylpentane;Float32[4.243922, 4.0850167, -6.872351, 1.999748]
1;2,2-dimethylpentane;Float32[3.3401673, 3.1843767, -5.3117743, 1.2108006]
1;2-methyltridecane;Float32[7.7292347, 4.7241364, -9.403489, 2.06656]
1;2,3-dimethylbutane;Float32[2.6046276, 2.8203998, -5.1238356, 1.0432248]
1;2,3-dimethylhexane;Float32[3.9831088, 3.4246757, -6.304056, 1.4643422]
1;2,3-dimethylnonane;Float32[5.422681, 4.5117097, -7.258485, 1.9148179]
1;propane;Float32[0.81534994, 1.2254874, -2.7958853, 0.21655835]
1;heptane;Float32[3.5154812, 2.8169842, -5.6600375, 1.094118]
1;2,4-dimethylpentane;Float32[3.2930174, 3.069868, -5.9827976, 1.1219175]
2;2,5-dimethylhexane;Float32[3.6946347, 2.5288706, -6.120624, 3.3569267]
2;2-methylheptane;Float32[3.7345688, 2.387609, -5.480164, 3.3238902]
2;3-methyldecane;Float32[5.038317, 3.3193758, -6.666798, 4.8795843]
2;hexadecane;Float32[8.047022, 3.3555622, -9.05012, 5.9021516]
2;3,3-dimethylhexane;Float32[3.6290514, 2.8688521, -5.4636626, 3.7656581]
2;3-methyltridecane;Float32[6.8582177, 3.4903853, -8.220308, 5.8542705]
2;2-methylbutane;Float32[1.9056169, 1.8471924, -4.2021823, 2.0511873]
2;nonane;Float32[4.2763233, 2.409951, -6.3191667, 3.5906312]
2;heptacosane;Float32[13.798969, 4.5320516, -16.550673, 9.122704]
2;2,2-dimethylpropane;Float32[1.7508093, 2.0734723, -3.597908, 2.0790732]
2;2,4,4-trimethylhexane;Float32[4.1811695, 3.167518, -5.869476, 4.277741]
2;octadecane;Float32[9.031289, 3.5125039, -10.092109, 6.4611025]
2;heptadecane;Float32[8.629784, 3.5572507, -9.481252, 6.388227]
2;n-undecane;Float32[5.4309216, 2.7856936, -7.0183225, 4.254166]
2;nonadecane;Float32[9.617237, 3.6483471, -10.289597, 6.949992]
2;2,2,4,4,6,8,8-heptamethylnonane;Float32[7.652957, 3.9797401, -7.2791247, 6.8270006]
2;3-methyldodecane;Float32[6.09058, 3.3971882, -7.590376, 5.584022]
2;3,4-dimethylhexane;Float32[3.718263, 2.7498121, -5.8911004, 3.6384869]
2;3-methylheptane;Float32[3.8030474, 2.5569406, -5.4733224, 3.2965958]
2;n-butane;Float32[1.1452376, 1.2480942, -3.7534816, 1.4672586]
2;2,2,5,5-tetramethylhexane;Float32[4.44166, 3.2981968, -6.7023244, 4.462735]
2;tridecane;Float32[6.357455, 2.789035, -7.908476, 4.918051]
2;2,2,3-trimethylpentane;Float32[3.5699542, 2.9852421, -5.340853, 3.9524496]
2;decane;Float32[4.773846, 2.6166162, -6.971289, 3.9657898]
2;3-ethylpentane;Float32[2.8522878, 2.3742328, -6.1303744, 2.88405]
2;2,3-dimethyldodecane;Float32[6.717114, 3.7001584, -8.009962, 6.082034]
2;3-methylundecane;Float32[5.53553, 3.264436, -7.052609, 5.2092047]
2;2-methyldecane;Float32[5.5211396, 3.0157886, -6.8313746, 4.5915728]
2;3-methylpentane;Float32[2.5495253, 2.1323607, -5.298972, 2.3601139]
2;octane;Float32[3.7014287, 2.2984707, -5.614302, 3.2843616]
2;2-methyldodecane;Float32[6.35483, 3.3630204, -7.4422274, 5.291013]
2;2,6-dimethyloctane;Float32[4.860552, 2.918843, -6.620337, 4.2806277]
2;2,2,3,4-tetramethylpentane;Float32[3.9743912, 3.230255, -6.3007593, 4.3888745]
2;3,3-diethylpentane;Float32[3.7066681, 3.0046787, -6.767111, 4.265622]
2;2,3,4-trimethyl pentane;Float32[3.488005, 2.833572, -5.8713765, 3.7107728]
2;2-methylhexane;Float32[3.1740484, 2.3660107, -5.2842135, 2.8487153]
2;2,2,3-trimethylbutane;Float32[2.9322157, 2.7506883, -4.717047, 3.4682999]
2;3-methyl-3-ethylpentane;Float32[3.4176843, 2.8536258, -5.7258935, 3.822369]
2;pentadecane;Float32[7.630535, 3.0895436, -8.947207, 5.521496]
2;hexane;Float32[2.496317, 1.913823, -5.008572, 2.2130766]
2;2-methyloctane;Float32[4.456321, 2.5251136, -5.936669, 3.8422375]
2;octacosane;Float32[14.383708, 4.7245493, -17.394373, 9.482316]
2;2,2,4,4-tetramethylpentane;Float32[3.856158, 3.097935, -6.0728197, 4.1863294]
2;2-methyl-3-ethyl-pentane;Float32[3.5962155, 2.732838, -6.211354, 3.5523865]
2;2-methylpentane;Float32[2.5980573, 2.042336, -4.672508, 2.3288567]
2;2,3,3,4-tetramethylpentane;Float32[4.0063777, 3.239494, -6.4499497, 4.512507]
2;2,3-dimethyldecane;Float32[5.7769775, 3.4107006, -6.7728887, 5.336872]
2;ethane;Float32[0.0059066117, 0.6011172, -1.934163, 0.6592167]
2;2,3-dimethylpentane;Float32[3.09662, 2.5759518, -5.3474555, 3.2467396]
2;2,3-dimethylundecane;Float32[6.182392, 3.5776772, -7.470688, 5.739291]
2;pentane;Float32[1.8624793, 1.7128226, -4.272289, 1.7622788]
2;tetradecane;Float32[6.8850665, 2.9659762, -8.322202, 5.4227]
2;2-methylundecane;Float32[5.742998, 3.3168595, -7.0948367, 5.0714664]
2;squalane;Float32[13.832776, 5.153041, -14.198517, 11.196694]
2;2,2-dimethylbutane;Float32[2.5088043, 2.3432624, -4.2709203, 2.6522543]
2;2-methylpropane;Float32[1.2001897, 1.6070763, -3.3969977, 1.4727621]
2;2,3,3-trimethylpentane;Float32[3.5548918, 3.0502086, -5.300961, 4.0557966]
2;3-ethylhexane;Float32[3.7373922, 2.5304413, -6.2904334, 3.4334147]
2;2,2-dimethylhexane;Float32[3.719239, 2.8328662, -5.386477, 3.5698152]
2;2,2,4-trimethylpentane;Float32[3.525645, 2.8975852, -5.112822, 3.6836774]
2;2,4-dimethylhexane;Float32[3.7439158, 2.7332351, -6.0343404, 3.437567]
2;2,2,5-trimethylhexane;Float32[4.368601, 2.9252565, -5.9714303, 3.9505508]
2;3-methylhexane;Float32[3.1805692, 2.4636087, -5.623078, 3.0438344]
2;dodecane;Float32[5.917967, 2.7421405, -7.556664, 4.5422635]
2;eicosane;Float32[10.103458, 3.8700848, -10.865743, 7.1908145]
2;2,3-dimethylheptane;Float32[4.370838, 2.959452, -5.8159328, 4.055939]
2;2,7-dimethyloctane;Float32[4.8081365, 2.8931687, -7.353832, 4.18163]
2;4-methylheptane;Float32[3.7500155, 2.4724295, -5.8204913, 3.398347]
2;tetracosane;Float32[12.319939, 4.1612897, -13.970002, 8.330639]
2;methane;Float32[-0.117694825, 0.49189147, -1.1237007, 0.34685916]
2;3,3-dimethylpentane;Float32[2.9974184, 2.6462395, -4.861509, 3.3637383]
2;2,2,3,3-tetramethylpentane;Float32[4.0405874, 3.3328369, -6.0962977, 4.6249866]
2;2,2-dimethylpentane;Float32[3.0918655, 2.5293005, -4.90692, 3.099828]
2;2-methyltridecane;Float32[6.8814244, 3.2366946, -8.17821, 5.753]
2;2,3-dimethylbutane;Float32[2.4126272, 2.2951276, -4.8188996, 2.6000772]
2;2,3-dimethylhexane;Float32[3.7312171, 2.7332497, -5.743634, 3.612531]
2;2,3-dimethylnonane;Float32[4.938484, 3.4623313, -6.294934, 4.921349]
2;propane;Float32[0.6535672, 0.941599, -2.6795835, 0.8775696]
2;heptane;Float32[3.107364, 2.111716, -5.2256684, 2.8028905]
2;2,4-dimethylpentane;Float32[3.0291758, 2.427768, -5.582974, 2.9131894]
3;2,5-dimethylhexane;Float32[3.8796284, 2.2810714, -5.3111258, 5.2390876]
3;2-methylheptane;Float32[3.8581328, 2.0902116, -4.6404705, 5.2209377]
3;3-methyldecane;Float32[5.2109814, 2.95111, -5.3068647, 7.5507574]
3;hexadecane;Float32[7.964268, 2.643677, -7.171144, 9.483494]
3;3,3-dimethylhexane;Float32[3.9139502, 2.6791384, -4.5849648, 5.7916017]
3;3-methyltridecane;Float32[6.981871, 2.9690342, -6.422555, 9.236528]
3;2-methylbutane;Float32[2.0349367, 1.7056713, -3.8041751, 3.203497]
3;nonane;Float32[4.310942, 2.045953, -5.35034, 5.626453]
3;heptacosane;Float32[13.511924, 3.2939768, -13.539612, 14.923325]
3;2,2-dimethylpropane;Float32[1.9020808, 1.9343383, -3.212623, 3.2769556]
3;2,4,4-trimethylhexane;Float32[4.526883, 2.9726892, -4.776965, 6.5936184]
3;octadecane;Float32[8.911039, 2.7049778, -8.005517, 10.443407]
3;heptadecane;Float32[8.529484, 2.7982526, -7.4989085, 10.169223]
3;n-undecane;Float32[5.4384727, 2.3213832, -5.759819, 6.7535667]
3;nonadecane;Float32[9.480083, 2.7931194, -8.101588, 11.137189]
3;2,2,4,4,6,8,8-heptamethylnonane;Float32[8.087757, 3.4237306, -5.037435, 10.862371]
3;3-methyldodecane;Float32[6.2300935, 2.9237869, -5.9342995, 8.730365]
3;3,4-dimethylhexane;Float32[3.981415, 2.5644257, -5.022662, 5.5958877]
3;3-methylheptane;Float32[3.9818213, 2.3171518, -4.612339, 5.21496]
3;n-butane;Float32[1.1767967, 1.1066072, -3.449014, 2.302417]
3;2,2,5,5-tetramethylhexane;Float32[4.755723, 3.0553012, -5.451765, 6.962082]
3;tridecane;Float32[6.333737, 2.2274566, -6.3830056, 7.8655605]
3;2,2,3-trimethylpentane;Float32[3.8909051, 2.8133452, -4.402068, 6.033364]
3;decane;Float32[4.799681, 2.207861, -5.865567, 6.225884]
3;3-ethylpentane;Float32[3.0043406, 2.1709816, -5.4979806, 4.480972]
3;2,3-dimethyldodecane;Float32[6.9208302, 3.2256324, -6.1464834, 9.568674]
3;3-methylundecane;Float32[5.69626, 2.8475876, -5.537586, 8.122464]
3;2-methyldecane;Float32[5.6536813, 2.6095989, -5.500952, 7.2329445]
3;3-methylpentane;Float32[2.7083209, 1.9721103, -4.771828, 3.7641616]
3;octane;Float32[3.7364423, 1.9760829, -4.796252, 5.0848618]
3;2-methyldodecane;Float32[6.4480157, 2.845674, -5.8127995, 8.410456]
3;2,6-dimethyloctane;Float32[5.0492067, 2.574429, -5.4279985, 6.726445]
3;2,2,3,4-tetramethylpentane;Float32[4.337248, 3.0701272, -5.1668673, 6.7041235]
3;3,3-diethylpentane;Float32[3.9483664, 2.7384398, -5.7315474, 6.4732103]
3;2,3,4-trimethyl pentane;Float32[3.7720768, 2.6665475, -5.0126076, 5.6712937]
3;2-methylhexane;Float32[3.314209, 2.132643, -4.6064396, 4.4975305]
3;2,2,3-trimethylbutane;Float32[3.221893, 2.5991142, -3.9490309, 5.2845497]
3;3-methyl-3-ethylpentane;Float32[3.6660233, 2.63048, -4.861267, 5.817848]
3;pentadecane;Float32[7.570623, 2.42644, -7.183967, 8.894236]
3;hexane;Float32[2.5381901, 1.6877736, -4.4830594, 3.5308592]
3;2-methyloctane;Float32[4.585631, 2.1911418, -4.92209, 5.9963293]
3;octacosane;Float32[14.08396, 3.4410048, -14.285228, 15.486571]
3;2,2,4,4-tetramethylpentane;Float32[4.171827, 2.8832586, -4.947206, 6.464961]
3;2-methyl-3-ethyl-pentane;Float32[3.848496, 2.536478, -5.355463, 5.4871445]
3;2-methylpentane;Float32[2.733529, 1.85379, -4.1527104, 3.7274032]
3;2,3,3,4-tetramethylpentane;Float32[4.394666, 3.1034267, -5.2846394, 6.8509016]
3;2,3-dimethyldecane;Float32[6.0332246, 3.0561533, -5.2048473, 8.33964]
3;ethane;Float32[0.0070357844, 0.52728206, -1.7736477, 1.0494437]
3;2,3-dimethylpentane;Float32[3.3543227, 2.4345076, -4.644437, 4.959281]
3;2,3-dimethylundecane;Float32[6.4120493, 3.1616426, -5.748518, 8.990192]
3;pentane;Float32[1.9001136, 1.5281715, -3.867945, 2.8413866]
3;tetradecane;Float32[6.843387, 2.3527753, -6.677451, 8.583483]
3;2-methylundecane;Float32[5.8540606, 2.851739, -5.615391, 7.9533644]
3;squalane;Float32[13.542042, 3.6516435, -10.304535, 18.214718]
3;2,2-dimethylbutane;Float32[2.7272818, 2.1936946, -3.7447398, 4.1462045]
3;2-methylpropane;Float32[1.270261, 1.470473, -3.1037169, 2.3490157]
3;2,3,3-trimethylpentane;Float32[3.896887, 2.8903615, -4.337619, 6.1591825]
3;3-ethylhexane;Float32[3.922722, 2.307247, -5.478217, 5.309922]
3;2,2-dimethylhexane;Float32[3.958772, 2.6086476, -4.5371656, 5.554547]
3;2,2,4-trimethylpentane;Float32[3.8100972, 2.700796, -4.228903, 5.6916356]
3;2,4-dimethylhexane;Float32[3.9955504, 2.54752, -5.1922207, 5.3668165]
3;2,2,5-trimethylhexane;Float32[4.6589484, 2.6941926, -4.9380255, 6.202772]
3;3-methylhexane;Float32[3.3620007, 2.2749903, -4.9487247, 4.703071]
3;dodecane;Float32[5.9078145, 2.225877, -6.1630287, 7.2659144]
3;eicosane;Float32[9.946423, 2.9663649, -8.573541, 11.579724]
3;2,3-dimethylheptane;Float32[4.628056, 2.721522, -4.7509003, 6.2883625]
3;2,7-dimethyloctane;Float32[4.9686275, 2.534524, -6.2142763, 6.571667]
3;4-methylheptane;Float32[3.9050848, 2.2101865, -4.988323, 5.2871065]
3;tetracosane;Float32[12.085649, 3.0649223, -11.257474, 13.526283]
3;methane;Float32[-0.118925996, 0.45655006, -1.0395548, 0.5452547]
3;3,3-dimethylpentane;Float32[3.2579284, 2.4771066, -4.1535482, 5.1367455]
3;2,2,3,3-tetramethylpentane;Float32[4.4652553, 3.216676, -4.8365393, 7.025487]
3;2,2-dimethylpentane;Float32[3.324472, 2.3453367, -4.22917, 4.835332]
3;2-methyltridecane;Float32[6.963631, 2.6746542, -6.424098, 9.092993]
3;2,3-dimethylbutane;Float32[2.612672, 2.1545393, -4.286399, 4.035052]
3;2,3-dimethylhexane;Float32[4.0057464, 2.5593376, -4.8617773, 5.5840864]
3;2,3-dimethylnonane;Float32[5.191544, 3.138044, -4.8942194, 7.667815]
3;propane;Float32[0.67286354, 0.8313961, -2.4546235, 1.4906682]
3;heptane;Float32[3.1438067, 1.8334492, -4.5548706, 4.3669276]
3;2,4-dimethylpentane;Float32[3.2186534, 2.2329192, -4.930852, 4.561004]
4;2,5-dimethylhexane;Float32[4.2641554, 2.2769706, -3.0002487, 5.7978325]
4;2-methylheptane;Float32[4.1872253, 2.0414097, -2.3143384, 5.739932]
4;3-methyldecane;Float32[5.659192, 2.9164898, -1.9810789, 8.232882]
4;hexadecane;Float32[8.314891, 2.4209666, -2.6224377, 9.981562]
4;3,3-dimethylhexane;Float32[4.405813, 2.7453403, -2.111613, 6.443777]
4;3-methyltridecane;Float32[7.4691815, 2.8817744, -2.1757615, 9.952827]
4;2-methylbutane;Float32[2.2849607, 1.7135113, -2.4231617, 3.5349708]
4;nonane;Float32[4.576994, 1.949947, -2.8099194, 6.0670233]
4;heptacosane;Float32[13.972821, 2.8819675, -6.126875, 15.389983]
4;2,2-dimethylpropane;Float32[2.181173, 1.9519149, -1.8086189, 3.6500423]
4;2,4,4-trimethylhexane;Float32[5.10514, 3.0671277, -1.9156682, 7.3612604]
4;octadecane;Float32[9.281399, 2.4476633, -2.9358323, 10.939398]
4;heptadecane;Float32[8.890871, 2.558569, -2.6909163, 10.670717]
4;n-undecane;Float32[5.734679, 2.1891146, -2.61752, 7.2408056]
4;nonadecane;Float32[9.862202, 2.5189965, -2.769625, 11.634795]
4;2,2,4,4,6,8,8-heptamethylnonane;Float32[8.888727, 3.3504794, 0.05994683, 11.979992]
4;3-methyldodecane;Float32[6.703522, 2.8506026, -1.9925067, 9.450029]
4;3,4-dimethylhexane;Float32[4.4411554, 2.6233797, -2.615523, 6.210268]
4;3-methylheptane;Float32[4.3583612, 2.3195472, -2.2508514, 5.758281]
4;n-butane;Float32[1.3057241, 1.0777001, -2.4054422, 2.4906387]
4;2,2,5,5-tetramethylhexane;Float32[5.326338, 3.1263604, -2.3219388, 7.724818]
4;tridecane;Float32[6.6556783, 2.0613294, -2.6594965, 8.367674]
4;2,2,3-trimethylpentane;Float32[4.424055, 2.9040782, -1.8523762, 6.7392282]
4;decane;Float32[5.0837073, 2.0971944, -3.0338237, 6.695898]
4;3-ethylpentane;Float32[3.3248768, 2.1725423, -3.5648553, 4.9305124]
4;2,3-dimethyldodecane;Float32[7.49015, 3.188871, -1.7893336, 10.414955]
4;3-methylundecane;Float32[6.1605325, 2.7966359, -1.8951762, 8.829715]
4;2-methyldecane;Float32[6.066218, 2.5400565, -2.214296, 7.8855977]
4;3-methylpentane;Float32[3.0113842, 1.9900177, -3.083457, 4.1739807]
4;octane;Float32[3.9767375, 1.8913574, -2.5645883, 5.4878645]
4;2-methyldodecane;Float32[6.8818865, 2.7339697, -1.9097946, 9.088485]
4;2,6-dimethyloctane;Float32[5.498002, 2.5460641, -2.3948042, 7.4189115]
4;2,2,3,4-tetramethylpentane;Float32[4.9312253, 3.196204, -2.289136, 7.4729133]
4;3,3-diethylpentane;Float32[4.426003, 2.7583616, -2.9960022, 7.1505747]
4;2,3,4-trimethyl pentane;Float32[4.253458, 2.7440584, -2.61672, 6.308399]
4;2-methylhexane;Float32[3.6299834, 2.1133246, -2.603412, 4.9630127]
4;2,2,3-trimethylbutane;Float32[3.6968746, 2.678068, -1.7583475, 5.915865]
4;3-methyl-3-ethylpentane;Float32[4.125636, 2.6653118, -2.4245107, 6.4561024]
4;pentadecane;Float32[7.9139023, 2.2215707, -2.9089267, 9.398161]
4;hexane;Float32[2.7299275, 1.6354926, -2.8690674, 3.8397715]
4;2-methyloctane;Float32[4.9459047, 2.1360347, -2.2662082, 6.567762]
4;octacosane;Float32[14.560164, 3.0137944, -6.6137123, 15.965771]
4;2,2,4,4-tetramethylpentane;Float32[4.7160325, 2.9539196, -2.1050084, 7.1927013]
4;2-methyl-3-ethyl-pentane;Float32[4.297352, 2.5841389, -2.9742386, 6.0934]
4;2-methylpentane;Float32[3.0172539, 1.8471711, -2.4748106, 4.1291447]
4;2,3,3,4-tetramethylpentane;Float32[5.014903, 3.2548134, -2.3704016, 7.6391177]
4;2,3-dimethyldecane;Float32[6.5900955, 3.0678918, -1.4687855, 9.168529]
4;ethane;Float32[0.056593478, 0.5081998, -1.2656949, 1.1215868]
4;2,3-dimethylpentane;Float32[3.7801101, 2.5046074, -2.5694072, 5.5094967]
4;2,3-dimethylundecane;Float32[6.9750414, 3.1480818, -1.6931026, 9.834024]
4;pentane;Float32[2.0616388, 1.4871083, -2.5436141, 3.0925903]
4;tetradecane;Float32[7.176114, 2.1670945, -2.6782258, 9.087446]
4;2-methylundecane;Float32[6.275968, 2.758525, -2.0212271, 8.626886]
4;squalane;Float32[14.181595, 3.1874669, -1.3113177, 18.74648]
4;2,2-dimethylbutane;Float32[3.0997849, 2.236269, -1.9814279, 4.633045]
4;2-methylpropane;Float32[1.438091, 1.4522578, -2.0487747, 2.5820985]
4;2,3,3-trimethylpentane;Float32[4.451088, 2.9948084, -1.7540505, 6.884155]
4;3-ethylhexane;Float32[4.3024807, 2.3209589, -3.1793153, 5.8439226]
4;2,2-dimethylhexane;Float32[4.404807, 2.6382113, -2.115012, 6.1675467]
4;2,2,4-trimethylpentane;Float32[4.2989664, 2.7587745, -1.7707303, 6.3513346]
4;2,4-dimethylhexane;Float32[4.4399395, 2.6018, -2.8231933, 5.9613576]
4;2,2,5-trimethylhexane;Float32[5.1818843, 2.748937, -2.1623774, 6.9217963]
4;3-methylhexane;Float32[3.7125673, 2.2950423, -2.9378862, 5.186113]
4;dodecane;Float32[6.2156563, 2.0739179, -2.7295744, 7.762233]
4;eicosane;Float32[10.33748, 2.6746185, -2.9802697, 12.070828]
4;2,3-dimethylheptane;Float32[5.1101303, 2.7612112, -1.9890411, 6.972601]
4;2,7-dimethyloctane;Float32[5.3857946, 2.4857447, -3.2622426, 7.2418947]
4;4-methylheptane;Float32[4.261693, 2.1924095, -2.6656005, 5.8121824]
4;tetracosane;Float32[12.514314, 2.7033806, -4.619566, 13.996849]
4;methane;Float32[-0.09651238, 0.44759682, -0.78234315, 0.5799569]
4;3,3-dimethylpentane;Float32[3.7006655, 2.5343878, -2.023715, 5.7215004]
4;2,2,3,3-tetramethylpentane;Float32[5.122659, 3.3917673, -1.8105247, 7.841895]
4;2,2-dimethylpentane;Float32[3.7373118, 2.384234, -2.1437433, 5.3873444]
4;2-methyltridecane;Float32[7.4126687, 2.5513084, -2.2365782, 9.771082]
4;2,3-dimethylbutane;Float32[2.9579647, 2.1956685, -2.5792494, 4.4874835]
4;2,3-dimethylhexane;Float32[4.4738293, 2.627715, -2.4397523, 6.209963]
4;2,3-dimethylnonane;Float32[5.721015, 3.1522186, -1.4819953, 8.452517]
4;propane;Float32[0.7656229, 0.8059258, -1.6779999, 1.6227189]
4;heptane;Float32[3.3585808, 1.7618556, -2.6313066, 4.725454]
4;2,4-dimethylpentane;Float32[3.5791385, 2.2495663, -2.945034, 5.059905]
5;2,5-dimethylhexane;Float32[4.759836, 2.3690956, -0.04010774, 4.8685484]
5;2-methylheptane;Float32[4.6219625, 2.0874236, 0.6652012, 4.763044]
5;3-methyldecane;Float32[6.2090793, 2.953759, 2.2029824, 6.7963076]
5;hexadecane;Float32[8.85621, 2.377111, 3.029593, 7.7240024]
5;3,3-dimethylhexane;Float32[5.029617, 2.920121, 1.071866, 5.4557767]
5;3-methyltridecane;Float32[8.095548, 2.9020078, 3.1389422, 8.0340605]
5;2-methylbutane;Float32[2.6056166, 1.7808594, -0.59810495, 2.939548]
5;nonane;Float32[4.947351, 1.9481202, 0.40181637, 4.901777]
5;heptacosane;Float32[14.768053, 2.780164, 3.0637412, 11.497778]
5;2,2-dimethylpropane;Float32[2.5385256, 2.0315878, 0.08084415, 3.0490663]
5;2,4,4-trimethylhexane;Float32[5.849603, 3.3003209, 1.716753, 6.2444243]
5;octadecane;Float32[9.868979, 2.393165, 3.3565516, 8.383041]
5;heptadecane;Float32[9.456207, 2.5096247, 3.2794223, 8.266199]
5;n-undecane;Float32[6.158688, 2.1748772, 1.3242631, 5.7644987]
5;nonadecane;Float32[10.4749365, 2.4598203, 3.8490062, 8.929904]
5;2,2,4,4,6,8,8-heptamethylnonane;Float32[9.783205, 3.2856114, 6.320584, 10.153243]
5;3-methyldodecane;Float32[7.304305, 2.8753424, 2.948357, 7.6967583]
5;3,4-dimethylhexane;Float32[5.0232763, 2.7836492, 0.4546342, 5.250515]
5;3-methylheptane;Float32[4.8342366, 2.4039977, 0.76957655, 4.7868533]
5;n-butane;Float32[1.4848734, 1.091924, -1.0462756, 2.0044053]
5;2,2,5,5-tetramethylhexane;Float32[5.973963, 3.2221692, 1.6191258, 6.517013]
5;tridecane;Float32[7.129814, 2.035386, 1.9857736, 6.57269]
5;2,2,3-trimethylpentane;Float32[5.118335, 3.1238115, 1.4140949, 5.7148843]
5;decane;Float32[5.482932, 2.0913393, 0.53213453, 5.383307]
5;3-ethylpentane;Float32[3.7390566, 2.2547271, -1.0618365, 4.1084986]
5;2,3-dimethyldodecane;Float32[8.212255, 3.2672873, 3.6660333, 8.522211]
5;3-methylundecane;Float32[6.738279, 2.8291948, 2.677185, 7.234987]
5;2-methyldecane;Float32[6.5970078, 2.5683942, 1.9191995, 6.460988]
5;3-methylpentane;Float32[3.3953786, 2.0744212, -0.87568164, 3.4593275]
5;octane;Float32[4.3140707, 1.8948197, 0.27374744, 4.470332]
5;2-methyldodecane;Float32[7.459056, 2.7448115, 2.982409, 7.339043]
5;2,6-dimethyloctane;Float32[6.0709834, 2.621455, 1.4398112, 6.199076]
5;2,2,3,4-tetramethylpentane;Float32[5.6994467, 3.4609983, 1.3529258, 6.339465]
5;3,3-diethylpentane;Float32[5.0618944, 2.9107254, 0.4743538, 6.018576]
5;2,3,4-trimethyl pentane;Float32[4.869687, 2.929477, 0.44811296, 5.355161]
5;2-methylhexane;Float32[4.0420656, 2.1801534, -0.007018339, 4.1266274]
5;2,2,3-trimethylbutane;Float32[4.3132515, 2.8681986, 1.0900884, 5.02423]
5;3-methyl-3-ethylpentane;Float32[4.7290754, 2.8199599, 0.70638037, 5.4475245]
5;pentadecane;Float32[8.433694, 2.1830504, 2.4090915, 7.2969685]
5;hexane;Float32[2.996123, 1.6492883, -0.78473496, 3.105549]
5;2-methyloctane;Float32[5.414915, 2.1762462, 1.1105809, 5.4546733]
5;octacosane;Float32[15.384339, 2.9091637, 2.8992858, 11.932246]
5;2,2,4,4-tetramethylpentane;Float32[5.3293047, 3.046871, 1.4451733, 6.1550326]
5;2-methyl-3-ethyl-pentane;Float32[4.8688073, 2.735225, 0.061875332, 5.1503158]
5;2-methylpentane;Float32[3.386818, 1.9164491, -0.28150678, 3.4167354]
5;2,3,3,4-tetramethylpentane;Float32[5.7869463, 3.503555, 1.3119969, 6.5293508]
5;2,3-dimethyldecane;Float32[7.2668304, 3.160175, 3.213439, 7.6175375]
5;ethane;Float32[0.12978461, 0.51001364, -0.61666775, 0.8765072]
5;2,3-dimethylpentane;Float32[4.313174, 2.6607385, 0.11288284, 4.677271]
5;2,3-dimethylundecane;Float32[7.6754193, 3.2345629, 3.3875327, 8.111189]
5;pentane;Float32[2.2864664, 1.5016018, -0.8228513, 2.4809184]
5;tetradecane;Float32[7.6735272, 2.1354394, 2.3030343, 7.1383286]
5;2-methylundecane;Float32[6.8316298, 2.779974, 2.4951859, 7.0427904]
5;squalane;Float32[15.2667055, 3.1365225, 9.7772665, 14.088469]
5;2,2-dimethylbutane;Float32[3.5735888, 2.3617482, 0.35533142, 3.8952425]
5;2-methylpropane;Float32[1.6628286, 1.4843532, -0.6517936, 2.1071792]
5;2,3,3-trimethylpentane;Float32[5.179782, 3.2402747, 1.5472798, 5.81016]
5;3-ethylhexane;Float32[4.787457, 2.4258273, -0.23201753, 4.8977494]
5;2,2-dimethylhexane;Float32[4.9664845, 2.759413, 1.0019479, 5.1886454]
5;2,2,4-trimethylpentane;Float32[4.92444, 2.9261816, 1.370193, 5.38738]
5;2,4-dimethylhexane;Float32[4.996452, 2.7479417, 0.20819663, 5.0279455]
5;2,2,5-trimethylhexane;Float32[5.835785, 2.9001224, 1.37428, 5.828135]
5;3-methylhexane;Float32[4.153654, 2.389647, -0.32424283, 4.3549285]
5;dodecane;Float32[6.66526, 2.054311, 1.5635443, 6.1259375]
5;eicosane;Float32[10.972351, 2.6099153, 3.960096, 9.2142315]
5;2,3-dimethylheptane;Float32[5.719767, 2.9049957, 1.5090432, 5.8695326]
5;2,7-dimethyloctane;Float32[5.93132, 2.549237, 0.47481203, 6.041532]
5;4-methylheptane;Float32[4.726826, 2.2721555, 0.30603218, 4.8484826]
5;tetracosane;Float32[13.238913, 2.6167362, 3.60745, 10.542613]
5;methane;Float32[-0.06440494, 0.44620448, -0.45679566, 0.45556647]
5;3,3-dimethylpentane;Float32[4.267296, 2.6952505, 0.7587714, 4.850468]
5;2,2,3,3-tetramethylpentane;Float32[5.860403, 3.5655515, 1.9942126, 6.7612834]
5;2,2-dimethylpentane;Float32[4.258647, 2.5100083, 0.5801778, 4.5381703]
5;2-methyltridecane;Float32[8.014672, 2.556263, 3.004291, 7.8612113]
5;2,3-dimethylbutane;Float32[3.3963082, 2.314938, -0.3389256, 3.782757]
5;2,3-dimethylhexane;Float32[5.0580935, 2.7876542, 0.65001106, 5.253383]
5;2,3-dimethylnonane;Float32[6.370635, 3.2535787, 2.811007, 7.0653157]
5;propane;Float32[0.89674675, 0.81389284, -0.6698773, 1.2578504]
5;heptane;Float32[3.6592007, 1.7676976, -0.16847469, 3.849714]
5;2,4-dimethylpentane;Float32[4.040974, 2.3532228, -0.36621785, 4.2589965]
