1;tridecane;184.219;2.5560463662104818;3.533281799405813;6.0;11.667180813848972;253.32820788025856
1;hexadecane;226.266;2.5559284517608534;3.5331583954393864;6.0;11.668414890766144;253.31586711108685
1;pentadecane;212.25;2.555963757974054;3.5331953428685665;6.0;11.668045341968536;253.3195622265339
1;dodecane;170.203;2.5560991677577345;3.5333370603621006;6.0;11.666628204286098;253.3337339758873
1;hexane;86.11;2.5585412324940155;3.5358925573527813;6.0;11.641073122620583;253.58928591012955
1;eicosane;282.329;2.555803640476508;3.533027768135071;6.0;11.6697211638093;253.3028043806553
1;nonane;128.157;2.5565920386215244;3.5338528715074062;6.0;11.66147005558014;253.38531509041786
1;heptacosane;380.438;2.5556366202269603;3.5328529626131058;6.0;11.671469181776047;253.2853238284588
1;tetracosane;338.391;2.555699257854836;3.532918520271778;6.0;11.670813605189323;253.29187959432602
1;octacosane;394.454;2.5556187950159304;3.532834306359291;6.0;11.671655744314194;253.28345820307732
1;methane;16.031;2.5546318947942988;3.5318013578653336;6.0;11.681985266506672;253.1801626086235
1;decane;142.172;2.5564606271988137;3.533715348690748;6.0;11.662845320999622;253.37156280875206
1;octadecane;254.297;2.5558635276433694;3.533090442419052;6.0;11.669094383716583;253.30907180905342
1;heptadecane;240.282;2.555895249290292;3.5331236459314823;6.0;11.668762348592281;253.31239253282547
1;octane;114.141;2.556942443712755;3.5342195741832256;6.0;11.657803028821945;253.42198610305786
1;n-undecane;156.188;2.556165463717873;3.5334064476191998;6.0;11.665934331715107;253.3406727015972
1;ethane;30.047;2.556807009060874;3.5340778417885303;6.0;11.659220352768898;253.40781211853027
1;nonadecane;268.313;2.555833002053726;3.533058498054743;6.0;11.669413827359676;253.30587774515152
1;pentane;72.094;2.556522333448605;3.5337799228727818;6.0;11.662199541926384;253.3780202269554
1;propane;44.063;2.558466138667348;3.5358139872550964;6.0;11.641858860850334;253.58142852783203
1;heptane;100.125;2.556630600563214;3.5338932275772095;6.0;11.661066494882107;253.38935106992722
1;tetradecane;198.235;2.5560023283383053;3.5332357101142406;6.0;11.667641706764698;253.3235989511013
1;n-butane;58.078;2.5574063219197773;3.5347050055861473;6.0;11.652948714792728;253.47052961587906
2;tridecane;184.219;2.58563625037464;3.564161516726017;6.0;11.357489794492722;256.4201392233372
2;hexadecane;226.266;2.585332938206285;3.5638449043035507;6.0;11.360655173659325;256.3884787261486
2;pentadecane;212.25;2.5854376079386405;3.563954159617424;6.0;11.359562769532204;256.399405002594
2;dodecane;170.203;2.5857278601855223;3.564257152378559;6.0;11.356533885002136;256.42970129847527
2;hexane;86.11;2.5874013638270643;3.5660024732351303;6.0;11.339054450392723;256.60434514284134
2;eicosane;282.329;2.5849109570445155;3.5634044483304024;6.0;11.365059733390808;256.34443163871765
2;nonane;128.157;2.5866578833838387;3.565226763486862;6.0;11.34681512415409;256.52675330638885
2;heptacosane;380.438;2.584290733044917;3.5627570673823357;6.0;11.371534064412117;256.2796875834465
2;tetracosane;338.391;2.5845297027855203;3.56300650537014;6.0;11.369039535522461;256.3046336174011
2;octacosane;394.454;2.584220788845192;3.562684051692486;6.0;11.372264221310616;256.27238526940346
2;methane;16.031;2.5815422677587296;3.5598915852606297;6.0;11.400268830358982;255.9928011149168
2;decane;142.172;2.5863051530887766;3.564859166741371;6.0;11.350503087043762;256.4899481832981
2;octadecane;254.297;2.585120546683801;3.5636232048273087;6.0;11.362872019410133;256.3663087785244
2;heptadecane;240.282;2.5852266991241826;3.5637340024113655;6.0;11.36176411807537;256.37738928198814
2;octane;114.141;2.586627372768765;3.56519528478384;6.0;11.347138106822968;256.5235763788223
2;n-undecane;156.188;2.5858117900931274;3.56434478610754;6.0;11.355658143758774;256.4384624361992
2;ethane;30.047;2.5849405566009382;3.5634366646409035;6.0;11.364764839410782;256.34754225611687
2;nonadecane;268.313;2.585014823489601;3.563512861728668;6.0;11.363975524902344;256.3552737236023
2;pentane;72.094;2.5850743658269293;3.563576675951481;6.0;11.363372176885605;256.36151656508446
2;propane;44.063;2.586683839600525;3.565254807472229;6.0;11.346554726362228;256.5294787287712
2;heptane;100.125;2.5852258854182875;3.5637335255742073;6.0;11.361777231097221;256.3773103058338
2;tetradecane;198.235;2.585538873820312;3.5640598610043526;6.0;11.35850590467453;256.40997514128685
2;n-butane;58.078;2.585999688821032;3.5645403042435646;6.0;11.353690817952156;256.4580649137497
3;tridecane;184.219;2.615460509483297;3.594989761710167;6.0;11.044059589505196;259.5251314342022
3;hexadecane;226.266;2.6152390222591033;3.594759464263916;6.0;11.046368226408958;259.5020763576031
3;pentadecane;212.25;2.6152985173482612;3.5948213189840317;6.0;11.04574804008007;259.5082685351372
3;dodecane;170.203;2.6155674296260565;3.5951009541749954;6.0;11.042945429682732;259.5362611114979
3;hexane;86.11;2.616294677564701;3.5958573818206787;6.0;11.03536856174469;259.6119664609432
3;eicosane;282.329;2.6150962180600277;3.5946109890937805;6.0;11.047856852412224;259.48721021413803
3;nonane;128.157;2.61535827750323;3.594883680343628;6.0;11.045127406716347;259.51449275016785
3;heptacosane;380.438;2.615017403112361;3.5945290476083755;6.0;11.048678502440453;259.4790056347847
3;tetracosane;338.391;2.6150375254200733;3.5945499688386917;6.0;11.048468694090843;259.4810999929905
3;octacosane;394.454;2.615013080970959;3.594524562358856;6.0;11.048723503947258;259.4785548746586
3;methane;16.031;2.6112288368035053;3.5906075835227966;6.0;11.088367521762848;259.08485874533653
3;decane;142.172;2.615726498425876;3.5952664017677307;6.0;11.04128797352314;259.5528207719326
3;octadecane;254.297;2.615152148789016;3.59466914832592;6.0;11.047273769974709;259.4930328428745
3;heptadecane;240.282;2.615190905443211;3.5947094410657883;6.0;11.046869799494743;259.4970665872097
3;octane;114.141;2.616003256476291;3.5955541878938675;6.0;11.038403928279877;259.58162918686867
3;n-undecane;156.188;2.6156942093235145;3.5952328145504;6.0;11.041624292731285;259.54945981502533
3;ethane;30.047;2.615609493775124;3.5951520800590515;6.0;11.04258407652378;259.54075902700424
3;nonadecane;268.313;2.6151210920320525;3.594636857509613;6.0;11.047597646713257;259.48979929089546
3;pentane;72.094;2.6166854780329083;3.5962675362825394;6.0;11.031335934996605;259.6527047455311
3;propane;44.063;2.616444108632827;3.5960158705711365;6.0;11.033843576908112;259.6275709569454
3;heptane;100.125;2.616179599716549;3.595738559961319;6.0;11.036576971411705;259.6000015735626
3;tetradecane;198.235;2.6153716092603405;3.5948973298072815;6.0;11.044986143708229;259.5158778131008
3;n-butane;58.078;2.6161573858094638;3.595716342329979;6.0;11.036817476153374;259.59770306944847
4;tridecane;184.219;2.6431908645351623;3.6232242733240128;6.0;10.749675899744034;262.39971816539764
4;hexadecane;226.266;2.6431178608353596;3.623148761689663;6.0;10.750437423586845;262.39213943481445
4;pentadecane;212.25;2.6431339332323986;3.623165398836136;6.0;10.750269636511803;262.39380836486816
4;dodecane;170.203;2.643239763403618;3.623274862766266;6.0;10.749165683984756;262.4047949910164
4;hexane;86.11;2.64394876765152;3.6240084916353226;6.0;10.741772621870041;262.47840374708176
4;eicosane;282.329;2.643089926038642;3.6231198757886887;6.0;10.750728890299797;262.38923966884613
4;nonane;128.157;2.6432166407709206;3.6232509315013885;6.0;10.749406933784485;262.40239441394806
4;heptacosane;380.438;2.6430821372974016;3.623111829161644;6.0;10.75081017613411;262.3884305357933
4;tetracosane;338.391;2.643083442592566;3.6231131702661514;6.0;10.750796616077423;262.38856613636017
4;octacosane;394.454;2.6430819364827722;3.6231116205453873;6.0;10.750812262296677;262.38840967416763
4;methane;16.031;2.6394405577780695;3.619379810988903;6.0;10.789155781269073;262.0108738541603
4;decane;142.172;2.6433472009948207;3.6233860328793526;6.0;10.748045563697815;262.41594851017
4;octadecane;254.297;2.64309899856546;3.62312925606966;6.0;10.75063419342041;262.3901814222336
4;heptadecane;240.282;2.643106722769221;3.62313724309206;6.0;10.750553727149963;262.3909831047058
4;octane;114.141;2.6436028888536205;3.6236504688858986;6.0;10.745377957820892;262.4424919486046
4;n-undecane;156.188;2.643311089528198;3.6233486384153366;6.0;10.74842181801796;262.4121993780136
4;ethane;30.047;2.6444355770800385;3.6245224326848984;6.0;10.736798614263535;262.5291019678116
4;nonadecane;268.313;2.6430936411120913;3.623123712837696;6.0;10.750690147280693;262.38962560892105
4;pentane;72.094;2.6449667554498673;3.625064790248871;6.0;10.731188178062439;262.5841289758682
4;propane;44.063;2.644645753372134;3.624733380973339;6.0;10.734542727470398;262.5508174300194
4;heptane;100.125;2.6439718342186413;3.624032638967037;6.0;10.741534501314163;262.48080134391785
4;tetradecane;198.235;2.6431571991563914;3.6231894493103027;6.0;10.750027045607567;262.39622235298157
4;n-butane;58.078;2.6444519021653203;3.624530464410782;6.0;10.73653993010521;262.5306561589241
5;tridecane;184.219;2.669130281008944;3.649249106645584;6.0;10.471297472715378;265.07786959409714
5;hexadecane;226.266;2.669072504927759;3.6491897851228714;6.0;10.471902161836624;265.0718882679939
5;pentadecane;212.25;2.6690832552844563;3.649200811982155;6.0;10.47178965806961;265.0730013847351
5;dodecane;170.203;2.6691773931296554;3.6492974758148193;6.0;10.47080409526825;265.0827467441559
5;hexane;86.11;2.6697361829313415;3.6498722285032272;6.0;10.46496433019638;265.14061093330383
5;eicosane;282.329;2.6690583915044774;3.6491752713918686;6.0;10.472049981355667;265.0704264640808
5;nonane;128.157;2.669157257636474;3.6492767930030823;6.0;10.471014946699142;265.08066207170486
5;heptacosane;380.438;2.669056264431772;3.6491730958223343;6.0;10.472072184085846;265.07020741701126
5;tetracosane;338.391;2.6690564943855613;3.6491733342409134;6.0;10.472069799900055;265.07023125886917
5;octacosane;394.454;2.669056235687548;3.649173066020012;6.0;10.47207248210907;265.070204436779
5;methane;16.031;2.664400730681778;3.644439786672592;6.0;10.521292060613632;264.58889991045
5;decane;142.172;2.6692372680130134;3.649359092116356;6.0;10.470178544521332;265.08894711732864
5;octadecane;254.297;2.6690621569988675;3.649179145693779;6.0;10.472010642290115;265.07081538438797
5;heptadecane;240.282;2.669066037471278;3.649183139204979;6.0;10.471969962120056;265.0712192058563
5;octane;114.141;2.6694645535169625;3.649592623114586;6.0;10.46780076622963;265.1124805212021
5;n-undecane;156.188;2.669251079803442;3.6493731439113617;6.0;10.470032811164856;265.090374648571
5;ethane;30.047;2.6703036484917493;3.650469556450844;6.0;10.459168374538422;265.1995837688446
5;nonadecane;268.313;2.6690597999717225;3.6491767168045044;6.0;10.472035229206085;265.07057398557663
5;pentane;72.094;2.670562056466827;3.6507248133420944;6.0;10.456364274024963;265.22617787122726
5;propane;44.063;2.670367696646265;3.650526687502861;6.0;10.458413481712341;265.206079185009
5;heptane;100.125;2.6697432687387135;3.6498795598745346;6.0;10.46489042043686;265.1413455605507
5;tetradecane;198.235;2.6691010623779707;3.6492190957069397;6.0;10.471603244543076;265.0748446583748
5;n-butane;58.078;2.6701880434852976;3.6503385454416275;6.0;10.46025675535202;265.1874244213104
6;tridecane;184.219;2.692096419785247;3.671967640519142;6.0;10.222004175186157;267.44026243686676
6;hexadecane;226.266;2.6919678790405452;3.671836867928505;6.0;10.22335809469223;267.42699295282364
6;pentadecane;212.25;2.692013700969368;3.6718835085630417;6.0;10.222875595092773;267.4317240715027
6;dodecane;170.203;2.692123138670026;3.671994760632515;6.0;10.221722394227982;267.44302064180374
6;hexane;86.11;2.6923492578760735;3.6722266376018524;6.0;10.219358921051025;267.46639013290405
6;eicosane;282.329;2.6918339410778214;3.6717005223035812;6.0;10.224768042564392;267.41316318511963
6;nonane;128.157;2.6920256351371363;3.6718957275152206;6.0;10.222751021385193;267.43295788764954
6;heptacosane;380.438;2.691771982240073;3.6716374307870865;6.0;10.225420117378235;267.40676760673523
6;tetracosane;338.391;2.691784117743985;3.671649783849716;6.0;10.225292563438416;267.4080193042755
6;octacosane;394.454;2.6917699668548973;3.6716353744268417;6.0;10.22544127702713;267.4065589904785
6;methane;16.031;2.6851217491332173;3.6649157255887985;6.0;10.29593911767006;266.7207717895508
6;decane;142.172;2.6921306821573423;3.6720027029514313;6.0;10.221645653247833;267.4438029527664
6;octadecane;254.297;2.691888212864915;3.671755775809288;6.0;10.22419673204422;267.41876751184464
6;heptadecane;240.282;2.6919252099311723;3.671793445944786;6.0;10.223807513713837;267.4225866794586
6;octane;114.141;2.6922169142903813;3.672090768814087;6.0;10.220740407705307;267.4527108669281
6;n-undecane;156.188;2.6921369300105473;3.672008737921715;6.0;10.221576660871506;267.44444370269775
6;ethane;30.047;2.6926139487333347;3.672515347599983;6.0;10.216763287782669;267.49401688575745
6;nonadecane;268.313;2.691857881100584;3.6717249006032944;6.0;10.224516063928604;267.4156367778778
6;pentane;72.094;2.692849577540531;3.672741711139679;6.0;10.214149177074432;267.5181344151497
6;propane;44.063;2.6927492329096703;3.67264224588871;6.0;10.215232491493225;267.50781685113907
6;heptane;100.125;2.6923198896730822;3.6721964925527573;6.0;10.219665288925171;267.463356256485
6;tetradecane;198.235;2.6920583857695313;3.671928957104683;6.0;10.222405165433884;267.4363374710083
6;n-butane;58.078;2.692546962162189;3.6724312156438828;6.0;10.217310011386871;267.4868553876877
7;tridecane;184.219;2.710891507288219;3.690288782119751;6.0;10.01530808210373;269.36678290367126
7;hexadecane;226.266;2.7109275149435565;3.6903253495693207;6.0;10.014929592609406;269.37049329280853
7;pentadecane;212.25;2.710913806654525;3.6903114169836044;6.0;10.015073835849762;269.36908066272736
7;dodecane;170.203;2.7108840981978592;3.6902812272310257;6.0;10.015386313199997;269.366018474102
7;hexane;86.11;2.7111639741147777;3.6905667781829834;6.0;10.012453019618988;269.3948894739151
7;eicosane;282.329;2.7109934475225046;3.6903924494981766;6.0;10.014236390590668;269.3772941827774
7;nonane;128.157;2.711092173963828;3.6904929876327515;6.0;10.01320031285286;269.38747465610504
7;heptacosane;380.438;2.7111123690725076;3.6905136108398438;6.0;10.012988865375519;269.38955783843994
7;tetracosane;338.391;2.7110660400060844;3.6904663741588593;6.0;10.013474345207214;269.3847805261612
7;octacosane;394.454;2.711124232450396;3.690525770187378;6.0;10.012864887714386;269.3907842040062
7;methane;16.031;2.7012275172780784;3.680569440126419;6.0;10.118087500333786;268.37171018123627
7;decane;142.172;2.7109676164465557;3.6903662383556366;6.0;10.014509081840515;269.37462985515594
7;octadecane;254.297;2.710958679366034;3.690357059240341;6.0;10.014601916074753;269.37370896339417
7;heptadecane;240.282;2.7109425349761773;3.6903406381607056;6.0;10.01477164030075;269.3720430135727
7;octane;114.141;2.7110084676219737;3.6904079914093018;6.0;10.014081418514252;269.3788468837738
7;n-undecane;156.188;2.710880609872553;3.690277725458145;6.0;10.015423119068146;269.36565935611725
7;ethane;30.047;2.711148348434966;3.6905741691589355;6.0;10.012850284576416;269.39364075660706
7;nonadecane;268.313;2.710975717482268;3.690374404191971;6.0;10.014422953128815;269.3754658102989
7;pentane;72.094;2.7115036204982292;3.6909160017967224;6.0;10.008919209241867;269.42996978759766
7;propane;44.063;2.7114363017995773;3.6908523440361023;6.0;10.009676039218903;269.42310482263565
7;heptane;100.125;2.711077658296004;3.690478950738907;6.0;10.01335945725441;269.38599050045013
7;tetradecane;198.235;2.710901626324231;3.6902990490198135;6.0;10.015201687812805;269.36782747507095
7;n-butane;58.078;2.711344549932625;3.6907540559768677;6.0;10.010590076446533;269.41356509923935
8;tridecane;184.219;2.7264523425677085;3.705272525548935;6.0;9.8421950340271;270.9571287035942
8;hexadecane;226.266;2.7264417224693993;3.7052617371082306;6.0;9.842306196689606;270.9560379385948
8;pentadecane;212.25;2.7264439734678816;3.7052640169858932;6.0;9.84228265285492;270.9562674164772
8;dodecane;170.203;2.7264601777808344;3.7052805423736572;6.0;9.84211277961731;270.95793932676315
8;hexane;86.11;2.726694644422266;3.7055193185806274;6.0;9.839654684066772;270.9820970892906
8;eicosane;282.329;2.726437624498654;3.7052575647830963;6.0;9.842349410057068;270.9556147456169
8;nonane;128.157;2.726573666170533;3.7053956538438797;6.0;9.840918600559235;270.96962481737137
8;heptacosane;380.438;2.7264349550464697;3.705254852771759;6.0;9.842377424240112;270.95534056425095
8;tetracosane;338.391;2.726435878532578;3.7052557915449142;6.0;9.842367589473724;270.95543295145035
8;octacosane;394.454;2.726434680886542;3.7052545845508575;6.0;9.842380106449127;270.95531076192856
8;methane;16.031;2.712440261416008;3.6912364959716797;6.0;9.99161821603775;269.516359269619
8;decane;142.172;2.7265085310909765;3.705329716205597;6.0;9.841605246067047;270.96291929483414
8;octadecane;254.297;2.726439096304922;3.7052590548992157;6.0;9.842333763837814;270.9557667374611
8;heptadecane;240.282;2.7264401929449784;3.7052601724863052;6.0;9.842322438955307;270.95587849617004
8;octane;114.141;2.7265773890080034;3.705399841070175;6.0;9.840883135795593;270.97001522779465
8;n-undecane;156.188;2.726472558291524;3.7052931636571884;6.0;9.841983139514923;270.95921486616135
8;ethane;30.047;2.726011253959512;3.70485819876194;6.0;9.847173362970352;270.9122210741043
8;nonadecane;268.313;2.726438259395458;3.705258220434189;6.0;9.842342555522919;270.95568031072617
8;pentane;72.094;2.7268851034145936;3.7057167887687683;6.0;9.837693095207214;271.00177705287933
8;propane;44.063;2.7265187472082903;3.705353260040283;6.0;9.841632068157196;270.9641769528389
8;heptane;100.125;2.7266683823636324;3.7054928690195084;6.0;9.83993273973465;270.9793969988823
8;tetradecane;198.235;2.7264472633893364;3.705267384648323;6.0;9.84224808216095;270.95660865306854
8;n-butane;58.078;2.7268202844658327;3.705652743577957;6.0;9.83839300274849;270.99512964487076
9;tridecane;184.219;2.739377526245017;3.717590034008026;6.0;9.696910500526428;272.2748637199402
9;hexadecane;226.266;2.7393061275169357;3.7175170928239822;6.0;9.697655111551285;272.267509996891
9;pentadecane;212.25;2.7393263600119053;3.717537745833397;6.0;9.69744411110878;272.2695931792259
9;dodecane;170.203;2.7394089654723226;3.717622220516205;6.0;9.696582823991776;272.27810472249985
9;hexane;86.11;2.7395104899110825;3.7177267372608185;6.0;9.695531398057938;272.28857427835464
9;eicosane;282.329;2.7392526797737133;3.7174625247716904;6.0;9.698213756084442;272.2620025277138
9;nonane;128.157;2.739488249792996;3.717703104019165;6.0;9.695754319429398;272.2862705588341
9;heptacosane;380.438;2.7392184103491015;3.717427596449852;6.0;9.698572129011154;272.2584739327431
9;tetracosane;338.391;2.7392275950674527;3.717436969280243;6.0;9.698475867509842;272.259421646595
9;octacosane;394.454;2.7392164174392253;3.7174255698919296;6.0;9.698592692613602;272.25827127695084
9;methane;16.031;2.7186171437102296;3.6968573480844498;6.0;9.918810248374939;270.1423838734627
9;decane;142.172;2.739481722179897;3.7176967561244965;6.0;9.695825546979904;272.2856029868126
9;octadecane;254.297;2.739274630729736;3.7174849212169647;6.0;9.697984427213669;272.264264523983
9;heptadecane;240.282;2.739289028840578;3.717499613761902;6.0;9.697833925485611;272.26574569940567
9;octane;114.141;2.7395346219189767;3.717750921845436;6.0;9.69527480006218;272.2910538315773
9;n-undecane;156.188;2.739444607263154;3.717658758163452;6.0;9.696212083101273;272.28177785873413
9;ethane;30.047;2.737470797842091;3.7157115787267685;6.0;9.717531472444534;272.07951098680496
9;nonadecane;268.313;2.7392626299072145;3.7174726724624634;6.0;9.698109745979309;272.2630277276039
9;pentane;72.094;2.739308914718478;3.7175310999155045;6.0;9.697741389274597;272.2679689526558
9;propane;44.063;2.7384335700233304;3.7166579365730286;6.0;9.707096934318542;272.17812091112137
9;heptane;100.125;2.7395936306832414;3.717812478542328;6.0;9.6946721971035;272.2971513867378
9;tetradecane;198.235;2.739350072933541;3.717561975121498;6.0;9.697196453809738;272.2720354795456
9;n-butane;58.078;2.7391610493050846;3.7173864543437958;6.0;9.699351459741592;272.25283682346344
10;tridecane;184.219;2.7497465141608233;3.7273759245872498;6.0;9.579136192798615;273.32964539527893
10;hexadecane;226.266;2.7497349244975475;3.7273645997047424;6.0;9.579262852668762;273.3284592628479
10;pentadecane;212.25;2.749738652842177;3.7273682355880737;6.0;9.579222023487091;273.32884073257446
10;dodecane;170.203;2.7497510228600195;3.727380335330963;6.0;9.579087316989899;273.33010733127594
10;hexane;86.11;2.749928192619551;3.7275500893592834;6.0;9.57712185382843;273.348169028759
10;eicosane;282.329;2.749720444655689;3.727350503206253;6.0;9.57942110300064;273.32697808742523
10;nonane;128.157;2.7498385670204586;3.7274651527404785;6.0;9.578126192092896;273.33904504776
10;heptacosane;380.438;2.74969511218933;3.727325826883316;6.0;9.579697966575623;273.324391245842
10;tetracosane;338.391;2.7497060226305776;3.7273364663124084;6.0;9.579578757286072;273.3255058526993
10;octacosane;394.454;2.7496914272075372;3.727322220802307;6.0;9.579738199710846;273.32401275634766
10;methane;16.031;2.7249477963762754;3.70266854763031;6.0;9.844674289226532;270.7844853401184
10;decane;142.172;2.749772901629875;3.72740176320076;6.0;9.578849494457245;273.33234548568726
10;octadecane;254.297;2.749727684574985;3.727357566356659;6.0;9.57934182882309;273.3277201652527
10;heptadecane;240.282;2.749731253957557;3.727361023426056;6.0;9.579302787780762;273.3280837535858
10;octane;114.141;2.749854145248933;3.7274809181690216;6.0;9.577961683273315;273.34064841270447
10;n-undecane;156.188;2.74975622520682;3.727385461330414;6.0;9.57903128862381;273.33063781261444
10;ethane;30.047;2.747252921031864;3.7249034643173218;6.0;9.605923414230347;273.07405918836594
10;nonadecane;268.313;2.7497240429385243;3.727354019880295;6.0;9.579381763935089;273.32734763622284
10;pentane;72.094;2.749677785556817;3.7273061871528625;6.0;9.579857110977173;273.32257628440857
10;propane;44.063;2.7488128072078077;3.7264434099197388;6.0;9.589094936847687;273.23384284973145
10;heptane;100.125;2.7498344340236045;3.7274625301361084;6.0;9.578186094760895;273.33864569664
10;tetradecane;198.235;2.749742424540532;3.7273719012737274;6.0;9.579180896282196;273.32922518253326
10;n-butane;58.078;2.7493268349583735;3.7269586324691772;6.0;9.583631873130798;273.28661382198334
11;tridecane;184.219;2.757441257867633;3.7345119416713715;6.0;9.490102648735046;274.1098463535309
11;hexadecane;226.266;2.75740801934504;3.7344792932271957;6.0;9.490462064743042;274.10644739866257
11;pentadecane;212.25;2.7574168964383965;3.734487995505333;6.0;9.490366399288177;274.10735338926315
11;dodecane;170.203;2.7574578988411083;3.7345283329486847;6.0;9.4899223446846;274.11154955625534
11;hexane;86.11;2.75793822450798;3.734999895095825;6.0;9.484714388847351;274.1606816649437
11;eicosane;282.329;2.7573865639797517;3.7344582080841064;6.0;9.49069482088089;274.1042509675026
11;nonane;128.157;2.7575790126756696;3.7346472442150116;6.0;9.488609254360199;274.1239383816719
11;heptacosane;380.438;2.7573742170370545;3.7344460636377335;6.0;9.49082863330841;274.10298734903336
11;tetracosane;338.391;2.757377397747394;3.7344492077827454;6.0;9.490794062614441;274.1033151745796
11;octacosane;394.454;2.7573735375217443;3.734445407986641;6.0;9.490836083889008;274.10291880369186
11;methane;16.031;2.7297485936128094;3.7069860994815826;6.0;9.787228226661682;271.2697073817253
11;decane;142.172;2.7575090507842344;3.7345786690711975;6.0;9.489368915557861;274.11678433418274
11;octadecane;254.297;2.757395065158847;3.734466567635536;6.0;9.490602731704712;274.1051211953163
11;heptadecane;240.282;2.7574008771920044;3.734472244977951;6.0;9.490539848804474;274.10571426153183
11;octane;114.141;2.757638189190497;3.7347057461738586;6.0;9.48797208070755;274.1299971938133
11;n-undecane;156.188;2.757478501286184;3.7345486134290695;6.0;9.48969942331314;274.1136595606804
11;ethane;30.047;2.755059822261363;3.7321528047323227;6.0;9.515695095062256;273.86589497327805
11;nonadecane;268.313;2.757390380835124;3.734461948275566;6.0;9.490653395652771;274.1046413779259
11;pentane;72.094;2.757840284462385;3.734906882047653;6.0;9.485808730125427;274.15071427822113
11;propane;44.063;2.7572482614064855;3.734316051006317;6.0;9.492124736309052;274.09000247716904
11;heptane;100.125;2.7576788162404258;3.7347463369369507;6.0;9.48753935098648;274.1341635584831
11;tetradecane;198.235;2.7574277831734917;3.7344987094402313;6.0;9.490248382091522;274.10846799612045
11;n-butane;58.078;2.757508877289526;3.734577476978302;6.0;9.489359378814697;274.116750061512
12;tridecane;184.219;2.7640003111550255;3.740544617176056;6.0;9.413495779037476;274.77373629808426
12;hexadecane;226.266;2.7639926165163167;3.7405370473861694;6.0;9.413579225540161;274.7729495167732
12;pentadecane;212.25;2.7639942942943767;3.740538716316223;6.0;9.41356074810028;274.77312088012695
12;dodecane;170.203;2.7640055180554324;3.7405497431755066;6.0;9.413439452648163;274.7742682695389
12;hexane;86.11;2.7643058722030274;3.740844964981079;6.0;9.410187125205994;274.8049855232239
12;eicosane;282.329;2.763989694868723;3.7405342161655426;6.0;9.413610517978668;274.77265298366547
12;nonane;128.157;2.764049733384157;3.7405931055545807;6.0;9.412959337234497;274.7787892818451
12;heptacosane;380.438;2.763988899370705;3.740533411502838;6.0;9.413619458675385;274.7725695371628
12;tetracosane;338.391;2.7639890295431053;3.7405335307121277;6.0;9.413617968559265;274.77258294820786
12;octacosane;394.454;2.7639888849071053;3.7405333817005157;6.0;9.413619756698608;274.77256655693054
12;methane;16.031;2.7316064102233124;3.7084089517593384;6.0;9.76172012090683;271.45324647426605
12;decane;142.172;2.764025217510147;3.740569144487381;6.0;9.41322636604309;274.7762829065323
12;octadecane;254.297;2.763990649466395;3.7405351400375366;6.0;9.413600385189056;274.7727483510971
12;heptadecane;240.282;2.763991459428099;3.7405359148979187;6.0;9.413591742515564;274.7728317975998
12;octane;114.141;2.7640909693108924;3.740633934736252;6.0;9.412516176700592;274.7830107808113
12;n-undecane;156.188;2.764013198236526;3.7405572831630707;6.0;9.413356602191925;274.7750550508499
12;ethane;30.047;2.7606121536533803;3.737192690372467;6.0;9.449947893619537;274.4268447160721
12;nonadecane;268.313;2.7639900853859456;3.7405345737934113;6.0;9.413606345653534;274.77269172668457
12;pentane;72.094;2.764264100578202;3.7408072650432587;6.0;9.410674393177032;274.8007670044899
12;propane;44.063;2.763686858772895;3.7402321994304657;6.0;9.416841685771942;274.7416079044342
12;heptane;100.125;2.7641310771699485;3.7406738996505737;6.0;9.412088215351105;274.7871220111847
12;tetradecane;198.235;2.763996738643751;3.740541100502014;6.0;9.41353452205658;274.773371219635
12;n-butane;58.078;2.763950035723264;3.740494877099991;6.0;9.414036393165588;274.7685879468918
13;tridecane;184.219;2.769347848894605;3.7454086393117905;6.0;9.350241839885712;275.3138452768326
13;hexadecane;226.266;2.769345476099368;3.745406299829483;6.0;9.350267469882965;275.31360387802124
13;pentadecane;212.25;2.769345910147252;3.745406746864319;6.0;9.350262701511383;275.31365156173706
13;dodecane;170.203;2.769349758705651;3.7454105466604233;6.0;9.35022097826004;275.3140449523926
13;hexane;86.11;2.769507000563756;3.7455652058124542;6.0;9.348520457744598;275.3301203250885
13;eicosane;282.329;2.769344839495825;3.7454057037830353;6.0;9.35027402639389;275.3135412931442
13;nonane;128.157;2.7693664550933295;3.7454268634319305;6.0;9.3500394821167;275.31574964523315
13;heptacosane;380.438;2.7693447526862527;3.745405614376068;6.0;9.350275218486786;275.3135323524475
13;tetracosane;338.391;2.7693447816227765;3.745405614376068;6.0;9.350274920463562;275.3135323524475
13;octacosane;394.454;2.7693447526862527;3.745405614376068;6.0;9.350275218486786;275.3135323524475
13;methane;16.031;2.7340120337810903;3.710413709282875;6.0;9.730724215507507;271.69355005025864
13;decane;142.172;2.769357658380931;3.7454183250665665;6.0;9.350135743618011;275.31484961509705
13;octadecane;254.297;2.769345013114971;3.7454058676958084;6.0;9.350272536277771;275.3135561943054
13;heptadecane;240.282;2.7693451867341183;3.7454060316085815;6.0;9.350270450115204;275.31357407569885
13;octane;114.141;2.7693923533359914;3.745452582836151;6.0;9.349761724472046;275.31840205192566
13;n-undecane;156.188;2.769352941724545;3.745413690805435;6.0;9.350186705589294;275.3143697977066
13;ethane;30.047;2.7650245110872795;3.741136312484741;6.0;9.396805882453918;274.8714044690132
13;nonadecane;268.313;2.7693448973688732;3.74540576338768;6.0;9.350273430347443;275.31355023384094
13;pentane;72.094;2.7694520785983174;3.745514541864395;6.0;9.34915018081665;275.32455921173096
13;propane;44.063;2.7686542257519386;3.7447218000888824;6.0;9.357696890830994;275.2428472042084
13;heptane;100.125;2.769422534243718;3.7454827427864075;6.0;9.34944075345993;275.32149255275726
13;tetradecane;198.235;2.769346633560417;3.745407462120056;6.0;9.350254952907562;275.3137230873108
13;n-butane;58.078;2.769087161735474;3.745152071118355;6.0;9.353061437606812;275.2871870994568
14;tridecane;184.219;2.7736963290232026;3.749315991997719;6.0;9.29807734489441;275.75206458568573
14;hexadecane;226.266;2.773695229150233;3.7493148893117905;6.0;9.298089563846588;275.75195133686066
14;pentadecane;212.25;2.773695402814381;3.749315068125725;6.0;9.298087477684021;275.7519721984863
14;dodecane;170.203;2.773697371008187;3.7493170350790024;6.0;9.298066318035126;275.75217485427856
14;hexane;86.11;2.7737424948086047;3.74936144053936;6.0;9.297579050064087;275.7567882537842
14;eicosane;282.329;2.773695026542062;3.7493146806955338;6.0;9.29809194803238;275.751930475235
14;nonane;128.157;2.7737043754644786;3.749323844909668;6.0;9.297990024089813;275.75288712978363
14;heptacosane;380.438;2.7736949686540138;3.7493146508932114;6.0;9.298092246055603;275.75192749500275
14;tetracosane;338.391;2.7736949686540138;3.7493146508932114;6.0;9.298092246055603;275.75192749500275
14;octacosane;394.454;2.773694997598038;3.7493146508932114;6.0;9.29809194803238;275.75192749500275
14;methane;16.031;2.737948227138305;3.7139749079942703;6.0;9.683654874563217;272.09138721227646
14;decane;142.172;2.7737017126129837;3.749321326613426;6.0;9.298019826412201;275.75261890888214
14;octadecane;254.297;2.773695055486086;3.7493147253990173;6.0;9.298091351985931;275.75193643569946
14;heptadecane;240.282;2.773695142318159;3.7493147999048233;6.0;9.29809045791626;275.75194239616394
14;octane;114.141;2.7737209604077107;3.749340370297432;6.0;9.29781299829483;275.75458586215973
14;n-undecane;156.188;2.773699223426097;3.749318853020668;6.0;9.29804664850235;275.75235962867737
14;ethane;30.047;2.769229817208295;3.74490924179554;6.0;9.346263527870178;275.2951920032501
14;nonadecane;268.313;2.773695026542062;3.7493146806955338;6.0;9.298091650009155;275.751930475235
14;pentane;72.094;2.7736453586696483;3.7492691725492477;6.0;9.298665642738342;275.74690878391266
14;propane;44.063;2.7724614484494507;3.748094454407692;6.0;9.311366200447083;275.6257116794586
14;heptane;100.125;2.773740150336206;3.749359682202339;6.0;9.29761004447937;275.75655579566956
14;tetradecane;198.235;2.773695750142683;3.749315395951271;6.0;9.298083901405334;275.7520079612732
14;n-butane;58.078;2.7731808727376728;3.7488083094358444;6.0;9.303650975227356;275.6993591785431
15;tridecane;184.219;2.777249523828584;3.7524669468402863;6.0;9.254803776741028;276.1092960834503
15;hexadecane;226.266;2.777248829026097;3.7524662911891937;6.0;9.2548109292984;276.1092275381088
15;pentadecane;212.25;2.777248915876406;3.752466380596161;6.0;9.254809737205505;276.10923647880554
15;dodecane;170.203;2.7772502186310994;3.7524676620960236;6.0;9.254796028137207;276.10936760902405
15;hexane;86.11;2.777222310752413;3.752439796924591;6.0;9.255094349384308;276.10650956630707
15;eicosane;282.329;2.777248713225685;3.752466171979904;6.0;9.254812121391296;276.10921561717987
15;nonane;128.157;2.777252158288273;3.752469539642334;6.0;9.254774272441864;276.10956728458405
15;heptacosane;380.438;2.777248684275582;3.752466142177582;6.0;9.254812121391296;276.10921263694763
15;tetracosane;338.391;2.777248684275582;3.752466171979904;6.0;9.254812121391296;276.10921263694763
15;octacosane;394.454;2.777248684275582;3.752466142177582;6.0;9.254812121391296;276.10921263694763
15;methane;16.031;2.7419465940619;3.717627301812172;6.0;9.636234313249588;272.49596118927
15;decane;142.172;2.7772528820410063;3.752470314502716;6.0;9.254767715930939;276.1096388101578
15;octadecane;254.297;2.7772487421757877;3.7524662017822266;6.0;9.254811823368073;276.1092185974121
15;heptadecane;240.282;2.7772487421757877;3.7524662017822266;6.0;9.254811525344849;276.1092185974121
15;octane;114.141;2.7772620013280878;3.7524793446063995;6.0;9.25466936826706;276.11057460308075
15;n-undecane;156.188;2.777251463485678;3.752468913793564;6.0;9.254782617092133;276.10949873924255
15;ethane;30.047;2.773208224028291;3.748486712574959;6.0;9.298479974269867;275.6961166858673
15;nonadecane;268.313;2.777248713225685;3.752466171979904;6.0;9.254812121391296;276.10921561717987
15;pentane;72.094;2.7771321894614722;3.752354234457016;6.0;9.256102561950684;276.0973483324051
15;propane;44.063;2.7757021823658885;3.7509368658065796;6.0;9.27146178483963;275.95101296901703
15;heptane;100.125;2.777268457207299;3.752485990524292;6.0;9.254603207111359;276.11123919487
15;tetradecane;198.235;2.7772491185271297;3.7524665892124176;6.0;9.254807651042938;276.1092573404312
15;n-butane;58.078;2.7766435800101865;3.7518692314624786;6.0;9.26134479045868;276.0473370552063
