1;2,5-dimethylhexane;Float32[1.5642508, 0.97750795, -7.6274624, 0.44605047]
1;2-methylheptane;Float32[1.6858448, 0.9103972, -7.0923786, 0.4025224]
1;3-methyldecane;Float32[2.2799008, 1.320711, -9.077174, 0.7040239]
1;hexadecane;Float32[4.9204774, 1.1784258, -12.492346, 0.43260914]
1;3,3-dimethylhexane;Float32[1.2331384, 1.1092088, -6.963217, 0.5645583]
1;3-methyltridecane;Float32[3.622956, 1.2043048, -11.38345, 0.6019805]
1;2-methylbutane;Float32[0.52618533, 0.83287716, -5.179514, 0.3848104]
1;nonane;Float32[2.2319305, 0.9246164, -8.16185, 0.4663462]
1;heptacosane;Float32[9.125619, 1.2846751, -22.136562, 0.4275766]
1;2,2-dimethylpropane;Float32[0.30434212, 1.016028, -4.55134, 0.3200304]
1;2,4,4-trimethylhexane;Float32[1.4520491, 1.171342, -7.5943546, 0.56827885]
1;octadecane;Float32[5.626982, 1.1421663, -13.929178, 0.4106236]
1;heptadecane;Float32[5.36151, 1.2799779, -13.118166, 0.62903863]
1;n-undecane;Float32[3.0477517, 1.0762221, -9.347723, 0.40861446]
1;nonadecane;Float32[6.0656285, 1.1760787, -14.325062, 0.6020184]
1;2,2,4,4,6,8,8-heptamethylnonane;Float32[3.472504, 1.4080083, -10.7975445, 0.5613356]
1;3-methyldodecane;Float32[3.0130227, 1.2022835, -10.508654, 0.69507414]
1;3,4-dimethylhexane;Float32[1.4120525, 1.0481932, -7.4032073, 0.562949]
1;3-methylheptane;Float32[1.6444038, 0.9707198, -7.070557, 0.32452255]
1;n-butane;Float32[0.20691738, 0.54815435, -4.51583, 0.30011052]
1;2,2,5,5-tetramethylhexane;Float32[1.6382183, 1.2721207, -8.727477, 0.51810604]
1;tridecane;Float32[3.6590402, 0.8821978, -10.702005, 0.3894425]
1;2,2,3-trimethylpentane;Float32[1.0967373, 1.1661797, -6.8389673, 0.62211007]
1;decane;Float32[2.553356, 1.0095801, -9.045728, 0.4957598]
1;3-ethylpentane;Float32[1.0213541, 1.0266877, -7.414714, 0.4570431]
1;2,3-dimethyldodecane;Float32[3.3196967, 1.270588, -11.189324, 0.64630014]
1;3-methylundecane;Float32[2.6057303, 1.1548058, -9.7286415, 0.6718269]
1;2-methyldecane;Float32[2.8442295, 1.0918213, -9.235423, 0.48391467]
1;3-methylpentane;Float32[0.89052993, 0.9070864, -6.439787, 0.2574051]
1;octane;Float32[1.8555983, 0.9492122, -7.202237, 0.52649623]
1;2-methyldodecane;Float32[3.3732517, 1.2601615, -10.355918, 0.45714647]
1;2,6-dimethyloctane;Float32[2.2623723, 1.0459096, -8.722975, 0.44721562]
1;2,2,3,4-tetramethylpentane;Float32[1.2550229, 1.2301403, -8.025061, 0.67349666]
1;3,3-diethylpentane;Float32[1.2379235, 1.2218665, -8.4505625, 0.76958233]
1;2,3,4-trimethyl pentane;Float32[1.161187, 1.1141484, -7.322979, 0.6044144]
1;2-methylhexane;Float32[1.3170661, 1.0129505, -6.6577263, 0.34359425]
1;2,2,3-trimethylbutane;Float32[0.7477582, 1.148331, -6.007209, 0.57309896]
1;3-methyl-3-ethylpentane;Float32[1.1103972, 1.1723623, -7.2079287, 0.67240566]
1;pentadecane;Float32[4.6403685, 1.0025764, -12.172564, 0.36174017]
1;hexane;Float32[1.08155, 0.86844194, -6.1489124, 0.2601853]
1;2-methyloctane;Float32[2.1828787, 0.8849526, -7.818863, 0.49252957]
1;octacosane;Float32[9.552958, 1.365619, -23.15617, 0.4813481]
1;2,2,4,4-tetramethylpentane;Float32[1.2468594, 1.2447141, -7.8806915, 0.587362]
1;2-methyl-3-ethyl-pentane;Float32[1.3303837, 1.0708137, -7.7082653, 0.52017814]
1;2-methylpentane;Float32[0.9821127, 0.86411774, -5.8090253, 0.23576552]
1;2,3,3,4-tetramethylpentane;Float32[1.247558, 1.2023956, -8.144225, 0.74527127]
1;2,3-dimethyldecane;Float32[2.6592228, 1.1431907, -9.440954, 0.6220904]
1;ethane;Float32[-0.42115322, 0.28008664, -2.3099856, 0.11695408]
1;2,3-dimethylpentane;Float32[1.0271853, 1.0426865, -6.6632166, 0.5881558]
1;2,3-dimethylundecane;Float32[2.9204404, 1.2245041, -10.403549, 0.65672237]
1;pentane;Float32[0.6759985, 0.8328575, -5.237037, 0.21665972]
1;tetradecane;Float32[4.040595, 0.9709354, -11.331863, 0.57837325]
1;2-methylundecane;Float32[2.9165213, 1.3052291, -9.750633, 0.60081035]
1;squalane;Float32[8.590525, 1.655358, -20.816193, 0.5282989]
1;2,2-dimethylbutane;Float32[0.69690734, 1.0203942, -5.3834596, 0.37423557]
1;2-methylpropane;Float32[0.18633828, 0.87125003, -4.1550236, 0.22655892]
1;2,3,3-trimethylpentane;Float32[1.038227, 1.2033299, -6.8007193, 0.6763244]
1;3-ethylhexane;Float32[1.6052068, 0.955397, -7.7882814, 0.524]
1;2,2-dimethylhexane;Float32[1.4181694, 1.1554513, -6.9240265, 0.47083813]
1;2,2,4-trimethylpentane;Float32[1.1474384, 1.1753142, -6.6345634, 0.5137606]
1;2,4-dimethylhexane;Float32[1.466443, 1.0504794, -7.55411, 0.43022805]
1;2,2,5-trimethylhexane;Float32[1.7710632, 1.0246636, -7.6957254, 0.3837536]
1;3-methylhexane;Float32[1.2478746, 1.0360252, -6.963363, 0.50623614]
1;dodecane;Float32[3.3803236, 0.9360065, -10.117039, 0.35493666]
1;eicosane;Float32[6.415795, 1.3047422, -15.100037, 0.5509005]
1;2,3-dimethylheptane;Float32[1.8521341, 1.1098663, -7.6623244, 0.5509127]
1;2,7-dimethyloctane;Float32[2.293564, 1.0832586, -9.409538, 0.45883757]
1;4-methylheptane;Float32[1.6501426, 0.9425144, -7.360088, 0.46606857]
1;tetracosane;Float32[8.079264, 1.2162126, -18.991577, 0.5192123]
1;methane;Float32[-0.33131143, 0.32779682, -1.3143455, 0.065817945]
1;3,3-dimethylpentane;Float32[0.8719533, 1.0921842, -6.1559916, 0.5888875]
1;2,2,3,3-tetramethylpentane;Float32[1.2058071, 1.2618262, -7.881189, 0.776336]
1;2,2-dimethylpentane;Float32[1.0311598, 1.0254816, -6.21533, 0.41422588]
1;2-methyltridecane;Float32[3.7373602, 1.049529, -11.31665, 0.58660156]
1;2,3-dimethylbutane;Float32[0.69115573, 1.0280368, -5.912287, 0.40833694]
1;2,3-dimethylhexane;Float32[1.4044365, 1.0109482, -7.29193, 0.52489287]
1;2,3-dimethylnonane;Float32[2.0147173, 1.3343371, -8.693323, 0.60302836]
1;propane;Float32[-0.03494803, 0.4310591, -3.2454429, 0.026665742]
1;heptane;Float32[1.4727582, 0.9127264, -6.589179, 0.4321956]
1;2,4-dimethylpentane;Float32[1.1038798, 1.0253994, -6.8779335, 0.3840198]
2;2,5-dimethylhexane;Float32[1.5676602, 0.98278403, -7.6274605, 0.44331336]
2;2-methylheptane;Float32[1.6892546, 0.9156741, -7.0923767, 0.3997848]
2;3-methyldecane;Float32[2.2845664, 1.3279321, -9.077173, 0.7002778]
2;hexadecane;Float32[4.927236, 1.1888856, -12.492342, 0.42718267]
2;3,3-dimethylhexane;Float32[1.2365497, 1.114486, -6.963215, 0.56182075]
2;3-methyltridecane;Float32[3.628881, 1.2134697, -11.383448, 0.5972254]
2;2-methylbutane;Float32[0.528339, 0.8362098, -5.1795125, 0.38308138]
2;nonane;Float32[2.2357597, 0.9305414, -8.161848, 0.46327257]
2;heptacosane;Float32[9.136986, 1.3022587, -22.136557, 0.41845417]
2;2,2-dimethylpropane;Float32[0.30649558, 1.0193605, -4.5513387, 0.31830144]
2;2,4,4-trimethylhexane;Float32[1.4558786, 1.1772668, -7.5943527, 0.56520534]
2;octadecane;Float32[5.63458, 1.1539215, -13.929177, 0.40452433]
2;heptadecane;Float32[5.368687, 1.2910852, -13.118162, 0.6232748]
2;n-undecane;Float32[3.0524173, 1.0834427, -9.347722, 0.40486813]
2;nonadecane;Float32[6.0736423, 1.1884816, -14.325059, 0.59558296]
2;2,2,4,4,6,8,8-heptamethylnonane;Float32[3.4792647, 1.418466, -10.797541, 0.5559106]
2;3-methyldodecane;Float32[3.0185275, 1.2108004, -10.508652, 0.69065523]
2;3,4-dimethylhexane;Float32[1.4154633, 1.0534698, -7.403206, 0.5602114]
2;3-methylheptane;Float32[1.6478146, 0.97599685, -7.0705557, 0.32178473]
2;n-butane;Float32[0.20865217, 0.5508386, -4.5158296, 0.29871786]
2;2,2,5,5-tetramethylhexane;Float32[1.6424664, 1.278693, -8.727475, 0.51469636]
2;tridecane;Float32[3.6645455, 0.89071447, -10.702003, 0.38502336]
2;2,2,3-trimethylpentane;Float32[1.1001481, 1.1714566, -6.838966, 0.61937237]
2;decane;Float32[2.5576043, 1.016153, -9.045726, 0.49234986]
2;3-ethylpentane;Float32[1.0243453, 1.031316, -7.414713, 0.45464194]
2;2,3-dimethyldodecane;Float32[3.325622, 1.2797527, -11.189322, 0.64154553]
2;3-methylundecane;Float32[2.610817, 1.1626747, -9.72864, 0.6677444]
2;2-methyldecane;Float32[2.8488946, 1.0990422, -9.235422, 0.48016858]
2;3-methylpentane;Float32[0.8931025, 0.9110672, -6.439786, 0.25533986]
2;octane;Float32[1.8590077, 0.9544889, -7.202235, 0.52375865]
2;2-methyldodecane;Float32[3.378757, 1.2686787, -10.355915, 0.45272756]
2;2,6-dimethyloctane;Float32[2.2666202, 1.0524821, -8.722973, 0.44380593]
2;2,2,3,4-tetramethylpentane;Float32[1.2588519, 1.2360646, -8.025059, 0.67042327]
2;3,3-diethylpentane;Float32[1.241753, 1.2277911, -8.450561, 0.7665088]
2;2,3,4-trimethyl pentane;Float32[1.1645974, 1.1194243, -7.322977, 0.6016773]
2;2-methylhexane;Float32[1.3200577, 1.0175796, -6.6577253, 0.34119284]
2;2,2,3-trimethylbutane;Float32[0.75074947, 1.1529598, -6.007208, 0.57069755]
2;3-methyl-3-ethylpentane;Float32[1.1138085, 1.1776392, -7.207927, 0.6696682]
2;pentadecane;Float32[4.646708, 1.0123885, -12.172561, 0.3566494]
2;hexane;Float32[1.0841225, 0.8724224, -6.1489115, 0.25812006]
2;2-methyloctane;Float32[2.1867075, 0.8908777, -7.8188615, 0.48945582]
2;octacosane;Float32[9.564741, 1.3838497, -23.156166, 0.4718895]
2;2,2,4,4-tetramethylpentane;Float32[1.2506884, 1.2506386, -7.8806896, 0.5842886]
2;2-methyl-3-ethyl-pentane;Float32[1.333794, 1.07609, -7.708264, 0.51744103]
2;2-methylpentane;Float32[0.9846853, 0.86809844, -5.8090243, 0.2337004]
2;2,3,3,4-tetramethylpentane;Float32[1.2513875, 1.2083199, -8.144223, 0.742198]
2;2,3-dimethyldecane;Float32[2.6643095, 1.1510592, -9.440952, 0.6180084]
2;ethane;Float32[-0.420256, 0.2814747, -2.3099852, 0.11623389]
2;2,3-dimethylpentane;Float32[1.030177, 1.0473151, -6.6632156, 0.5857545]
2;2,3-dimethylundecane;Float32[2.9259448, 1.2330208, -10.403547, 0.65230346]
2;pentane;Float32[0.6781522, 0.83619, -5.2370358, 0.21493065]
2;tetradecane;Float32[4.046519, 0.98009986, -11.3318615, 0.57361865]
2;2-methylundecane;Float32[2.9216075, 1.3130982, -9.750631, 0.5967281]
2;squalane;Float32[8.603146, 1.6748841, -20.816187, 0.51816845]
2;2,2-dimethylbutane;Float32[0.69947994, 1.0243753, -5.3834586, 0.37217033]
2;2-methylpropane;Float32[0.1880733, 0.87393427, -4.155023, 0.22516644]
2;2,3,3-trimethylpentane;Float32[1.0416378, 1.208607, -6.8007174, 0.6735867]
2;3-ethylhexane;Float32[1.6086172, 0.9606736, -7.7882795, 0.5212624]
2;2,2-dimethylhexane;Float32[1.4215807, 1.1607285, -6.9240246, 0.46810055]
2;2,2,4-trimethylpentane;Float32[1.1508492, 1.1805906, -6.6345615, 0.5110235]
2;2,4-dimethylhexane;Float32[1.4698533, 1.0557557, -7.5541086, 0.42749095]
2;2,2,5-trimethylhexane;Float32[1.7748936, 1.0305882, -7.6957235, 0.38068056]
2;3-methylhexane;Float32[1.2508658, 1.0406542, -6.963362, 0.5038347]
2;dodecane;Float32[3.3854089, 0.94387513, -10.117037, 0.35085464]
2;eicosane;Float32[6.424228, 1.3177929, -15.100033, 0.5441294]
2;2,3-dimethylheptane;Float32[1.8559636, 1.1157911, -7.662323, 0.5478389]
2;2,7-dimethyloctane;Float32[2.2978115, 1.0898308, -9.409536, 0.45542812]
2;4-methylheptane;Float32[1.6535529, 0.9477912, -7.3600864, 0.46333098]
2;tetracosane;Float32[8.0893755, 1.2318538, -18.991571, 0.5110979]
2;methane;Float32[-0.33083293, 0.32853705, -1.3143454, 0.06543385]
2;3,3-dimethylpentane;Float32[0.8749455, 1.0968134, -6.15599, 0.5864861]
2;2,2,3,3-tetramethylpentane;Float32[1.2096361, 1.2677513, -7.8811874, 0.77326226]
2;2,2-dimethylpentane;Float32[1.0341519, 1.0301106, -6.215329, 0.41182446]
2;2-methyltridecane;Float32[3.7432847, 1.0586939, -11.3166485, 0.5818465]
2;2,3-dimethylbutane;Float32[0.6937283, 1.0320172, -5.9122863, 0.40627193]
2;2,3-dimethylhexane;Float32[1.4078468, 1.0162247, -7.2919283, 0.5221553]
2;2,3-dimethylnonane;Float32[2.0193825, 1.341558, -8.693321, 0.59928226]
2;propane;Float32[-0.03363189, 0.43309528, -3.2454424, 0.02560926]
2;heptane;Float32[1.4757499, 0.91735506, -6.589178, 0.4297943]
2;2,4-dimethylpentane;Float32[1.1068705, 1.0300276, -6.877932, 0.38161874]
3;2,5-dimethylhexane;Float32[1.5709424, 0.98784494, -7.6274595, 0.44068632]
3;2-methylheptane;Float32[1.6925368, 0.9207356, -7.0923758, 0.39715752]
3;3-methyldecane;Float32[2.2890592, 1.3348585, -9.077169, 0.69668216]
3;hexadecane;Float32[4.93374, 1.1989186, -12.492339, 0.42197344]
3;3,3-dimethylhexane;Float32[1.2398314, 1.119548, -6.963214, 0.55919296]
3;3-methyltridecane;Float32[3.634581, 1.2222608, -11.383446, 0.5926618]
3;2-methylbutane;Float32[0.53041196, 0.8394065, -5.1795115, 0.381422]
3;nonane;Float32[2.2394452, 0.93622434, -8.161846, 0.4603221]
3;heptacosane;Float32[9.147922, 1.3191253, -22.136553, 0.4096975]
3;2,2-dimethylpropane;Float32[0.30856845, 1.0225574, -4.5513377, 0.31664202]
3;2,4,4-trimethylhexane;Float32[1.4595642, 1.18295, -7.5943513, 0.5622552]
3;octadecane;Float32[5.64189, 1.1651968, -13.929174, 0.39867017]
3;heptadecane;Float32[5.3755965, 1.3017397, -13.11816, 0.6177444]
3;n-undecane;Float32[3.0569096, 1.090369, -9.347719, 0.40127274]
3;nonadecane;Float32[6.0813565, 1.2003785, -14.325056, 0.5894069]
3;2,2,4,4,6,8,8-heptamethylnonane;Float32[3.485767, 1.4284973, -10.797538, 0.550703]
3;3-methyldodecane;Float32[3.0238252, 1.2189697, -10.508649, 0.6864142]
3;3,4-dimethylhexane;Float32[1.418745, 1.0585313, -7.403204, 0.5575841]
3;3-methylheptane;Float32[1.6510968, 0.9810585, -7.070554, 0.31915733]
3;n-butane;Float32[0.21032187, 0.5534134, -4.5158286, 0.29738125]
3;2,2,5,5-tetramethylhexane;Float32[1.6465535, 1.284997, -8.727473, 0.511424]
3;tridecane;Float32[3.6698422, 0.8988834, -10.702001, 0.38078305]
3;2,2,3-trimethylpentane;Float32[1.1034303, 1.1765183, -6.8389645, 0.61674494]
3;decane;Float32[2.5616922, 1.0224574, -9.045725, 0.48907706]
3;3-ethylpentane;Float32[1.0272241, 1.0357554, -7.414711, 0.4523376]
3;2,3-dimethyldodecane;Float32[3.3313212, 1.2885436, -11.18932, 0.6369819]
3;3-methylundecane;Float32[2.6157117, 1.1702226, -9.728638, 0.6638259]
3;2-methyldecane;Float32[2.8533878, 1.1059687, -9.235418, 0.47657296]
3;3-methylpentane;Float32[0.8955784, 0.9148855, -6.4397845, 0.25335786]
3;octane;Float32[1.8622909, 0.9595504, -7.2022333, 0.5211312]
3;2-methyldodecane;Float32[3.3840547, 1.276848, -10.355913, 0.44848678]
3;2,6-dimethyloctane;Float32[2.2707086, 1.0587866, -8.722971, 0.44053313]
3;2,2,3,4-tetramethylpentane;Float32[1.2625375, 1.241747, -8.025057, 0.6674735]
3;3,3-diethylpentane;Float32[1.2454381, 1.2334738, -8.45056, 0.7635588]
3;2,3,4-trimethyl pentane;Float32[1.1678786, 1.124485, -7.3229756, 0.59905034]
3;2-methylhexane;Float32[1.322937, 1.0220194, -6.6577234, 0.33888814]
3;2,2,3-trimethylbutane;Float32[0.75362873, 1.1573995, -6.0072064, 0.56839293]
3;3-methyl-3-ethylpentane;Float32[1.1170902, 1.1827009, -7.207926, 0.66704065]
3;pentadecane;Float32[4.6528115, 1.0218, -12.172558, 0.35176274]
3;hexane;Float32[1.0865986, 0.8762406, -6.1489096, 0.25613794]
3;2-methyloctane;Float32[2.190394, 0.8965609, -7.81886, 0.48650548]
3;octacosane;Float32[9.576077, 1.4013371, -23.156158, 0.4628105]
3;2,2,4,4-tetramethylpentane;Float32[1.2543731, 1.2563214, -7.880688, 0.5813386]
3;2-methyl-3-ethyl-pentane;Float32[1.3370757, 1.0811512, -7.7082624, 0.5148137]
3;2-methylpentane;Float32[0.9871614, 0.8719168, -5.809023, 0.23171826]
3;2,3,3,4-tetramethylpentane;Float32[1.2550726, 1.2140024, -8.144222, 0.7392481]
3;2,3-dimethyldecane;Float32[2.6692042, 1.1586071, -9.44095, 0.61409014]
3;ethane;Float32[-0.41939262, 0.2828062, -2.309985, 0.115542725]
3;2,3-dimethylpentane;Float32[1.0330558, 1.0517548, -6.6632137, 0.5834499]
3;2,3-dimethylundecane;Float32[2.9312425, 1.2411903, -10.403544, 0.64806265]
3;pentane;Float32[0.6802249, 0.83938646, -5.237035, 0.21327133]
3;tetradecane;Float32[4.0522184, 0.9888904, -11.331859, 0.5690555]
3;2-methylundecane;Float32[2.9265018, 1.3206459, -9.750629, 0.5928096]
3;squalane;Float32[8.615292, 1.6936125, -20.816183, 0.5084452]
3;2,2-dimethylbutane;Float32[0.7019563, 1.028194, -5.383457, 0.3701881]
3;2-methylpropane;Float32[0.18974254, 0.87650895, -4.155022, 0.22382982]
3;2,3,3-trimethylpentane;Float32[1.04492, 1.2136688, -6.8007164, 0.6709592]
3;3-ethylhexane;Float32[1.6118989, 0.9657347, -7.788278, 0.51863545]
3;2,2-dimethylhexane;Float32[1.4248624, 1.1657901, -6.9240236, 0.4654729]
3;2,2,4-trimethylpentane;Float32[1.1541314, 1.185652, -6.6345606, 0.5083961]
3;2,4-dimethylhexane;Float32[1.473135, 1.060817, -7.5541067, 0.42486367]
3;2,2,5-trimethylhexane;Float32[1.7785783, 1.0362709, -7.695722, 0.37773034]
3;3-methylhexane;Float32[1.2537451, 1.045094, -6.963361, 0.50153]
3;dodecane;Float32[3.3903031, 0.95142263, -10.117035, 0.3469362]
3;eicosane;Float32[6.432346, 1.3303113, -15.10003, 0.537631]
3;2,3-dimethylheptane;Float32[1.8596492, 1.1214743, -7.662321, 0.5448888]
3;2,7-dimethyloctane;Float32[2.3019004, 1.0961349, -9.409535, 0.45215556]
3;4-methylheptane;Float32[1.6568351, 0.9528527, -7.3600845, 0.46070358]
3;tetracosane;Float32[8.099104, 1.2468563, -18.991568, 0.50330824]
3;methane;Float32[-0.3303726, 0.32924715, -1.3143451, 0.06506519]
3;3,3-dimethylpentane;Float32[0.8778248, 1.1012535, -6.1559887, 0.58418113]
3;2,2,3,3-tetramethylpentane;Float32[1.2133217, 1.2734345, -7.8811855, 0.7703119]
3;2,2-dimethylpentane;Float32[1.0370312, 1.0345508, -6.2153273, 0.40951964]
3;2-methyltridecane;Float32[3.7489843, 1.0674849, -11.316645, 0.57728285]
3;2,3-dimethylbutane;Float32[0.6962042, 1.0358351, -5.912285, 0.40429005]
3;2,3-dimethylhexane;Float32[1.4111285, 1.0212862, -7.2919273, 0.519528]
3;2,3-dimethylnonane;Float32[2.0238757, 1.3484842, -8.693319, 0.5956871]
3;propane;Float32[-0.032365344, 0.43504837, -3.2454417, 0.024595339]
3;heptane;Float32[1.4786286, 0.9217949, -6.589176, 0.4274895]
3;2,4-dimethylpentane;Float32[1.1097493, 1.034467, -6.8779306, 0.37931427]
4;2,5-dimethylhexane;Float32[1.5741048, 0.9927083, -7.627458, 0.43816093]
4;2-methylheptane;Float32[1.6956992, 0.9255996, -7.0923743, 0.39463165]
4;3-methyldecane;Float32[2.293386, 1.3415146, -9.0771675, 0.69322604]
4;hexadecane;Float32[4.9400096, 1.2085599, -12.492336, 0.41696683]
4;3,3-dimethylhexane;Float32[1.2429948, 1.1244123, -6.9632125, 0.55666715]
4;3-methyltridecane;Float32[3.6400733, 1.2307084, -11.383442, 0.5882749]
4;2-methylbutane;Float32[0.5324097, 0.8424783, -5.1795106, 0.37982705]
4;nonane;Float32[2.2429948, 0.94168544, -8.161844, 0.4574863]
4;heptacosane;Float32[9.15846, 1.3353326, -22.136547, 0.4012808]
4;2,2-dimethylpropane;Float32[0.31056622, 1.025629, -4.5513372, 0.31504706]
4;2,4,4-trimethylhexane;Float32[1.4631147, 1.1884112, -7.59435, 0.55941933]
4;octadecane;Float32[5.6489367, 1.1760323, -13.929171, 0.39304343]
4;heptadecane;Float32[5.382253, 1.3119782, -13.118156, 0.6124272]
4;n-undecane;Float32[3.0612364, 1.0970247, -9.347717, 0.39781633]
4;nonadecane;Float32[6.0887904, 1.2118111, -14.32505, 0.58346933]
4;2,2,4,4,6,8,8-heptamethylnonane;Float32[3.4920335, 1.4381366, -10.797535, 0.5456976]
4;3-methyldodecane;Float32[3.0289273, 1.2268201, -10.508646, 0.68233794]
4;3,4-dimethylhexane;Float32[1.4219079, 1.063395, -7.403203, 0.55505854]
4;3-methylheptane;Float32[1.6542592, 0.98592246, -7.070553, 0.3166316]
4;n-butane;Float32[0.21193054, 0.5558875, -4.515828, 0.29609647]
4;2,2,5,5-tetramethylhexane;Float32[1.6504931, 1.291055, -8.727472, 0.50827855]
4;tridecane;Float32[3.6749454, 0.90673333, -10.701998, 0.3767065]
4;2,2,3-trimethylpentane;Float32[1.1065927, 1.1813827, -6.8389635, 0.61421925]
4;decane;Float32[2.5656314, 1.0285158, -9.045723, 0.48593107]
4;3-ethylpentane;Float32[1.0299983, 1.0400215, -7.41471, 0.45012227]
4;2,3-dimethyldodecane;Float32[3.3368134, 1.2969909, -11.189316, 0.6325955]
4;3-methylundecane;Float32[2.6204267, 1.1774757, -9.728634, 0.66005987]
4;2-methyldecane;Float32[2.8577142, 1.1126244, -9.235416, 0.47311655]
4;3-methylpentane;Float32[0.89796406, 0.9185546, -6.4397836, 0.2514526]
4;octane;Float32[1.8654532, 0.9644141, -7.2022324, 0.51860565]
4;2-methyldodecane;Float32[3.3891582, 1.2846982, -10.355909, 0.44441023]
4;2,6-dimethyloctane;Float32[2.2746472, 1.0648448, -8.722969, 0.43738738]
4;2,2,3,4-tetramethylpentane;Float32[1.266087, 1.2472076, -8.025056, 0.664638]
4;3,3-diethylpentane;Float32[1.2489882, 1.2389345, -8.450558, 0.7607234]
4;2,3,4-trimethyl pentane;Float32[1.171041, 1.1293483, -7.322974, 0.59652513]
4;2-methylhexane;Float32[1.3257108, 1.026286, -6.6577225, 0.3366727]
4;2,2,3-trimethylbutane;Float32[0.756403, 1.1616663, -6.0072055, 0.56617755]
4;3-methyl-3-ethylpentane;Float32[1.1202531, 1.1875651, -7.207925, 0.66451496]
4;pentadecane;Float32[4.6586933, 1.0308444, -12.172556, 0.34706655]
4;hexane;Float32[1.088984, 0.8799096, -6.1489086, 0.2542329]
4;2-methyloctane;Float32[2.1939435, 0.9020221, -7.818858, 0.48366967]
4;octacosane;Float32[9.587005, 1.4181414, -23.156155, 0.45408335]
4;2,2,4,4-tetramethylpentane;Float32[1.2579236, 1.2617822, -7.8806868, 0.5785031]
4;2-methyl-3-ethyl-pentane;Float32[1.3402381, 1.0860147, -7.7082615, 0.5122883]
4;2-methylpentane;Float32[0.9895471, 0.87558585, -5.809022, 0.22981313]
4;2,3,3,4-tetramethylpentane;Float32[1.2586226, 1.2194631, -8.14422, 0.7364127]
4;2,3-dimethyldecane;Float32[2.6739187, 1.1658599, -9.440947, 0.61032385]
4;ethane;Float32[-0.4185606, 0.28408563, -2.3099844, 0.11487833]
4;2,3-dimethylpentane;Float32[1.03583, 1.0560213, -6.663213, 0.58123463]
4;2,3-dimethylundecane;Float32[2.9363456, 1.2490404, -10.403542, 0.64398664]
4;pentane;Float32[0.6822224, 0.8424581, -5.237034, 0.21167627]
4;tetradecane;Float32[4.057711, 0.99733734, -11.331856, 0.5646681]
4;2-methylundecane;Float32[2.9312172, 1.327899, -9.750626, 0.5890433]
4;squalane;Float32[8.626993, 1.7116104, -20.816177, 0.49909964]
4;2,2-dimethylbutane;Float32[0.70434195, 1.0318635, -5.383456, 0.3682827]
4;2-methylpropane;Float32[0.19135168, 0.8789832, -4.155021, 0.22254512]
4;2,3,3-trimethylpentane;Float32[1.0480828, 1.2185333, -6.800715, 0.66843337]
4;3-ethylhexane;Float32[1.6150613, 0.97059834, -7.788277, 0.5161099]
4;2,2-dimethylhexane;Float32[1.4280257, 1.1706545, -6.924022, 0.46294716]
4;2,2,4-trimethylpentane;Float32[1.1572938, 1.1905158, -6.634559, 0.5058704]
4;2,4-dimethylhexane;Float32[1.4762979, 1.0656807, -7.5541058, 0.42233804]
4;2,2,5-trimethylhexane;Float32[1.7821288, 1.0417316, -7.6957207, 0.37489477]
4;3-methylhexane;Float32[1.2565198, 1.0493606, -6.96336, 0.49931458]
4;dodecane;Float32[3.3950186, 0.95867544, -10.117031, 0.3431696]
4;eicosane;Float32[6.440167, 1.3423405, -15.100025, 0.53138393]
4;2,3-dimethylheptane;Float32[1.8631997, 1.1269355, -7.662319, 0.5420529]
4;2,7-dimethyloctane;Float32[2.305838, 1.1021926, -9.4095335, 0.44901004]
4;4-methylheptane;Float32[1.6599975, 0.9577166, -7.3600836, 0.45817795]
4;tetracosane;Float32[8.108477, 1.2612733, -18.991564, 0.49582234]
4;methane;Float32[-0.32992896, 0.32992953, -1.3143449, 0.06471084]
4;3,3-dimethylpentane;Float32[0.88059956, 1.1055207, -6.1559877, 0.5819656]
4;2,2,3,3-tetramethylpentane;Float32[1.2168717, 1.2788959, -7.8811836, 0.76747626]
4;2,2-dimethylpentane;Float32[1.0398059, 1.0388178, -6.2153263, 0.40730396]
4;2-methyltridecane;Float32[3.754476, 1.0759323, -11.316642, 0.57289594]
4;2,3-dimethylbutane;Float32[0.69858986, 1.0395039, -5.912284, 0.40238503]
4;2,3-dimethylhexane;Float32[1.4142919, 1.0261501, -7.291926, 0.5170024]
4;2,3-dimethylnonane;Float32[2.0282016, 1.35514, -8.693317, 0.59223074]
4;propane;Float32[-0.031145059, 0.43692535, -3.2454412, 0.023620639]
4;heptane;Float32[1.4814029, 0.92606133, -6.589175, 0.42527404]
4;2,4-dimethylpentane;Float32[1.1125236, 1.0387331, -6.8779297, 0.37709907]
5;2,5-dimethylhexane;Float32[1.5771567, 0.9973896, -7.6274567, 0.43573034]
5;2-methylheptane;Float32[1.6987525, 0.93028146, -7.092373, 0.39220083]
5;3-methyldecane;Float32[2.2975636, 1.3479213, -9.077166, 0.68989956]
5;hexadecane;Float32[4.9460616, 1.21784, -12.492333, 0.41214788]
5;3,3-dimethylhexane;Float32[1.2460476, 1.1290944, -6.963211, 0.5542363]
5;3-methyltridecane;Float32[3.6453776, 1.2388397, -11.38344, 0.5840527]
5;2-methylbutane;Float32[0.53433716, 0.8454351, -5.1795096, 0.37829185]
5;nonane;Float32[2.2464232, 0.9469421, -8.161843, 0.45475686]
5;heptacosane;Float32[9.168632, 1.3509328, -22.136543, 0.3931793]
5;2,2-dimethylpropane;Float32[0.31249365, 1.0285858, -4.5513363, 0.31351185]
5;2,4,4-trimethylhexane;Float32[1.4665428, 1.1936679, -7.594348, 0.5566901]
5;octadecane;Float32[5.6557374, 1.1864617, -13.929167, 0.38762796]
5;heptadecane;Float32[5.388679, 1.3218327, -13.118153, 0.60730994]
5;n-undecane;Float32[3.0654144, 1.1034312, -9.347715, 0.39448988]
5;nonadecane;Float32[6.0959687, 1.222815, -14.325047, 0.5777558]
5;2,2,4,4,6,8,8-heptamethylnonane;Float32[3.4980845, 1.4474149, -10.797532, 0.5408796]
5;3-methyldodecane;Float32[3.033856, 1.2343764, -10.508644, 0.6784142]
5;3,4-dimethylhexane;Float32[1.4249603, 1.0680766, -7.403201, 0.5526277]
5;3-methylheptane;Float32[1.657312, 0.99060446, -7.070551, 0.31420076]
5;n-butane;Float32[0.21348342, 0.55826914, -4.515827, 0.2948599]
5;2,2,5,5-tetramethylhexane;Float32[1.6542946, 1.296886, -8.72747, 0.5052508]
5;tridecane;Float32[3.6798744, 0.9142896, -10.701996, 0.37278283]
5;2,2,3-trimethylpentane;Float32[1.109646, 1.1860645, -6.8389616, 0.6117884]
5;decane;Float32[2.5694337, 1.0343473, -9.045721, 0.48290312]
5;3-ethylpentane;Float32[1.0326754, 1.0441277, -7.4147086, 0.4479903]
5;2,3-dimethyldodecane;Float32[3.3421159, 1.305122, -11.189314, 0.62837327]
5;3-methylundecane;Float32[2.6249795, 1.1844572, -9.728632, 0.65643466]
5;2-methyldecane;Float32[2.8618917, 1.1190313, -9.2354145, 0.4697901]
5;3-methylpentane;Float32[0.90026677, 0.92208636, -6.4397826, 0.24961875]
5;octane;Float32[1.8685056, 0.9690959, -7.202231, 0.5161748]
5;2-methyldodecane;Float32[3.3940864, 1.2922547, -10.355907, 0.44048703]
5;2,6-dimethyloctane;Float32[2.2784495, 1.0706761, -8.722967, 0.4343599]
5;2,2,3,4-tetramethylpentane;Float32[1.2695147, 1.2524638, -8.025054, 0.661909]
5;3,3-diethylpentane;Float32[1.2524163, 1.2441909, -8.450556, 0.75799406]
5;2,3,4-trimethyl pentane;Float32[1.1740934, 1.1340292, -7.322973, 0.59409463]
5;2-methylhexane;Float32[1.3283893, 1.0303929, -6.657721, 0.33454037]
5;2,2,3-trimethylbutane;Float32[0.759081, 1.1657729, -6.007204, 0.5640453]
5;3-methyl-3-ethylpentane;Float32[1.1233059, 1.1922469, -7.207923, 0.6620842]
5;pentadecane;Float32[4.66437, 1.0395498, -12.172552, 0.34254634]
5;hexane;Float32[1.0912868, 0.8834413, -6.1489077, 0.2523992]
5;2-methyloctane;Float32[2.197372, 0.90727925, -7.8188562, 0.48094022]
5;octacosane;Float32[9.597551, 1.4343166, -23.15615, 0.44568384]
5;2,2,4,4-tetramethylpentane;Float32[1.2613517, 1.2670383, -7.880685, 0.57577384]
5;2-methyl-3-ethyl-pentane;Float32[1.3432904, 1.0906961, -7.7082596, 0.5098578]
5;2-methylpentane;Float32[0.99185, 0.87911785, -5.809021, 0.2279794]
5;2,3,3,4-tetramethylpentane;Float32[1.2620503, 1.2247193, -8.144218, 0.7336836]
5;2,3-dimethyldecane;Float32[2.6784716, 1.1728413, -9.440945, 0.6066991]
5;ethane;Float32[-0.41775754, 0.28531718, -2.3099842, 0.11423882]
5;2,3-dimethylpentane;Float32[1.0385076, 1.060128, -6.6632113, 0.5791023]
5;2,3-dimethylundecane;Float32[2.9412742, 1.2565966, -10.40354, 0.6400629]
5;pentane;Float32[0.68414986, 0.8454147, -5.237033, 0.21014117]
5;tetradecane;Float32[4.0630145, 1.005468, -11.331854, 0.5604466]
5;2-methylundecane;Float32[2.9357705, 1.3348805, -9.750624, 0.5854188]
5;squalane;Float32[8.6382885, 1.7289336, -20.81617, 0.49010408]
5;2,2-dimethylbutane;Float32[0.70664513, 1.0353956, -5.3834553, 0.36644888]
5;2-methylpropane;Float32[0.19290432, 0.8813646, -4.1550207, 0.22130857]
5;2,3,3-trimethylpentane;Float32[1.0511361, 1.2232151, -6.8007135, 0.6660024]
5;3-ethylhexane;Float32[1.6181141, 0.97527987, -7.7882757, 0.51367927]
5;2,2-dimethylhexane;Float32[1.4310781, 1.1753366, -6.924021, 0.4605161]
5;2,2,4-trimethylpentane;Float32[1.1603462, 1.1951973, -6.6345577, 0.5034398]
5;2,4-dimethylhexane;Float32[1.4793502, 1.0703621, -7.554104, 0.41990745]
5;2,2,5-trimethylhexane;Float32[1.7855564, 1.046988, -7.695719, 0.37216556]
5;3-methylhexane;Float32[1.2591974, 1.0534675, -6.963358, 0.49718213]
5;dodecane;Float32[3.399572, 0.9656567, -10.117029, 0.3395449]
5;eicosane;Float32[6.447718, 1.353919, -15.100021, 0.52537143]
5;2,3-dimethylheptane;Float32[1.8666273, 1.1321921, -7.6623178, 0.5393238]
5;2,7-dimethyloctane;Float32[2.3096404, 1.1080236, -9.409532, 0.44598258]
5;4-methylheptane;Float32[1.6630503, 0.96239847, -7.3600817, 0.455747]
5;tetracosane;Float32[8.117527, 1.2751503, -18.991558, 0.48861492]
5;methane;Float32[-0.32950065, 0.3305863, -1.3143448, 0.064369805]
5;3,3-dimethylpentane;Float32[0.88327706, 1.1096277, -6.155986, 0.57983303]
5;2,2,3,3-tetramethylpentane;Float32[1.2203003, 1.2841525, -7.881182, 0.7647469]
5;2,2-dimethylpentane;Float32[1.0424834, 1.0429246, -6.215325, 0.40517163]
5;2-methyltridecane;Float32[3.7597804, 1.0840634, -11.31664, 0.5686742]
5;2,3-dimethylbutane;Float32[0.7008921, 1.0430353, -5.912283, 0.40055156]
5;2,3-dimethylhexane;Float32[1.4173442, 1.0308318, -7.2919245, 0.5145718]
5;2,3-dimethylnonane;Float32[2.0323796, 1.3615465, -8.6933155, 0.5889045]
5;propane;Float32[-0.029966973, 0.4387319, -3.2454407, 0.022682717]
5;heptane;Float32[1.4840804, 0.93016803, -6.589174, 0.42314184]
5;2,4-dimethylpentane;Float32[1.1152006, 1.0428393, -6.877928, 0.37496698]
6;2,5-dimethylhexane;Float32[1.5801073, 1.0019025, -7.6274548, 0.4333884]
6;2-methylheptane;Float32[1.7017027, 0.9347949, -7.092371, 0.38985842]
6;3-methyldecane;Float32[2.3016021, 1.3540976, -9.077164, 0.6866937]
6;hexadecane;Float32[4.9519095, 1.2267865, -12.492331, 0.40750414]
6;3,3-dimethylhexane;Float32[1.2489983, 1.1336082, -6.963209, 0.55189365]
6;3-methyltridecane;Float32[3.650501, 1.2466787, -11.383437, 0.579984]
6;2-methylbutane;Float32[0.5362012, 0.8482855, -5.1795087, 0.37681252]
6;nonane;Float32[2.249736, 0.9520098, -8.161841, 0.45212656]
6;heptacosane;Float32[9.178461, 1.3659719, -22.136536, 0.38537294]
6;2,2-dimethylpropane;Float32[0.3143579, 1.0314363, -4.5513353, 0.3120324]
6;2,4,4-trimethylhexane;Float32[1.4698554, 1.1987358, -7.594346, 0.55406004]
6;octadecane;Float32[5.662309, 1.196516, -13.929164, 0.3824094]
6;heptadecane;Float32[5.3948903, 1.3313332, -13.11815, 0.6023789]
6;n-undecane;Float32[3.069451, 1.1096072, -9.347713, 0.3912843]
6;nonadecane;Float32[6.102903, 1.2334236, -14.325043, 0.5722497]
6;2,2,4,4,6,8,8-heptamethylnonane;Float32[3.5039327, 1.4563597, -10.797529, 0.5362366]
6;3-methyldodecane;Float32[3.0386198, 1.2416614, -10.508642, 0.6746331]
6;3,4-dimethylhexane;Float32[1.4279114, 1.07259, -7.4032, 0.5502853]
6;3-methylheptane;Float32[1.6602627, 0.995118, -7.07055, 0.31185836]
6;n-butane;Float32[0.21498457, 0.5605651, -4.5158267, 0.2936682]
6;2,2,5,5-tetramethylhexane;Float32[1.657971, 1.3025073, -8.7274685, 0.502333]
6;tridecane;Float32[3.6846364, 0.92157406, -10.701994, 0.36900192]
6;2,2,3-trimethylpentane;Float32[1.1125962, 1.1905781, -6.83896, 0.60944587]
6;decane;Float32[2.5731094, 1.0399691, -9.045719, 0.47998506]
6;3-ethylpentane;Float32[1.0352637, 1.0480865, -7.4147077, 0.44593567]
6;2,3-dimethyldodecane;Float32[3.3472402, 1.312961, -11.189312, 0.62430483]
6;3-methylundecane;Float32[2.62938, 1.191188, -9.72863, 0.6529415]
6;2-methyldecane;Float32[2.8659303, 1.1252075, -9.235413, 0.4665845]
6;3-methylpentane;Float32[0.9024932, 0.9254912, -6.439781, 0.2478518]
6;octane;Float32[1.8714558, 0.9736092, -7.2022295, 0.51383215]
6;2-methyldodecane;Float32[3.3988488, 1.2995394, -10.355906, 0.43670565]
6;2,6-dimethyloctane;Float32[2.2821262, 1.0762979, -8.722965, 0.43144184]
6;2,2,3,4-tetramethylpentane;Float32[1.2728273, 1.257531, -8.025052, 0.6592789]
6;3,3-diethylpentane;Float32[1.2557284, 1.2492584, -8.450554, 0.755364]
6;2,3,4-trimethyl pentane;Float32[1.1770431, 1.138542, -7.3229713, 0.5917526]
6;2-methylhexane;Float32[1.3309776, 1.0343522, -6.65772, 0.33248538]
6;2,2,3-trimethylbutane;Float32[0.76166934, 1.169732, -6.007203, 0.56199044]
6;3-methyl-3-ethylpentane;Float32[1.1262566, 1.1967603, -7.2079215, 0.6597417]
6;pentadecane;Float32[4.6698556, 1.0479424, -12.172549, 0.3381899]
6;hexane;Float32[1.0935127, 0.88684595, -6.1489067, 0.2506321]
6;2-methyloctane;Float32[2.2006848, 0.9123471, -7.818855, 0.47830993]
6;octacosane;Float32[9.607742, 1.4499096, -23.156143, 0.43759042]
6;2,2,4,4-tetramethylpentane;Float32[1.2646638, 1.2721058, -7.880683, 0.5731438]
6;2-methyl-3-ethyl-pentane;Float32[1.3462406, 1.0952092, -7.708258, 0.5075154]
6;2-methylpentane;Float32[0.99407595, 0.8825227, -5.8090196, 0.22621234]
6;2,3,3,4-tetramethylpentane;Float32[1.2653624, 1.2297865, -8.144217, 0.73105365]
6;2,3-dimethyldecane;Float32[2.682872, 1.179572, -9.440943, 0.603206]
6;ethane;Float32[-0.41698143, 0.2865045, -2.3099837, 0.113622494]
6;2,3-dimethylpentane;Float32[1.0410963, 1.064087, -6.6632104, 0.5770475]
6;2,3-dimethylundecane;Float32[2.946037, 1.2638816, -10.403538, 0.636282]
6;pentane;Float32[0.6860139, 0.848265, -5.237032, 0.20866175]
6;tetradecane;Float32[4.068137, 1.0133067, -11.33185, 0.5563782]
6;2-methylundecane;Float32[2.94017, 1.341611, -9.750622, 0.5819252]
6;squalane;Float32[8.649205, 1.7456346, -20.816166, 0.48143607]
6;2,2-dimethylbutane;Float32[0.70887154, 1.0388008, -5.383454, 0.36468154]
6;2-methylpropane;Float32[0.1944057, 0.88366055, -4.1550198, 0.22011693]
6;2,3,3-trimethylpentane;Float32[1.0540863, 1.227729, -6.8007116, 0.6636601]
6;3-ethylhexane;Float32[1.6210643, 0.97979295, -7.788274, 0.5113366]
6;2,2-dimethylhexane;Float32[1.4340292, 1.1798502, -6.924019, 0.45817357]
6;2,2,4-trimethylpentane;Float32[1.1632963, 1.1997106, -6.634556, 0.5010975]
6;2,4-dimethylhexane;Float32[1.4823004, 1.0748754, -7.554103, 0.41756505]
6;2,2,5-trimethylhexane;Float32[1.788869, 1.0520557, -7.695717, 0.36953527]
6;3-methylhexane;Float32[1.2617861, 1.0574266, -6.963357, 0.49512726]
6;dodecane;Float32[3.4039705, 0.97238714, -10.117027, 0.33605176]
6;eicosane;Float32[6.4550147, 1.3650815, -15.100018, 0.5195778]
6;2,3-dimethylheptane;Float32[1.8699404, 1.1372598, -7.6623163, 0.53669363]
6;2,7-dimethyloctane;Float32[2.3133166, 1.113645, -9.40953, 0.44306475]
6;4-methylheptane;Float32[1.666001, 0.9669119, -7.3600802, 0.4534045]
6;tetracosane;Float32[8.126273, 1.2885288, -18.991554, 0.48167068]
6;methane;Float32[-0.32908657, 0.3312195, -1.3143445, 0.06404116]
6;3,3-dimethylpentane;Float32[0.88586634, 1.1135873, -6.155985, 0.57777816]
6;2,2,3,3-tetramethylpentane;Float32[1.2236129, 1.2892205, -7.881181, 0.76211673]
6;2,2-dimethylpentane;Float32[1.0450722, 1.0468842, -6.215324, 0.40311664]
6;2-methyltridecane;Float32[3.7649047, 1.0919024, -11.316637, 0.56460553]
6;2,3-dimethylbutane;Float32[0.703118, 1.04644, -5.9122815, 0.39878458]
6;2,3-dimethylhexane;Float32[1.4202949, 1.0353454, -7.2919226, 0.51222926]
6;2,3-dimethylnonane;Float32[2.0364177, 1.3677227, -8.693314, 0.5856989]
6;propane;Float32[-0.028828226, 0.44047362, -3.24544, 0.021778652]
6;heptane;Float32[1.4866687, 0.934127, -6.589173, 0.42108697]
6;2,4-dimethylpentane;Float32[1.1177894, 1.0467981, -6.877927, 0.37291247]
7;2,5-dimethylhexane;Float32[1.5829628, 1.0062596, -7.6274533, 0.43112853]
7;2-methylheptane;Float32[1.7045591, 0.9391527, -7.0923696, 0.3875983]
7;3-methyldecane;Float32[2.3055098, 1.3600608, -9.077162, 0.68360066]
7;hexadecane;Float32[4.9575696, 1.2354242, -12.492327, 0.403024]
7;3,3-dimethylhexane;Float32[1.2518547, 1.1379663, -6.9632077, 0.54963326]
7;3-methyltridecane;Float32[3.6554601, 1.2542471, -11.383435, 0.5760586]
7;2-methylbutane;Float32[0.5380044, 0.8510376, -5.179508, 0.37538508]
7;nonane;Float32[2.2529423, 0.9569025, -8.1618395, 0.44958892]
7;heptacosane;Float32[9.187979, 1.3804924, -22.136532, 0.37784126]
7;2,2-dimethylpropane;Float32[0.31616113, 1.0341884, -4.5513344, 0.31060508]
7;2,4,4-trimethylhexane;Float32[1.4730623, 1.2036285, -7.5943446, 0.55152225]
7;octadecane;Float32[5.66867, 1.2062232, -13.929161, 0.37737396]
7;heptadecane;Float32[5.4009013, 1.3405056, -13.118147, 0.5976212]
7;n-undecane;Float32[3.0733593, 1.11557, -9.347711, 0.38819125]
7;nonadecane;Float32[6.109613, 1.2436657, -14.32504, 0.56693673]
7;2,2,4,4,6,8,8-heptamethylnonane;Float32[3.5095909, 1.464996, -10.797525, 0.5317576]
7;3-methyldodecane;Float32[3.0432284, 1.2486947, -10.508639, 0.6709852]
7;3,4-dimethylhexane;Float32[1.4307668, 1.0769476, -7.4031982, 0.54802537]
7;3-methylheptane;Float32[1.6631191, 0.99947584, -7.070548, 0.30959824]
7;n-butane;Float32[0.21643707, 0.5627817, -4.5158257, 0.29251853]
7;2,2,5,5-tetramethylhexane;Float32[1.6615269, 1.3079348, -8.727467, 0.49951842]
7;tridecane;Float32[3.6892445, 0.9286067, -10.70199, 0.36535433]
7;2,2,3-trimethylpentane;Float32[1.1154525, 1.1949359, -6.8389587, 0.6071856]
7;decane;Float32[2.5766652, 1.0453967, -9.045717, 0.47717002]
7;3-ethylpentane;Float32[1.0377681, 1.0519084, -7.414706, 0.4439533]
7;2,3-dimethyldodecane;Float32[3.3521984, 1.320529, -11.18931, 0.6203797]
7;3-methylundecane;Float32[2.6336381, 1.1976862, -9.728628, 0.64957094]
7;2-methyldecane;Float32[2.869838, 1.1311706, -9.235411, 0.46349147]
7;3-methylpentane;Float32[0.9046476, 0.9287786, -6.43978, 0.24614683]
7;octane;Float32[1.8743122, 0.97796667, -7.2022276, 0.5115721]
7;2-methyldodecane;Float32[3.4034584, 1.3065727, -10.355904, 0.4330578]
7;2,6-dimethyloctane;Float32[2.2856815, 1.0817255, -8.722963, 0.4286268]
7;2,2,3,4-tetramethylpentane;Float32[1.2760336, 1.2624234, -8.025051, 0.6567416]
7;3,3-diethylpentane;Float32[1.2589352, 1.2541509, -8.450552, 0.7528267]
7;2,3,4-trimethyl pentane;Float32[1.179899, 1.1428989, -7.3229694, 0.5894928]
7;2-methylhexane;Float32[1.333482, 1.0381745, -6.6577187, 0.3305029]
7;2,2,3-trimethylbutane;Float32[0.7641747, 1.1735547, -6.007201, 0.5600078]
7;3-methyl-3-ethylpentane;Float32[1.1291125, 1.2011181, -7.20792, 0.65748143]
7;pentadecane;Float32[4.675165, 1.0560453, -12.172546, 0.33398703]
7;hexane;Float32[1.0956676, 0.8901331, -6.1489058, 0.24892727]
7;2-methyloctane;Float32[2.203892, 0.91724, -7.8188534, 0.47577217]
7;octacosane;Float32[9.617611, 1.464964, -23.15614, 0.4297817]
7;2,2,4,4-tetramethylpentane;Float32[1.2678707, 1.2769983, -7.8806815, 0.57060647]
7;2-methyl-3-ethyl-pentane;Float32[1.349097, 1.0995666, -7.7082567, 0.50525546]
7;2-methylpentane;Float32[0.9962306, 0.88580984, -5.8090186, 0.22450748]
7;2,3,3,4-tetramethylpentane;Float32[1.2685692, 1.2346787, -8.144215, 0.7285161]
7;2,3-dimethyldecane;Float32[2.6871297, 1.1860698, -9.440941, 0.5998354]
7;ethane;Float32[-0.41623035, 0.28765073, -2.3099833, 0.11302796]
7;2,3-dimethylpentane;Float32[1.0436013, 1.0679094, -6.663209, 0.57506514]
7;2,3-dimethylundecane;Float32[2.9506462, 1.2709146, -10.403535, 0.63263416]
7;pentane;Float32[0.68781686, 0.851017, -5.2370315, 0.20723453]
7;tetradecane;Float32[4.073095, 1.0208745, -11.331848, 0.5524528]
7;2-methylundecane;Float32[2.9444282, 1.3481091, -9.75062, 0.57855463]
7;squalane;Float32[8.659769, 1.761758, -20.81616, 0.47307184]
7;2,2-dimethylbutane;Float32[0.71102643, 1.0420883, -5.383453, 0.36297658]
7;2-methylpropane;Float32[0.19585821, 0.8858772, -4.1550193, 0.21896723]
7;2,3,3-trimethylpentane;Float32[1.0569432, 1.2320869, -6.80071, 0.66139984]
7;3-ethylhexane;Float32[1.6239202, 0.9841505, -7.7882724, 0.50907683]
7;2,2-dimethylhexane;Float32[1.4368851, 1.1842083, -6.9240174, 0.45591334]
7;2,2,4-trimethylpentane;Float32[1.1661527, 1.2040681, -6.6345544, 0.4988375]
7;2,4-dimethylhexane;Float32[1.4851563, 1.0792328, -7.554101, 0.41530517]
7;2,2,5-trimethylhexane;Float32[1.7920754, 1.0569482, -7.6957154, 0.366998]
7;3-methylhexane;Float32[1.264291, 1.0612491, -6.9633555, 0.4931449]
7;dodecane;Float32[3.4082296, 0.97888505, -10.117025, 0.3326812]
7;eicosane;Float32[6.4620776, 1.3758584, -15.100014, 0.5139873]
7;2,3-dimethylheptane;Float32[1.8731477, 1.1421527, -7.6623144, 0.53415585]
7;2,7-dimethyloctane;Float32[2.316872, 1.1190722, -9.409529, 0.44024995]
7;4-methylheptane;Float32[1.6688573, 0.9712695, -7.360079, 0.4511445]
7;tetracosane;Float32[8.134737, 1.3014445, -18.99155, 0.47497204]
7;methane;Float32[-0.3286861, 0.33183077, -1.3143442, 0.06372404]
7;3,3-dimethylpentane;Float32[0.8883717, 1.1174101, -6.155984, 0.5757953]
7;2,2,3,3-tetramethylpentane;Float32[1.2268202, 1.2941132, -7.881179, 0.75957894]
7;2,2-dimethylpentane;Float32[1.0475776, 1.0507067, -6.2153225, 0.40113392]
7;2-methyltridecane;Float32[3.7698638, 1.0994705, -11.316635, 0.56068015]
7;2,3-dimethylbutane;Float32[0.7052729, 1.049727, -5.9122806, 0.39707986]
7;2,3-dimethylhexane;Float32[1.4231508, 1.039703, -7.291921, 0.50996923]
7;2,3-dimethylnonane;Float32[2.0403259, 1.3736857, -8.69331, 0.5826061]
7;propane;Float32[-0.027726434, 0.44215503, -3.2454395, 0.020906476]
7;heptane;Float32[1.4891737, 0.9379493, -6.5891714, 0.41910425]
7;2,4-dimethylpentane;Float32[1.1202939, 1.0506201, -6.877926, 0.3709301]
8;2,5-dimethylhexane;Float32[1.5857303, 1.0104717, -7.627452, 0.42894578]
8;2-methylheptane;Float32[1.7073267, 0.9433653, -7.092368, 0.38541532]
8;3-methyldecane;Float32[2.3092968, 1.3658254, -9.07716, 0.6806135]
8;hexadecane;Float32[4.9630566, 1.2437743, -12.492325, 0.3986957]
8;3,3-dimethylhexane;Float32[1.2546232, 1.1421794, -6.9632063, 0.54745007]
8;3-methyltridecane;Float32[3.6602676, 1.2615634, -11.383432, 0.5722668]
8;2-methylbutane;Float32[0.5397523, 0.8536981, -5.1795073, 0.37400633]
8;nonane;Float32[2.2560494, 0.9616323, -8.161839, 0.4471376]
8;heptacosane;Float32[9.1972, 1.3945291, -22.136526, 0.37056565]
8;2,2-dimethylpropane;Float32[0.31790903, 1.0368489, -4.5513334, 0.30922627]
8;2,4,4-trimethylhexane;Float32[1.4761698, 1.2083586, -7.594343, 0.5490711]
8;octadecane;Float32[5.674837, 1.2156076, -13.929157, 0.37251067]
8;heptadecane;Float32[5.406727, 1.3493727, -13.118143, 0.59302545]
8;n-undecane;Float32[3.0771463, 1.1213344, -9.34771, 0.38520432]
8;nonadecane;Float32[6.1161184, 1.2535671, -14.325037, 0.561805]
8;2,2,4,4,6,8,8-heptamethylnonane;Float32[3.5150774, 1.4733447, -10.7975235, 0.5274308]
8;3-methyldodecane;Float32[3.047695, 1.2554935, -10.508637, 0.6674619]
8;3,4-dimethylhexane;Float32[1.4335344, 1.0811602, -7.4031973, 0.5458424]
8;3-methylheptane;Float32[1.6658866, 1.0036887, -7.070547, 0.30741525]
8;n-butane;Float32[0.217845, 0.56492454, -4.515825, 0.29140806]
8;2,2,5,5-tetramethylhexane;Float32[1.6649735, 1.3131814, -8.727465, 0.49679923]
8;tridecane;Float32[3.693711, 0.9354056, -10.701988, 0.36183047]
8;2,2,3-trimethylpentane;Float32[1.1182206, 1.1991488, -6.8389573, 0.60500264]
8;decane;Float32[2.5801127, 1.0506438, -9.045715, 0.47445083]
8;3-ethylpentane;Float32[1.0401957, 1.0556034, -7.4147043, 0.44203866]
8;2,3-dimethyldodecane;Float32[3.3570068, 1.3278453, -11.189306, 0.6165881]
8;3-methylundecane;Float32[2.6377656, 1.203968, -9.728626, 0.6463156]
8;2-methyldecane;Float32[2.8736255, 1.1369352, -9.235409, 0.46050453]
8;3-methylpentane;Float32[0.90673524, 0.93195647, -6.4397793, 0.24450003]
8;octane;Float32[1.8770797, 0.9821791, -7.2022266, 0.50938916]
8;2-methyldodecane;Float32[3.407925, 1.3133718, -10.355902, 0.42953444]
8;2,6-dimethyloctane;Float32[2.289129, 1.0869724, -8.722961, 0.42590785]
8;2,2,3,4-tetramethylpentane;Float32[1.2791407, 1.267153, -8.025049, 0.65429056]
8;3,3-diethylpentane;Float32[1.2620423, 1.2588804, -8.450551, 0.7503756]
8;2,3,4-trimethyl pentane;Float32[1.1826665, 1.1471108, -7.3229685, 0.5873102]
8;2-methylhexane;Float32[1.3359106, 1.04187, -6.6577168, 0.328588]
8;2,2,3-trimethylbutane;Float32[0.76660234, 1.17725, -6.0072, 0.5580931]
8;3-methyl-3-ethylpentane;Float32[1.1318805, 1.2053308, -7.2079186, 0.6552985]
8;pentadecane;Float32[4.6803117, 1.0638782, -12.1725445, 0.3299272]
8;hexane;Float32[1.0977547, 0.8933107, -6.148905, 0.24728034]
8;2-methyloctane;Float32[2.206999, 0.92197007, -7.8188515, 0.47332084]
8;octacosane;Float32[9.6271715, 1.4795179, -23.156134, 0.4222386]
8;2,2,4,4-tetramethylpentane;Float32[1.2709777, 1.2817279, -7.88068, 0.5681554]
8;2-methyl-3-ethyl-pentane;Float32[1.3518646, 1.1037787, -7.7082553, 0.50307274]
8;2-methylpentane;Float32[0.99831825, 0.8889877, -5.8090177, 0.22286056]
8;2,3,3,4-tetramethylpentane;Float32[1.2716763, 1.2394083, -8.144214, 0.72606516]
8;2,3-dimethyldecane;Float32[2.6912572, 1.1923516, -9.440939, 0.59658027]
8;ethane;Float32[-0.41550204, 0.28875884, -2.309983, 0.112453684]
8;2,3-dimethylpentane;Float32[1.0460289, 1.0716046, -6.663207, 0.5731504]
8;2,3-dimethylundecane;Float32[2.9551127, 1.2777137, -10.403533, 0.62911105]
8;pentane;Float32[0.6895645, 0.8536772, -5.2370305, 0.20585583]
8;tetradecane;Float32[4.077903, 1.0281904, -11.331845, 0.548661]
8;2-methylundecane;Float32[2.9485557, 1.354391, -9.750618, 0.57529926]
8;squalane;Float32[8.670013, 1.777345, -20.816154, 0.46499372]
8;2,2-dimethylbutane;Float32[0.7131141, 1.0452666, -5.383452, 0.36132967]
8;2-methylpropane;Float32[0.1972659, 0.8880199, -4.1550183, 0.21785675]
8;2,3,3-trimethylpentane;Float32[1.0597107, 1.2362999, -6.800709, 0.65921664]
8;3-ethylhexane;Float32[1.6266878, 0.9883626, -7.788271, 0.506894]
8;2,2-dimethylhexane;Float32[1.4396532, 1.1884211, -6.924016, 0.4537301]
8;2,2,4-trimethylpentane;Float32[1.1689203, 1.2082804, -6.634553, 0.49665475]
8;2,4-dimethylhexane;Float32[1.4879243, 1.0834451, -7.5541, 0.41312242]
8;2,2,5-trimethylhexane;Float32[1.795183, 1.0616778, -7.695714, 0.36454678]
8;3-methylhexane;Float32[1.2667186, 1.0649444, -6.963354, 0.4912299]
8;dodecane;Float32[3.4123561, 0.9851664, -10.117023, 0.3294258]
8;eicosane;Float32[6.4689226, 1.3862768, -15.10001, 0.5085876]
8;2,3-dimethylheptane;Float32[1.8762548, 1.1468828, -7.6623125, 0.5317049]
8;2,7-dimethyloctane;Float32[2.320319, 1.124319, -9.409527, 0.43753123]
8;4-methylheptane;Float32[1.6716249, 0.97548205, -7.360078, 0.4489615]
8;tetracosane;Float32[8.142937, 1.3139307, -18.991547, 0.4684999]
8;methane;Float32[-0.32829776, 0.33242172, -1.3143439, 0.06341778]
8;3,3-dimethylpentane;Float32[0.8907998, 1.1211058, -6.155982, 0.57388043]
8;2,2,3,3-tetramethylpentane;Float32[1.2299273, 1.2988434, -7.881177, 0.75712776]
8;2,2-dimethylpentane;Float32[1.0500057, 1.0544025, -6.2153206, 0.39921904]
8;2-methyltridecane;Float32[3.7746704, 1.1067868, -11.316631, 0.55688834]
8;2,3-dimethylbutane;Float32[0.7073601, 1.0529046, -5.9122796, 0.39543307]
8;2,3-dimethylhexane;Float32[1.4259183, 1.0439156, -7.2919197, 0.5077863]
8;2,3-dimethylnonane;Float32[2.044113, 1.3794502, -8.693309, 0.57961893]
8;propane;Float32[-0.02665826, 0.4437806, -3.2454388, 0.020064164]
8;heptane;Float32[1.4916017, 0.94164443, -6.5891695, 0.41718948]
8;2,4-dimethylpentane;Float32[1.1227214, 1.054315, -6.877924, 0.36901557]
9;2,5-dimethylhexane;Float32[1.588415, 1.0145487, -7.627451, 0.42683548]
9;2-methylheptane;Float32[1.7100114, 0.9474428, -7.092367, 0.38330454]
9;3-methyldecane;Float32[2.3129709, 1.371405, -9.077158, 0.67772526]
9;hexadecane;Float32[4.968379, 1.2518564, -12.492322, 0.39451283]
9;3,3-dimethylhexane;Float32[1.2573079, 1.146257, -6.9632053, 0.5453393]
9;3-methyltridecane;Float32[3.6649296, 1.2686449, -11.3834305, 0.5686011]
9;2-methylbutane;Float32[0.541448, 0.8562732, -5.179506, 0.37267345]
9;nonane;Float32[2.259064, 0.9662101, -8.161837, 0.44476813]
9;heptacosane;Float32[9.206145, 1.4081149, -22.136522, 0.36353272]
9;2,2-dimethylpropane;Float32[0.31960472, 1.0394241, -4.551332, 0.30789346]
9;2,4,4-trimethylhexane;Float32[1.479184, 1.2129368, -7.5943413, 0.54670125]
9;octadecane;Float32[5.6808195, 1.2246906, -13.929153, 0.36780852]
9;heptadecane;Float32[5.4123783, 1.3579553, -13.11814, 0.5885827]
9;n-undecane;Float32[3.0808203, 1.1269135, -9.347708, 0.3823163]
9;nonadecane;Float32[6.122428, 1.2631506, -14.325033, 0.5568444]
9;2,2,4,4,6,8,8-heptamethylnonane;Float32[3.520398, 1.4814249, -10.797521, 0.5232479]
9;3-methyldodecane;Float32[3.0520284, 1.2620747, -10.508635, 0.66405505]
9;3,4-dimethylhexane;Float32[1.4362196, 1.0852376, -7.4031954, 0.54373187]
9;3-methylheptane;Float32[1.6685714, 1.0077661, -7.070545, 0.30530447]
9;n-butane;Float32[0.21921071, 0.56699866, -4.5158243, 0.29033428]
9;2,2,5,5-tetramethylhexane;Float32[1.6683177, 1.3182596, -8.727463, 0.49417037]
9;tridecane;Float32[3.6980445, 0.9419863, -10.701986, 0.35842413]
9;2,2,3-trimethylpentane;Float32[1.1209058, 1.2032264, -6.838956, 0.6028921]
9;decane;Float32[2.5834568, 1.0557224, -9.045713, 0.47182196]
9;3-ethylpentane;Float32[1.0425509, 1.0591794, -7.4147034, 0.44018728]
9;2,3-dimethyldodecane;Float32[3.3616693, 1.3349265, -11.189304, 0.6129226]
9;3-methylundecane;Float32[2.6417692, 1.2100486, -9.728624, 0.64316815]
9;2-methyldecane;Float32[2.8772995, 1.142515, -9.235407, 0.45761627]
9;3-methylpentane;Float32[0.9087609, 0.9350323, -6.439778, 0.24290784]
9;octane;Float32[1.8797644, 0.9862564, -7.2022247, 0.5072785]
9;2-methyldodecane;Float32[3.4122584, 1.3199525, -10.355898, 0.4261276]
9;2,6-dimethyloctane;Float32[2.2924736, 1.0920511, -8.72296, 0.423279]
9;2,2,3,4-tetramethylpentane;Float32[1.2821544, 1.2717305, -8.025047, 0.651921]
9;3,3-diethylpentane;Float32[1.265056, 1.2634581, -8.450549, 0.74800605]
9;2,3,4-trimethyl pentane;Float32[1.1853508, 1.1511875, -7.322967, 0.5852]
9;2-methylhexane;Float32[1.3382653, 1.0454466, -6.657716, 0.3267365]
9;2,2,3-trimethylbutane;Float32[0.7689575, 1.1808264, -6.007199, 0.5562417]
9;3-methyl-3-ethylpentane;Float32[1.1345652, 1.2094084, -7.207917, 0.6531878]
9;pentadecane;Float32[4.685305, 1.0714598, -12.172541, 0.32600254]
9;hexane;Float32[1.0997802, 0.8963863, -6.148903, 0.24568851]
9;2-methyloctane;Float32[2.2100132, 0.92654824, -7.8188496, 0.47095126]
9;octacosane;Float32[9.636448, 1.4936042, -23.156128, 0.4149453]
9;2,2,4,4-tetramethylpentane;Float32[1.273992, 1.2863058, -7.880678, 0.5657856]
9;2-methyl-3-ethyl-pentane;Float32[1.3545488, 1.1078559, -7.708254, 0.50096244]
9;2-methylpentane;Float32[1.0003437, 0.89206356, -5.809016, 0.22126837]
9;2,3,3,4-tetramethylpentane;Float32[1.2746905, 1.243986, -8.144212, 0.7236958]
9;2,3-dimethyldecane;Float32[2.6952608, 1.1984316, -9.440937, 0.59343284]
9;ethane;Float32[-0.41479602, 0.28983143, -2.3099825, 0.1118985]
9;2,3-dimethylpentane;Float32[1.0483841, 1.0751811, -6.663206, 0.571299]
9;2,3-dimethylundecane;Float32[2.9594457, 1.2842944, -10.40353, 0.62570447]
9;pentane;Float32[0.6912602, 0.8562522, -5.237029, 0.20452304]
9;tetradecane;Float32[4.0825667, 1.0352715, -11.331843, 0.5449957]
9;2-methylundecane;Float32[2.9525592, 1.3604711, -9.750616, 0.57215184]
9;squalane;Float32[8.67995, 1.7924321, -20.81615, 0.45718402]
9;2,2-dimethylbutane;Float32[0.71513975, 1.0483426, -5.3834505, 0.35973734]
9;2-methylpropane;Float32[0.19863185, 0.8900941, -4.1550174, 0.21678312]
9;2,3,3-trimethylpentane;Float32[1.0623959, 1.2403775, -6.800708, 0.6571061]
9;3-ethylhexane;Float32[1.6293725, 0.9924398, -7.7882695, 0.50478345]
9;2,2-dimethylhexane;Float32[1.4423383, 1.1924988, -6.924015, 0.45161957]
9;2,2,4-trimethylpentane;Float32[1.1716055, 1.2123579, -6.634552, 0.4945442]
9;2,4-dimethylhexane;Float32[1.490609, 1.0875224, -7.554098, 0.41101187]
9;2,2,5-trimethylhexane;Float32[1.7981967, 1.0662557, -7.695712, 0.36217707]
9;3-methylhexane;Float32[1.2690738, 1.068521, -6.963353, 0.4893784]
9;dodecane;Float32[3.4163601, 0.99124664, -10.117022, 0.3262784]
9;eicosane;Float32[6.475562, 1.3963606, -15.100007, 0.5033671]
9;2,3-dimethylheptane;Float32[1.879269, 1.1514608, -7.662311, 0.52933496]
9;2,7-dimethyloctane;Float32[2.3236635, 1.1293973, -9.409525, 0.43490237]
9;4-methylheptane;Float32[1.6743096, 0.9795595, -7.360076, 0.44685084]
9;tetracosane;Float32[8.150897, 1.3260158, -18.99154, 0.4622442]
9;methane;Float32[-0.32792106, 0.33299375, -1.3143438, 0.06312166]
9;3,3-dimethylpentane;Float32[0.893155, 1.1246827, -6.155981, 0.5720288]
9;2,2,3,3-tetramethylpentane;Float32[1.232942, 1.3034215, -7.8811755, 0.75475794]
9;2,2-dimethylpentane;Float32[1.0523609, 1.0579792, -6.2153196, 0.39736742]
9;2-methyltridecane;Float32[3.7793324, 1.1138681, -11.316629, 0.5532226]
9;2,3-dimethylbutane;Float32[0.7093853, 1.0559801, -5.912278, 0.3938412]
9;2,3-dimethylhexane;Float32[1.4286035, 1.0479928, -7.2919188, 0.50567573]
9;2,3-dimethylnonane;Float32[2.0477865, 1.3850297, -8.693307, 0.57673067]
9;propane;Float32[-0.025622517, 0.445354, -3.2454383, 0.019249689]
9;heptane;Float32[1.4939564, 0.94522095, -6.5891685, 0.41533798]
9;2,4-dimethylpentane;Float32[1.1250762, 1.0578911, -6.877923, 0.3671642]
10;2,5-dimethylhexane;Float32[1.5910214, 1.0184993, -7.627449, 0.42479292]
10;2-methylheptane;Float32[1.7126187, 0.951394, -7.0923653, 0.38126197]
10;3-methyldecane;Float32[2.3165388, 1.376812, -9.077156, 0.67493004]
10;hexadecane;Float32[4.973546, 1.2596885, -12.492319, 0.3904635]
10;3,3-dimethylhexane;Float32[1.2599152, 1.1502087, -6.9632034, 0.54329675]
10;3-methyltridecane;Float32[3.6694574, 1.2755073, -11.383427, 0.5650534]
10;2-methylbutane;Float32[0.54309475, 0.8587687, -5.179505, 0.37138346]
10;nonane;Float32[2.261992, 0.9706466, -8.161835, 0.4424745]
10;heptacosane;Float32[9.214835, 1.4212806, -22.13652, 0.35672584]
10;2,2-dimethylpropane;Float32[0.32125154, 1.0419195, -4.5513315, 0.30660346]
10;2,4,4-trimethylhexane;Float32[1.4821118, 1.2173733, -7.59434, 0.544408]
10;octadecane;Float32[5.6866264, 1.2334924, -13.929152, 0.36325803]
10;heptadecane;Float32[5.4178658, 1.3662724, -13.118137, 0.5842826]
10;n-undecane;Float32[3.0843887, 1.1323203, -9.347706, 0.37952104]
10;nonadecane;Float32[6.128557, 1.2724373, -14.32503, 0.55204266]
10;2,2,4,4,6,8,8-heptamethylnonane;Float32[3.5255651, 1.4892554, -10.797518, 0.51919955]
10;3-methyldodecane;Float32[3.0562363, 1.2684517, -10.508633, 0.66075844]
10;3,4-dimethylhexane;Float32[1.4388264, 1.0891886, -7.4031944, 0.54168934]
10;3-methylheptane;Float32[1.6711787, 1.0117174, -7.0705442, 0.30326167]
10;n-butane;Float32[0.2205371, 0.5690085, -4.5158234, 0.28929523]
10;2,2,5,5-tetramethylhexane;Float32[1.6715659, 1.3231808, -8.727461, 0.49162665]
10;tridecane;Float32[3.7022505, 0.94836324, -10.701984, 0.35512748]
10;2,2,3-trimethylpentane;Float32[1.1235131, 1.2071779, -6.8389544, 0.60084933]
10;decane;Float32[2.5867052, 1.0606438, -9.0457115, 0.46927777]
10;3-ethylpentane;Float32[1.0448383, 1.0626451, -7.4147024, 0.438396]
10;2,3-dimethyldodecane;Float32[3.3661966, 1.3417888, -11.1893015, 0.60937494]
10;3-methylundecane;Float32[2.6456575, 1.2159405, -9.7286215, 0.6401221]
10;2-methyldecane;Float32[2.880868, 1.1479217, -9.235405, 0.45482102]
10;3-methylpentane;Float32[0.9107274, 0.9380129, -6.4397774, 0.24136725]
10;octane;Float32[1.8823713, 0.9902074, -7.202224, 0.50523597]
10;2-methyldodecane;Float32[3.4164658, 1.3263297, -10.355896, 0.42283097]
10;2,6-dimethyloctane;Float32[2.2957206, 1.0969725, -8.722958, 0.4207348]
10;2,2,3,4-tetramethylpentane;Float32[1.2850827, 1.2761666, -8.025045, 0.64962786]
10;3,3-diethylpentane;Float32[1.2679843, 1.2678944, -8.450548, 0.7457127]
10;2,3,4-trimethyl pentane;Float32[1.1879576, 1.1551383, -7.3229656, 0.5831577]
10;2-methylhexane;Float32[1.3405532, 1.0489126, -6.657715, 0.324945]
10;2,2,3-trimethylbutane;Float32[0.7712449, 1.1842926, -6.0071974, 0.5544502]
10;3-methyl-3-ethylpentane;Float32[1.1371726, 1.2133596, -7.207916, 0.65114516]
10;pentadecane;Float32[4.6901517, 1.0788066, -12.172539, 0.32220498]
10;hexane;Float32[1.1017469, 0.8993669, -6.1489024, 0.24414757]
10;2-methyloctane;Float32[2.2129412, 0.9309846, -7.8188486, 0.46865764]
10;octacosane;Float32[9.645456, 1.5072542, -23.156124, 0.40788856]
10;2,2,4,4-tetramethylpentane;Float32[1.2769192, 1.2907418, -7.8806767, 0.5634925]
10;2-methyl-3-ethyl-pentane;Float32[1.3571557, 1.1118069, -7.7082524, 0.49891987]
10;2-methylpentane;Float32[1.0023106, 0.89504415, -5.8090153, 0.21972755]
10;2,3,3,4-tetramethylpentane;Float32[1.2776183, 1.2484219, -8.144211, 0.7214026]
10;2,3-dimethyldecane;Float32[2.6991491, 1.2043238, -9.440934, 0.5903873]
10;ethane;Float32[-0.41411015, 0.2908708, -2.3099823, 0.11136109]
10;2,3-dimethylpentane;Float32[1.0506719, 1.078647, -6.663205, 0.5695074]
10;2,3-dimethylundecane;Float32[2.9636526, 1.2906713, -10.403528, 0.6224076]
10;pentane;Float32[0.692907, 0.8587476, -5.237028, 0.20323291]
10;tetradecane;Float32[4.0870924, 1.0421335, -11.3318405, 0.54144806]
10;2-methylundecane;Float32[2.9564476, 1.3663633, -9.750613, 0.56910604]
10;squalane;Float32[8.689593, 1.8070511, -20.816143, 0.4496247]
10;2,2-dimethylbutane;Float32[0.7171072, 1.0513237, -5.3834496, 0.3581964]
10;2-methylpropane;Float32[0.199958, 0.892104, -4.155017, 0.21574411]
10;2,3,3-trimethylpentane;Float32[1.0650033, 1.244329, -6.800706, 0.65506333]
10;3-ethylhexane;Float32[1.6319793, 0.99639076, -7.788268, 0.5027409]
10;2,2-dimethylhexane;Float32[1.4449457, 1.1964502, -6.924013, 0.44957677]
10;2,2,4-trimethylpentane;Float32[1.1742123, 1.2163088, -6.63455, 0.49250165]
10;2,4-dimethylhexane;Float32[1.4932154, 1.0914731, -7.554097, 0.4089693]
10;2,2,5-trimethylhexane;Float32[1.8011245, 1.070692, -7.6957107, 0.35988393]
10;3-methylhexane;Float32[1.2713617, 1.0719872, -6.9633517, 0.4875869]
10;dodecane;Float32[3.420248, 0.99713844, -10.117019, 0.32323304]
10;eicosane;Float32[6.482011, 1.406132, -15.100004, 0.49831548]
10;2,3-dimethylheptane;Float32[1.8821963, 1.1558973, -7.6623096, 0.5270416]
10;2,7-dimethyloctane;Float32[2.3269105, 1.1343185, -9.409522, 0.43235865]
10;4-methylheptane;Float32[1.6769165, 0.9835107, -7.360075, 0.44480827]
10;tetracosane;Float32[8.158626, 1.337727, -18.991537, 0.4561893]
10;methane;Float32[-0.3275554, 0.33354804, -1.3143436, 0.0628351]
10;3,3-dimethylpentane;Float32[0.89544284, 1.128149, -6.1559796, 0.5702371]
10;2,2,3,3-tetramethylpentane;Float32[1.2358693, 1.3078581, -7.881174, 0.7524645]
10;2,2-dimethylpentane;Float32[1.0546488, 1.0614455, -6.2153187, 0.3955758]
10;2-methyltridecane;Float32[3.7838597, 1.1207305, -11.3166275, 0.5496754]
10;2,3-dimethylbutane;Float32[0.71135175, 1.0589604, -5.912277, 0.39230052]
10;2,3-dimethylhexane;Float32[1.4312104, 1.051944, -7.291917, 0.5036332]
10;2,3-dimethylnonane;Float32[2.051355, 1.3904364, -8.693306, 0.5739357]
10;propane;Float32[-0.024616338, 0.44687867, -3.245438, 0.01846144]
10;heptane;Float32[1.4962438, 0.94868684, -6.5891676, 0.41354647]
10;2,4-dimethylpentane;Float32[1.1273636, 1.0613565, -6.8779216, 0.36537293]
11;2,5-dimethylhexane;Float32[1.5935559, 1.0223318, -7.627448, 0.4228152]
11;2-methylheptane;Float32[1.7151537, 0.9552271, -7.0923643, 0.3792838]
11;3-methyldecane;Float32[2.3200073, 1.3820571, -9.077154, 0.672223]
11;hexadecane;Float32[4.97857, 1.2672856, -12.492316, 0.38654172]
11;3,3-dimethylhexane;Float32[1.2624507, 1.154042, -6.9632025, 0.5413183]
11;3-methyltridecane;Float32[3.6738605, 1.2821645, -11.383426, 0.56161726]
11;2-methylbutane;Float32[0.5446958, 0.86118937, -5.1795044, 0.37013394]
11;nonane;Float32[2.2648382, 0.97495013, -8.161834, 0.44025338]
11;heptacosane;Float32[9.223281, 1.4340518, -22.136513, 0.35013306]
11;2,2-dimethylpropane;Float32[0.32285255, 1.0443403, -4.5513306, 0.30535388]
11;2,4,4-trimethylhexane;Float32[1.4849586, 1.221677, -7.5943384, 0.54218674]
11;octadecane;Float32[5.6922703, 1.2420303, -13.929148, 0.3588506]
11;heptadecane;Float32[5.4232006, 1.3743399, -13.118135, 0.5801188]
11;n-undecane;Float32[3.0878563, 1.137565, -9.347704, 0.37681377]
11;nonadecane;Float32[6.134514, 1.2814454, -14.325027, 0.54739296]
11;2,2,4,4,6,8,8-heptamethylnonane;Float32[3.530589, 1.4968513, -10.797515, 0.5152787]
11;3-methyldodecane;Float32[3.0603266, 1.2746383, -10.508631, 0.65756524]
11;3,4-dimethylhexane;Float32[1.4413614, 1.0930215, -7.4031925, 0.53971124]
11;3-methylheptane;Float32[1.6737137, 1.0155505, -7.0705423, 0.30128348]
11;n-butane;Float32[0.22182627, 0.57095826, -4.515823, 0.2882889]
11;2,2,5,5-tetramethylhexane;Float32[1.6747227, 1.3279546, -8.727459, 0.48916233]
11;tridecane;Float32[3.7063422, 0.95454866, -10.701982, 0.35193455]
11;2,2,3-trimethylpentane;Float32[1.1260476, 1.211011, -6.838953, 0.598871]
11;decane;Float32[2.5898623, 1.0654178, -9.04571, 0.46681345]
11;3-ethylpentane;Float32[1.0470605, 1.0660068, -7.4147015, 0.4366609]
11;2,3-dimethyldodecane;Float32[3.3705988, 1.3484457, -11.189301, 0.60593927]
11;3-methylundecane;Float32[2.6494374, 1.2216562, -9.72862, 0.63717186]
11;2-methyldecane;Float32[2.8843355, 1.1531667, -9.235403, 0.452114]
11;3-methylpentane;Float32[0.9126391, 0.94090444, -6.4397764, 0.23987472]
11;octane;Float32[1.8849058, 0.9940403, -7.2022223, 0.5032575]
11;2-methyldodecane;Float32[3.420556, 1.332516, -10.355894, 0.4196378]
11;2,6-dimethyloctane;Float32[2.2988777, 1.1017464, -8.722956, 0.41827095]
11;2,2,3,4-tetramethylpentane;Float32[1.2879281, 1.2804699, -8.025044, 0.64740694]
11;3,3-diethylpentane;Float32[1.2708302, 1.2721976, -8.450546, 0.74349177]
11;2,3,4-trimethyl pentane;Float32[1.1904917, 1.1589706, -7.322964, 0.58117974]
11;2-methylhexane;Float32[1.3427758, 1.0522748, -6.657714, 0.32320964]
11;2,2,3-trimethylbutane;Float32[0.77346796, 1.1876549, -6.0071964, 0.5527147]
11;3-methyl-3-ethylpentane;Float32[1.1397076, 1.2171928, -7.2079144, 0.64916694]
11;pentadecane;Float32[4.6948647, 1.0859333, -12.172537, 0.3185259]
11;hexane;Float32[1.1036582, 0.9022581, -6.1489015, 0.24265504]
11;2-methyloctane;Float32[2.2157874, 0.9352885, -7.8188467, 0.4664365]
11;octacosane;Float32[9.654214, 1.5204957, -23.15612, 0.4010526]
11;2,2,4,4-tetramethylpentane;Float32[1.2797651, 1.2950453, -7.8806753, 0.56127155]
11;2-methyl-3-ethyl-pentane;Float32[1.3596902, 1.1156393, -7.708251, 0.4969418]
11;2-methylpentane;Float32[1.0042219, 0.8979357, -5.8090143, 0.21823514]
11;2,3,3,4-tetramethylpentane;Float32[1.2804632, 1.2527252, -8.144209, 0.71918166]
11;2,3-dimethyldecane;Float32[2.7029295, 1.210039, -9.440932, 0.58743703]
11;ethane;Float32[-0.4134434, 0.291879, -2.3099818, 0.11084068]
11;2,3-dimethylpentane;Float32[1.0528946, 1.0820092, -6.663204, 0.56777215]
11;2,3-dimethylundecane;Float32[2.9677439, 1.2968575, -10.403526, 0.61921465]
11;pentane;Float32[0.69450754, 0.861168, -5.2370276, 0.20198345]
11;tetradecane;Float32[4.0914955, 1.0487899, -11.331839, 0.5380119]
11;2-methylundecane;Float32[2.9602275, 1.3720788, -9.750611, 0.5661558]
11;squalane;Float32[8.698971, 1.821233, -20.81614, 0.44230425]
11;2,2-dimethylbutane;Float32[0.7190189, 1.0542154, -5.3834486, 0.35670376]
11;2-methylpropane;Float32[0.20124741, 0.8940537, -4.1550164, 0.21473783]
11;2,3,3-trimethylpentane;Float32[1.0675387, 1.2481622, -6.800705, 0.653085]
11;3-ethylhexane;Float32[1.6345143, 1.0002236, -7.788267, 0.50076294]
11;2,2-dimethylhexane;Float32[1.4474807, 1.2002835, -6.924012, 0.44759834]
11;2,2,4-trimethylpentane;Float32[1.1767468, 1.2201416, -6.634549, 0.49052346]
11;2,4-dimethylhexane;Float32[1.49575, 1.0953059, -7.5540953, 0.40699136]
11;2,2,5-trimethylhexane;Float32[1.8039703, 1.0749954, -7.695709, 0.35766304]
11;3-methylhexane;Float32[1.2735844, 1.0753495, -6.9633512, 0.48585153]
11;dodecane;Float32[3.4240274, 1.0028534, -10.117017, 0.3202821]
11;eicosane;Float32[6.4882765, 1.4156111, -15.100001, 0.49342263]
11;2,3-dimethylheptane;Float32[1.8850431, 1.160201, -7.662308, 0.52482045]
11;2,7-dimethyloctane;Float32[2.3300676, 1.139092, -9.409521, 0.42989457]
11;4-methylheptane;Float32[1.6794515, 0.9873436, -7.360073, 0.4428301]
11;tetracosane;Float32[8.166137, 1.3490872, -18.991535, 0.45032418]
11;methane;Float32[-0.32719988, 0.3340857, -1.3143433, 0.06255753]
11;3,3-dimethylpentane;Float32[0.8976659, 1.1315116, -6.155979, 0.5685016]
11;2,2,3,3-tetramethylpentane;Float32[1.2387161, 1.3121618, -7.8811727, 0.7502433]
11;2,2-dimethylpentane;Float32[1.0568719, 1.064808, -6.2153177, 0.3938402]
11;2-methyltridecane;Float32[3.7882624, 1.1273874, -11.316626, 0.54623926]
11;2,3-dimethylbutane;Float32[0.71326345, 1.0618516, -5.9122763, 0.39080822]
11;2,3-dimethylhexane;Float32[1.4337449, 1.055777, -7.291916, 0.501655]
11;2,3-dimethylnonane;Float32[2.054823, 1.3956814, -8.693304, 0.5712286]
11;propane;Float32[-0.023638293, 0.44835764, -3.2454371, 0.017698048]
11;heptane;Float32[1.4984665, 0.9520488, -6.5891666, 0.4118111]
11;2,4-dimethylpentane;Float32[1.1295862, 1.0647184, -6.877921, 0.3636377]
12;2,5-dimethylhexane;Float32[1.5960226, 1.0260531, -7.627446, 0.42089757]
12;2-methylheptane;Float32[1.7176204, 0.95894897, -7.0923624, 0.37736592]
12;3-methyldecane;Float32[2.3233833, 1.3871502, -9.077152, 0.66959864]
12;hexadecane;Float32[4.9834585, 1.2746629, -12.492314, 0.38274035]
12;3,3-dimethylhexane;Float32[1.2649174, 1.1577642, -6.9632006, 0.53940016]
12;3-methyltridecane;Float32[3.6781454, 1.2886285, -11.383423, 0.5582867]
12;2-methylbutane;Float32[0.5462537, 0.86354005, -5.1795034, 0.36892292]
12;nonane;Float32[2.2676067, 0.97912896, -8.161832, 0.43809995]
12;heptacosane;Float32[9.231498, 1.4464527, -22.13651, 0.34374246]
12;2,2-dimethylpropane;Float32[0.32441044, 1.0466908, -4.5513296, 0.30414292]
12;2,4,4-trimethylhexane;Float32[1.4877272, 1.2258561, -7.594337, 0.5400334]
12;octadecane;Float32[5.6977634, 1.2503211, -13.929146, 0.35457763]
12;heptadecane;Float32[5.4283915, 1.3821741, -13.118133, 0.57608086]
12;n-undecane;Float32[3.0912313, 1.1426579, -9.347702, 0.37418947]
12;nonadecane;Float32[6.1403084, 1.2901933, -14.325024, 0.54288393]
12;2,2,4,4,6,8,8-heptamethylnonane;Float32[3.5354767, 1.5042275, -10.797513, 0.51147825]
12;3-methyldodecane;Float32[3.0643082, 1.2806451, -10.508629, 0.6544698]
12;3,4-dimethylhexane;Float32[1.4438281, 1.0967432, -7.4031916, 0.53779346]
12;3-methylheptane;Float32[1.6761808, 1.0192724, -7.0705414, 0.2993656]
12;n-butane;Float32[0.22308111, 0.57285154, -4.5158224, 0.2873133]
12;2,2,5,5-tetramethylhexane;Float32[1.6777945, 1.33259, -8.727457, 0.4867743]
12;tridecane;Float32[3.7103224, 0.96055543, -10.70198, 0.34883913]
12;2,2,3-trimethylpentane;Float32[1.1285148, 1.2147331, -6.8389516, 0.5969532]
12;decane;Float32[2.5929337, 1.0700535, -9.045709, 0.46442494]
12;3-ethylpentane;Float32[1.0492234, 1.0692713, -7.4147, 0.4349788]
12;2,3-dimethyldodecane;Float32[3.3748827, 1.3549095, -11.189297, 0.6026085]
12;3-methylundecane;Float32[2.6531148, 1.2272063, -9.728619, 0.6343122]
12;2-methyldecane;Float32[2.887711, 1.1582597, -9.235401, 0.44948968]
12;3-methylpentane;Float32[0.9145007, 0.94371223, -6.439775, 0.23842809]
12;octane;Float32[1.887373, 0.99776196, -7.202221, 0.50133985]
12;2-methyldodecane;Float32[3.4245377, 1.338523, -10.355892, 0.41654238]
12;2,6-dimethyloctane;Float32[2.3019505, 1.1063821, -8.722955, 0.41588244]
12;2,2,3,4-tetramethylpentane;Float32[1.2906971, 1.2846484, -8.0250435, 0.64525396]
12;3,3-diethylpentane;Float32[1.2735987, 1.2763765, -8.450544, 0.74133855]
12;2,3,4-trimethyl pentane;Float32[1.1929579, 1.1626918, -7.3229628, 0.5792623]
12;2-methylhexane;Float32[1.3449397, 1.0555396, -6.6577125, 0.32152733]
12;2,2,3-trimethylbutane;Float32[0.7756314, 1.1909195, -6.0071955, 0.5510326]
12;3-methyl-3-ethylpentane;Float32[1.1421738, 1.2209146, -7.207913, 0.64724904]
12;pentadecane;Float32[4.69945, 1.0928539, -12.172533, 0.31495962]
12;hexane;Float32[1.1055198, 0.90506566, -6.1489, 0.24120852]
12;2-methyloctane;Float32[2.218557, 0.93946767, -7.8188457, 0.46428296]
12;octacosane;Float32[9.662733, 1.5333531, -23.156116, 0.39442644]
12;2,2,4,4-tetramethylpentane;Float32[1.2825341, 1.2992239, -7.880674, 0.55911833]
12;2-methyl-3-ethyl-pentane;Float32[1.3621569, 1.1193609, -7.7082496, 0.4950243]
12;2-methylpentane;Float32[1.0060835, 0.9007435, -5.8090134, 0.2167885]
12;2,3,3,4-tetramethylpentane;Float32[1.2832327, 1.2569039, -8.144207, 0.7170287]
12;2,3-dimethyldecane;Float32[2.706606, 1.215589, -9.440931, 0.58457714]
12;ethane;Float32[-0.41279447, 0.29285803, -2.3099816, 0.11033621]
12;2,3-dimethylpentane;Float32[1.055058, 1.085274, -6.663203, 0.56609005]
12;2,3-dimethylundecane;Float32[2.9717255, 1.3028646, -10.403524, 0.6161192]
12;pentane;Float32[0.6960654, 0.8635185, -5.2370267, 0.2007725]
12;tetradecane;Float32[4.0957785, 1.0552534, -11.331837, 0.53468114]
12;2-methylundecane;Float32[2.9639044, 1.3776288, -9.75061, 0.5632959]
12;squalane;Float32[8.708095, 1.8350036, -20.816135, 0.43520793]
12;2,2-dimethylbutane;Float32[0.7208805, 1.0570234, -5.3834476, 0.355257]
12;2-methylpropane;Float32[0.20250225, 0.89594686, -4.155016, 0.21376225]
12;2,3,3-trimethylpentane;Float32[1.0700054, 1.2518843, -6.800703, 0.6511672]
12;3-ethylhexane;Float32[1.636981, 1.0039451, -7.788265, 0.4988452]
12;2,2-dimethylhexane;Float32[1.4499474, 1.2040056, -6.9240103, 0.44568047]
12;2,2,4-trimethylpentane;Float32[1.1792135, 1.2238634, -6.634547, 0.48860583]
12;2,4-dimethylhexane;Float32[1.4982171, 1.0990276, -7.5540943, 0.40507373]
12;2,2,5-trimethylhexane;Float32[1.8067393, 1.079174, -7.695708, 0.35550985]
12;3-methylhexane;Float32[1.2757478, 1.0786142, -6.9633493, 0.48416921]
12;dodecane;Float32[3.4277043, 1.0084033, -10.117016, 0.31742272]
12;eicosane;Float32[6.494376, 1.4248155, -15.099998, 0.48867854]
12;2,3-dimethylheptane;Float32[1.8878121, 1.1643798, -7.662307, 0.5226672]
12;2,7-dimethyloctane;Float32[2.3331394, 1.1437274, -9.409519, 0.42750582]
12;4-methylheptane;Float32[1.6819181, 0.9910655, -7.360072, 0.44091222]
12;tetracosane;Float32[8.173445, 1.3601182, -18.99153, 0.44464025]
12;methane;Float32[-0.3268538, 0.3346078, -1.3143432, 0.06228847]
12;3,3-dimethylpentane;Float32[0.89982986, 1.1347768, -6.1559772, 0.56681913]
12;2,2,3,3-tetramethylpentane;Float32[1.2414846, 1.3163409, -7.881171, 0.7480901]
12;2,2-dimethylpentane;Float32[1.0590353, 1.068073, -6.2153163, 0.392158]
12;2-methyltridecane;Float32[3.7925472, 1.1338512, -11.316623, 0.5429085]
12;2,3-dimethylbutane;Float32[0.7151246, 1.0646591, -5.9122753, 0.38936183]
12;2,3-dimethylhexane;Float32[1.4362121, 1.0594988, -7.291914, 0.49973735]
12;2,3-dimethylnonane;Float32[2.058199, 1.4007744, -8.693301, 0.5686045]
12;propane;Float32[-0.022686712, 0.44979388, -3.245437, 0.016957901]
12;heptane;Float32[1.5006304, 0.95531356, -6.589165, 0.4101288]
12;2,4-dimethylpentane;Float32[1.1317496, 1.0679829, -6.877919, 0.3619556]
13;2,5-dimethylhexane;Float32[1.5984249, 1.0296705, -7.627445, 0.41903764]
13;2-methylheptane;Float32[1.7200232, 0.96256673, -7.0923615, 0.37550575]
13;3-methyldecane;Float32[2.3266706, 1.3921007, -9.07715, 0.66705304]
13;hexadecane;Float32[4.9882193, 1.2818334, -12.4923115, 0.3790527]
13;3,3-dimethylhexane;Float32[1.2673202, 1.1613822, -6.9631996, 0.53754]
13;3-methyltridecane;Float32[3.6823158, 1.2949114, -11.383421, 0.55505544]
13;2-methylbutane;Float32[0.5477708, 0.8658248, -5.179503, 0.36774808]
13;nonane;Float32[2.2703047, 0.98319054, -8.161831, 0.4360116]
13;heptacosane;Float32[9.239503, 1.4585072, -22.136505, 0.33754307]
13;2,2-dimethylpropane;Float32[0.32592756, 1.0489756, -4.551329, 0.30296808]
13;2,4,4-trimethylhexane;Float32[1.4904256, 1.229918, -7.5943356, 0.5379451]
13;octadecane;Float32[5.7031155, 1.2583796, -13.929142, 0.3504334]
13;heptadecane;Float32[5.433448, 1.3897886, -13.11813, 0.5721653]
13;n-undecane;Float32[3.0945187, 1.1476079, -9.3477, 0.37164432]
13;nonadecane;Float32[6.145955, 1.2986958, -14.325022, 0.5385118]
13;2,2,4,4,6,8,8-heptamethylnonane;Float32[3.5402374, 1.5113966, -10.79751, 0.5077916]
13;3-methyldodecane;Float32[3.0681853, 1.2864839, -10.508626, 0.6514676]
13;3,4-dimethylhexane;Float32[1.4462309, 1.1003609, -7.4031906, 0.5359333]
13;3-methylheptane;Float32[1.6785831, 1.0228902, -7.0705404, 0.29750544]
13;n-butane;Float32[0.22430307, 0.5746918, -4.5158215, 0.28636712]
13;2,2,5,5-tetramethylhexane;Float32[1.6807866, 1.3370957, -8.727456, 0.4844573]
13;tridecane;Float32[3.714199, 0.96639395, -10.701977, 0.3458367]
13;2,2,3-trimethylpentane;Float32[1.1309175, 1.2183509, -6.8389506, 0.59509283]
13;decane;Float32[2.5959258, 1.0745595, -9.045707, 0.46210796]
13;3-ethylpentane;Float32[1.0513315, 1.0724442, -7.414699, 0.4333474]
13;2,3-dimethyldodecane;Float32[3.379055, 1.3611925, -11.189295, 0.59937745]
13;3-methylundecane;Float32[2.6566978, 1.2326007, -9.728617, 0.6315382]
13;2-methyldecane;Float32[2.8909984, 1.16321, -9.235399, 0.44694406]
13;3-methylpentane;Float32[0.91631275, 0.9464413, -6.4397745, 0.23702495]
13;octane;Float32[1.8897753, 1.0013795, -7.20222, 0.4994797]
13;2-methyldodecane;Float32[3.4284148, 1.3443618, -10.35589, 0.41354018]
13;2,6-dimethyloctane;Float32[2.3049421, 1.1108882, -8.722954, 0.41356546]
13;2,2,3,4-tetramethylpentane;Float32[1.293395, 1.2887099, -8.025042, 0.64316565]
13;3,3-diethylpentane;Float32[1.2762971, 1.280438, -8.450543, 0.73925024]
13;2,3,4-trimethyl pentane;Float32[1.1953602, 1.166309, -7.322962, 0.5774024]
13;2-methylhexane;Float32[1.3470478, 1.0587131, -6.657712, 0.31989568]
13;2,2,3-trimethylbutane;Float32[0.7777396, 1.194093, -6.0071945, 0.549401]
13;3-methyl-3-ethylpentane;Float32[1.144577, 1.2245325, -7.207912, 0.6453889]
13;pentadecane;Float32[4.703917, 1.0995803, -12.172532, 0.3115006]
13;hexane;Float32[1.1073318, 0.9077946, -6.1488996, 0.23980527]
13;2-methyloctane;Float32[2.2212548, 0.9435296, -7.818844, 0.4621945]
13;octacosane;Float32[9.671033, 1.5458515, -23.156113, 0.38799864]
13;2,2,4,4-tetramethylpentane;Float32[1.2852321, 1.3032855, -7.8806725, 0.55703]
13;2-methyl-3-ethyl-pentane;Float32[1.3645592, 1.1229784, -7.7082486, 0.49316412]
13;2-methylpentane;Float32[1.0078955, 0.90347254, -5.8090124, 0.21538536]
13;2,3,3,4-tetramethylpentane;Float32[1.2859306, 1.2609653, -8.144206, 0.71494037]
13;2,3-dimethyldecane;Float32[2.7101889, 1.2209835, -9.440929, 0.5818034]
13;ethane;Float32[-0.41216248, 0.29380962, -2.309981, 0.109846845]
13;2,3-dimethylpentane;Float32[1.0571656, 1.0884472, -6.6632023, 0.5644583]
13;2,3-dimethylundecane;Float32[2.9756021, 1.3087033, -10.403522, 0.61311704]
13;pentane;Float32[0.6975823, 0.8658031, -5.237026, 0.19959776]
13;tetradecane;Float32[4.099949, 1.0615358, -11.331834, 0.53145057]
13;2-methylundecane;Float32[2.9674878, 1.3830233, -9.750608, 0.56052214]
13;squalane;Float32[8.716985, 1.8483887, -20.81613, 0.42832524]
13;2,2-dimethylbutane;Float32[0.72269255, 1.0597528, -5.3834467, 0.35385364]
13;2-methylpropane;Float32[0.2037242, 0.8977872, -4.155015, 0.21281604]
13;2,3,3-trimethylpentane;Float32[1.0724077, 1.2555023, -6.800702, 0.64930683]
13;3-ethylhexane;Float32[1.6393828, 1.0075626, -7.7882643, 0.49698514]
13;2,2-dimethylhexane;Float32[1.4523501, 1.2076235, -6.9240093, 0.4438203]
13;2,2,4-trimethylpentane;Float32[1.1816163, 1.2274809, -6.6345463, 0.4867459]
13;2,4-dimethylhexane;Float32[1.5006194, 1.1026449, -7.5540934, 0.40321356]
13;2,2,5-trimethylhexane;Float32[1.8094373, 1.0832357, -7.6957064, 0.3534215]
13;3-methylhexane;Float32[1.2778559, 1.0817875, -6.9633484, 0.4825377]
13;dodecane;Float32[3.4312873, 1.0137975, -10.117014, 0.3146487]
13;eicosane;Float32[6.5003185, 1.433762, -15.099995, 0.4840775]
13;2,3-dimethylheptane;Float32[1.8905101, 1.168442, -7.6623054, 0.5205789]
13;2,7-dimethyloctane;Float32[2.336131, 1.1482332, -9.409517, 0.42518932]
13;4-methylheptane;Float32[1.6843204, 0.99468315, -7.360071, 0.43905216]
13;tetracosane;Float32[8.180572, 1.3708408, -18.991526, 0.43912607]
13;methane;Float32[-0.32651675, 0.3351153, -1.3143431, 0.062027503]
13;3,3-dimethylpentane;Float32[0.90193754, 1.1379504, -6.155977, 0.5651874]
13;2,2,3,3-tetramethylpentane;Float32[1.2441831, 1.3204029, -7.88117, 0.74600154]
13;2,2-dimethylpentane;Float32[1.0611434, 1.0712466, -6.215316, 0.39052624]
13;2-methyltridecane;Float32[3.7967186, 1.1401339, -11.31662, 0.53967744]
13;2,3-dimethylbutane;Float32[0.7169371, 1.0673879, -5.9122744, 0.3879587]
13;2,3-dimethylhexane;Float32[1.4386148, 1.0631166, -7.291913, 0.49787718]
13;2,3-dimethylnonane;Float32[2.0614862, 1.4057246, -8.6933, 0.56605893]
13;propane;Float32[-0.021759212, 0.45118982, -3.2454367, 0.016240168]
13;heptane;Float32[1.502738, 0.9584867, -6.5891643, 0.40849727]
13;2,4-dimethylpentane;Float32[1.1338568, 1.0711558, -6.8779187, 0.36032432]
14;2,5-dimethylhexane;Float32[1.6007658, 1.0331892, -7.6274443, 0.4172318]
14;2-methylheptane;Float32[1.7223641, 0.9660861, -7.0923605, 0.37369967]
14;3-methyldecane;Float32[2.3298745, 1.3969164, -9.077149, 0.6645818]
14;hexadecane;Float32[4.9928627, 1.2888091, -12.49231, 0.37547255]
14;3,3-dimethylhexane;Float32[1.269662, 1.1649017, -6.9631987, 0.53573406]
14;3-methyltridecane;Float32[3.6863828, 1.3010235, -11.383419, 0.551919]
14;2-methylbutane;Float32[0.54924977, 0.8680474, -5.179502, 0.36660755]
14;nonane;Float32[2.272933, 0.9871419, -8.161829, 0.43398368]
14;heptacosane;Float32[9.247308, 1.4702326, -22.136501, 0.33152533]
14;2,2-dimethylpropane;Float32[0.3274063, 1.0511981, -4.5513287, 0.30182755]
14;2,4,4-trimethylhexane;Float32[1.4930545, 1.2338694, -7.594334, 0.5359173]
14;octadecane;Float32[5.708334, 1.2662194, -13.92914, 0.34641027]
14;heptadecane;Float32[5.4383783, 1.397196, -13.118128, 0.56836367]
14;n-undecane;Float32[3.0977225, 1.1524235, -9.347698, 0.3691728]
14;nonadecane;Float32[6.1514597, 1.3069673, -14.325018, 0.53426695]
14;2,2,4,4,6,8,8-heptamethylnonane;Float32[3.544877, 1.5183711, -10.797508, 0.5042124]
14;3-methyldodecane;Float32[3.0719643, 1.2921641, -10.508624, 0.6485529]
14;3,4-dimethylhexane;Float32[1.4485723, 1.10388, -7.403189, 0.5341276]
14;3-methylheptane;Float32[1.680924, 1.0264095, -7.070539, 0.29569936]
14;n-butane;Float32[0.22549427, 0.5764819, -4.515821, 0.28544843]
14;2,2,5,5-tetramethylhexane;Float32[1.6837031, 1.3414788, -8.727455, 0.48220778]
14;tridecane;Float32[3.7179794, 0.9720737, -10.701975, 0.3429222]
14;2,2,3-trimethylpentane;Float32[1.1332599, 1.2218703, -6.838949, 0.5932871]
14;decane;Float32[2.5988426, 1.0789429, -9.045706, 0.45985818]
14;3-ethylpentane;Float32[1.0533849, 1.0755308, -7.4146976, 0.4317634]
14;2,3-dimethyldodecane;Float32[3.3831215, 1.3673044, -11.189293, 0.596241]
14;3-methylundecane;Float32[2.6601887, 1.237849, -9.728614, 0.62884474]
14;2-methyldecane;Float32[2.8942027, 1.168026, -9.235398, 0.44447255]
14;3-methylpentane;Float32[0.918079, 0.94909614, -6.4397736, 0.2356626]
14;octane;Float32[1.8921167, 1.0048985, -7.2022185, 0.49767375]
14;2-methyldodecane;Float32[3.4321947, 1.3500416, -10.355888, 0.41062498]
14;2,6-dimethyloctane;Float32[2.3078585, 1.1152716, -8.722952, 0.41131592]
14;2,2,3,4-tetramethylpentane;Float32[1.296024, 1.2926608, -8.02504, 0.6411382]
14;3,3-diethylpentane;Float32[1.278926, 1.2843891, -8.450542, 0.7372227]
14;2,3,4-trimethyl pentane;Float32[1.1977016, 1.1698276, -7.322961, 0.5755969]
14;2-methylhexane;Float32[1.3491007, 1.0618002, -6.65771, 0.31831145]
14;2,2,3-trimethylbutane;Float32[0.7797934, 1.19718, -6.007193, 0.5478169]
14;3-methyl-3-ethylpentane;Float32[1.1469189, 1.2280518, -7.2079105, 0.64358306]
14;pentadecane;Float32[4.708271, 1.1061238, -12.172529, 0.30814242]
14;hexane;Float32[1.1090976, 0.9104493, -6.1488986, 0.23844315]
14;2-methyloctane;Float32[2.2238832, 0.9474811, -7.818843, 0.4601668]
14;octacosane;Float32[9.679123, 1.5580089, -23.156107, 0.38175917]
14;2,2,4,4-tetramethylpentane;Float32[1.287861, 1.3072366, -7.880671, 0.55500257]
14;2-methyl-3-ethyl-pentane;Float32[1.366901, 1.1264974, -7.708247, 0.49135864]
14;2-methylpentane;Float32[1.0096618, 0.9061274, -5.8090115, 0.21402301]
14;2,3,3,4-tetramethylpentane;Float32[1.2885591, 1.2649163, -8.144205, 0.71291304]
14;2,3-dimethyldecane;Float32[2.7136803, 1.2262316, -9.440927, 0.57911015]
14;ethane;Float32[-0.41154647, 0.29473534, -2.3099809, 0.109371796]
14;2,3-dimethylpentane;Float32[1.05922, 1.0915341, -6.6632004, 0.56287444]
14;2,3-dimethylundecane;Float32[2.979382, 1.3143835, -10.40352, 0.6102023]
14;pentane;Float32[0.6990613, 0.8680255, -5.2370253, 0.19845714]
14;tetradecane;Float32[4.104017, 1.0676476, -11.331832, 0.5283141]
14;2-methylundecane;Float32[2.9709792, 1.3882711, -9.750606, 0.5578289]
14;squalane;Float32[8.725648, 1.8614091, -20.816128, 0.42164183]
14;2,2-dimethylbutane;Float32[0.7244593, 1.0624079, -5.3834457, 0.35249138]
14;2-methylpropane;Float32[0.2049154, 0.8995773, -4.155014, 0.21189739]
14;2,3,3-trimethylpentane;Float32[1.0747501, 1.2590216, -6.800701, 0.647501]
14;3-ethylhexane;Float32[1.6417242, 1.0110816, -7.7882633, 0.4951794]
14;2,2-dimethylhexane;Float32[1.454692, 1.2111429, -6.9240084, 0.44201434]
14;2,2,4-trimethylpentane;Float32[1.1839582, 1.2309998, -6.6345453, 0.48493993]
14;2,4-dimethylhexane;Float32[1.5029608, 1.1061641, -7.554092, 0.40140784]
14;2,2,5-trimethylhexane;Float32[1.8120662, 1.0871869, -7.695705, 0.35139394]
14;3-methylhexane;Float32[1.2799093, 1.0848746, -6.9633474, 0.48095345]
14;dodecane;Float32[3.4347782, 1.0190452, -10.117011, 0.3119552]
14;eicosane;Float32[6.5061083, 1.4424651, -15.099991, 0.4796114]
14;2,3-dimethylheptane;Float32[1.893139, 1.1723933, -7.662304, 0.5185511]
14;2,7-dimethyloctane;Float32[2.3390474, 1.1526161, -9.409516, 0.42294002]
14;4-methylheptane;Float32[1.6866618, 0.9982025, -7.3600693, 0.43724608]
14;tetracosane;Float32[8.18751, 1.3812711, -18.991524, 0.43377256]
14;methane;Float32[-0.32618827, 0.335609, -1.3143429, 0.06177412]
14;3,3-dimethylpentane;Float32[0.9039918, 1.141038, -6.1559753, 0.56360316]
14;2,2,3,3-tetramethylpentane;Float32[1.2468125, 1.3243543, -7.8811684, 0.743974]
14;2,2-dimethylpentane;Float32[1.0631977, 1.0743339, -6.215314, 0.388942]
14;2-methyltridecane;Float32[3.8007855, 1.1462462, -11.316618, 0.536541]
14;2,3-dimethylbutane;Float32[0.7187029, 1.0700426, -5.9122734, 0.38659656]
14;2,3-dimethylhexane;Float32[1.4409562, 1.0666357, -7.291912, 0.49607122]
14;2,3-dimethylnonane;Float32[2.0646896, 1.4105405, -8.693298, 0.56358767]
14;propane;Float32[-0.02085603, 0.45254782, -3.2454357, 0.015543297]
14;heptane;Float32[1.5047914, 0.9615736, -6.589163, 0.40691292]
14;2,4-dimethylpentane;Float32[1.1359106, 1.0742426, -6.8779173, 0.35874033]
15;2,5-dimethylhexane;Float32[1.6030504, 1.0366154, -7.627443, 0.41547796]
15;2-methylheptane;Float32[1.7246491, 0.9695126, -7.092359, 0.37194535]
15;3-methyldecane;Float32[2.333001, 1.4016054, -9.0771475, 0.6621816]
15;hexadecane;Float32[4.99739, 1.2956007, -12.492306, 0.37199542]
15;3,3-dimethylhexane;Float32[1.2719465, 1.1683288, -6.963197, 0.5339794]
15;3-methyltridecane;Float32[3.6903508, 1.3069745, -11.383416, 0.548872]
15;2-methylbutane;Float32[0.55069274, 0.87021154, -5.1795015, 0.36549982]
15;nonane;Float32[2.2754986, 0.9909892, -8.161828, 0.43201432]
15;heptacosane;Float32[9.254916, 1.4816495, -22.136497, 0.3256788]
15;2,2-dimethylpropane;Float32[0.3288495, 1.0533621, -4.5513277, 0.30071983]
15;2,4,4-trimethylhexane;Float32[1.4956199, 1.2377169, -7.5943327, 0.5339477]
15;octadecane;Float32[5.713422, 1.2738519, -13.929136, 0.34250256]
15;heptadecane;Float32[5.4431868, 1.4044081, -13.118124, 0.56467104]
15;n-undecane;Float32[3.1008494, 1.1571122, -9.347696, 0.36677238]
15;nonadecane;Float32[6.156831, 1.3150202, -14.325016, 0.53014326]
15;2,2,4,4,6,8,8-heptamethylnonane;Float32[3.5494053, 1.5251616, -10.797504, 0.50073576]
15;3-methyldodecane;Float32[3.075651, 1.2976946, -10.508623, 0.6457212]
15;3,4-dimethylhexane;Float32[1.4508568, 1.1073067, -7.4031878, 0.5323734]
15;3-methylheptane;Float32[1.6832091, 1.0298364, -7.0705376, 0.29394504]
15;n-butane;Float32[0.22665636, 0.57822496, -4.5158205, 0.284556]
15;2,2,5,5-tetramethylhexane;Float32[1.6865493, 1.3457466, -8.727453, 0.48002312]
15;tridecane;Float32[3.7216666, 0.97760373, -10.701974, 0.34009072]
15;2,2,3-trimethylpentane;Float32[1.1355435, 1.2252971, -6.8389482, 0.5915327]
15;decane;Float32[2.6016886, 1.0832108, -9.045704, 0.45767328]
15;3-ethylpentane;Float32[1.0553886, 1.0785363, -7.4146967, 0.43022487]
15;2,3-dimethyldodecane;Float32[3.38709, 1.3732555, -11.189291, 0.5931945]
15;3-methylundecane;Float32[2.6635964, 1.2429585, -9.728613, 0.6262293]
15;2-methyldecane;Float32[2.897329, 1.1727148, -9.235396, 0.44207236]
15;3-methylpentane;Float32[0.9198026, 0.951681, -6.439772, 0.23433934]
15;octane;Float32[1.8944007, 1.0083251, -7.202217, 0.49591944]
15;2-methyldodecane;Float32[3.435881, 1.3555721, -10.355886, 0.40779397]
15;2,6-dimethyloctane;Float32[2.3107045, 1.1195394, -8.72295, 0.40913126]
15;2,2,3,4-tetramethylpentane;Float32[1.2985889, 1.296508, -8.025039, 0.639169]
15;3,3-diethylpentane;Float32[1.2814904, 1.2882363, -8.450541, 0.7352532]
15;2,3,4-trimethyl pentane;Float32[1.1999856, 1.1732538, -7.322959, 0.5738429]
15;2-methylhexane;Float32[1.3511053, 1.064806, -6.657709, 0.3167728]
15;2,2,3-trimethylbutane;Float32[0.7817976, 1.2001859, -6.007192, 0.54627824]
15;3-methyl-3-ethylpentane;Float32[1.149203, 1.2314785, -7.2079096, 0.6418288]
15;pentadecane;Float32[4.712519, 1.1124951, -12.172527, 0.30488035]
15;hexane;Float32[1.1108211, 0.91303396, -6.148897, 0.23711954]
15;2-methyloctane;Float32[2.2264493, 0.9513285, -7.818841, 0.4581971]
15;octacosane;Float32[9.687014, 1.5698459, -23.156101, 0.37569806]
15;2,2,4,4-tetramethylpentane;Float32[1.2904264, 1.3110837, -7.8806696, 0.5530331]
15;2-methyl-3-ethyl-pentane;Float32[1.3691851, 1.1299238, -7.708246, 0.48960444]
15;2-methylpentane;Float32[1.0113856, 0.90871227, -5.8090105, 0.21269976]
15;2,3,3,4-tetramethylpentane;Float32[1.2911245, 1.2687633, -8.144203, 0.7109437]
15;2,3-dimethyldecane;Float32[2.717087, 1.2313411, -9.440926, 0.57649493]
15;ethane;Float32[-0.4109456, 0.29563668, -2.3099806, 0.10891028]
15;2,3-dimethylpentane;Float32[1.0612236, 1.0945399, -6.6631994, 0.5613358]
15;2,3-dimethylundecane;Float32[2.9830687, 1.3199137, -10.403519, 0.60737085]
15;pentane;Float32[0.700504, 0.87018937, -5.237025, 0.19734941]
15;tetradecane;Float32[4.107985, 1.0735981, -11.331829, 0.5252676]
15;2-methylundecane;Float32[2.974386, 1.3933809, -9.750605, 0.5552132]
15;squalane;Float32[8.734103, 1.8740876, -20.81612, 0.41514966]
15;2,2-dimethylbutane;Float32[0.72618264, 1.064993, -5.383445, 0.3511679]
15;2-methylpropane;Float32[0.2060775, 0.9013204, -4.1550136, 0.21100508]
15;2,3,3-trimethylpentane;Float32[1.0770346, 1.2624488, -6.8006997, 0.6457466]
15;3-ethylhexane;Float32[1.6440083, 1.014508, -7.788262, 0.4934251]
15;2,2-dimethylhexane;Float32[1.4569765, 1.2145698, -6.924007, 0.4402599]
15;2,2,4-trimethylpentane;Float32[1.1862417, 1.2344265, -6.634544, 0.48318574]
15;2,4-dimethylhexane;Float32[1.5052453, 1.1095905, -7.5540905, 0.39965388]
15;2,2,5-trimethylhexane;Float32[1.8146316, 1.0910342, -7.6957035, 0.34942457]
15;3-methylhexane;Float32[1.2819129, 1.0878804, -6.9633465, 0.4794148]
15;dodecane;Float32[3.438186, 1.0241547, -10.11701, 0.30933997]
15;eicosane;Float32[6.5117598, 1.4509383, -15.099987, 0.47527215]
15;2,3-dimethylheptane;Float32[1.8957044, 1.1762408, -7.6623025, 0.51658154]
15;2,7-dimethyloctane;Float32[2.3418934, 1.1568837, -9.409515, 0.42075536]
15;4-methylheptane;Float32[1.6889464, 1.001629, -7.3600683, 0.435492]
15;tetracosane;Float32[8.194279, 1.3914266, -18.991518, 0.42857167]
15;methane;Float32[-0.32586777, 0.33608967, -1.3143426, 0.061528012]
15;3,3-dimethylpentane;Float32[0.9059965, 1.1440439, -6.1559744, 0.5620644]
15;2,2,3,3-tetramethylpentane;Float32[1.2493778, 1.3282018, -7.881167, 0.7420044]
15;2,2-dimethylpentane;Float32[1.0652019, 1.0773398, -6.215313, 0.38740322]
15;2-methyltridecane;Float32[3.8047535, 1.1521971, -11.316616, 0.53349423]
15;2,3-dimethylbutane;Float32[0.72042626, 1.0726272, -5.9122725, 0.3852733]
15;2,3-dimethylhexane;Float32[1.4432408, 1.0700624, -7.2919106, 0.49431702]
15;2,3-dimethylnonane;Float32[2.0678165, 1.4152292, -8.693296, 0.56118774]
15;propane;Float32[-0.019974306, 0.45387006, -3.2454355, 0.014866335]
15;heptane;Float32[1.506795, 0.96457934, -6.589162, 0.40537438]
15;2,4-dimethylpentane;Float32[1.1379148, 1.0772479, -6.8779163, 0.35720178]
16;2,5-dimethylhexane;Float32[1.6052806, 1.039954, -7.6274414, 0.41377324]
16;2-methylheptane;Float32[1.7268798, 0.97285163, -7.0923576, 0.37024063]
16;3-methyldecane;Float32[2.3360527, 1.4061744, -9.077145, 0.6598479]
16;hexadecane;Float32[5.00181, 1.3022187, -12.492304, 0.36861557]
16;3,3-dimethylhexane;Float32[1.2741778, 1.171668, -6.963196, 0.53227466]
16;3-methyltridecane;Float32[3.694224, 1.3127735, -11.383414, 0.5459108]
16;2-methylbutane;Float32[0.55210114, 0.87232023, -5.1795006, 0.36442286]
16;nonane;Float32[2.2780025, 0.99473816, -8.161826, 0.43009943]
16;heptacosane;Float32[9.262348, 1.4927747, -22.136494, 0.31999725]
16;2,2-dimethylpropane;Float32[0.33025786, 1.0554711, -4.5513268, 0.29964298]
16;2,4,4-trimethylhexane;Float32[1.4981239, 1.241466, -7.5943313, 0.5320334]
16;octadecane;Float32[5.7183905, 1.2812896, -13.929134, 0.33870357]
16;heptadecane;Float32[5.44788, 1.4114361, -13.118122, 0.56108135]
16;n-undecane;Float32[3.1039002, 1.1616809, -9.347694, 0.36443895]
16;nonadecane;Float32[6.162072, 1.322868, -14.325012, 0.5261354]
16;2,2,4,4,6,8,8-heptamethylnonane;Float32[3.5538256, 1.5317786, -10.7975025, 0.49735683]
16;3-methyldodecane;Float32[3.079251, 1.3030832, -10.508619, 0.64296955]
16;3,4-dimethylhexane;Float32[1.4530876, 1.1106455, -7.4031863, 0.5306687]
16;3-methylheptane;Float32[1.6854398, 1.0331755, -7.070536, 0.29224032]
16;n-butane;Float32[0.22779104, 0.5799234, -4.5158195, 0.28368872]
16;2,2,5,5-tetramethylhexane;Float32[1.6893265, 1.3499051, -8.727451, 0.4778995]
16;tridecane;Float32[3.7252662, 0.9829922, -10.701971, 0.33733863]
16;2,2,3-trimethylpentane;Float32[1.1377747, 1.2286363, -6.8389463, 0.58982795]
16;decane;Float32[2.6044657, 1.0873696, -9.045702, 0.45554918]
16;3-ethylpentane;Float32[1.0573452, 1.0814648, -7.4146957, 0.42872936]
16;2,3-dimethyldodecane;Float32[3.3909628, 1.3790543, -11.189289, 0.590233]
16;3-methylundecane;Float32[2.6669219, 1.2479377, -9.728611, 0.6236865]
16;2-methyldecane;Float32[2.9003808, 1.1772838, -9.235394, 0.43973893]
16;3-methylpentane;Float32[0.92148566, 0.95419973, -6.4397717, 0.23305304]
16;octane;Float32[1.8966315, 1.0116638, -7.202216, 0.4942146]
16;2-methyldodecane;Float32[3.43948, 1.360961, -10.355884, 0.40504164]
16;2,6-dimethyloctane;Float32[2.3134825, 1.1236984, -8.722949, 0.40700716]
16;2,2,3,4-tetramethylpentane;Float32[1.3010924, 1.3002566, -8.025038, 0.63725466]
16;3,3-diethylpentane;Float32[1.2839944, 1.2919852, -8.450539, 0.733339]
16;2,3,4-trimethyl pentane;Float32[1.2022164, 1.1765921, -7.322958, 0.57213837]
16;2-methylhexane;Float32[1.3530619, 1.067735, -6.657708, 0.31527692]
16;2,2,3-trimethylbutane;Float32[0.7837546, 1.2031147, -6.0071907, 0.54478246]
16;3-methyl-3-ethylpentane;Float32[1.1514342, 1.2348175, -7.2079077, 0.6401238]
16;pentadecane;Float32[4.7166653, 1.1187035, -12.172525, 0.30170912]
16;hexane;Float32[1.112504, 0.91555256, -6.1488967, 0.2358336]
16;2-methyloctane;Float32[2.2289531, 0.9550777, -7.81884, 0.4562828]
16;octacosane;Float32[9.694719, 1.5813805, -23.156097, 0.36980766]
16;2,2,4,4-tetramethylpentane;Float32[1.2929299, 1.3148326, -7.880668, 0.5511188]
16;2-methyl-3-ethyl-pentane;Float32[1.3714159, 1.1332624, -7.7082443, 0.48789996]
16;2-methylpentane;Float32[1.0130684, 0.9112311, -5.8090096, 0.21141346]
16;2,3,3,4-tetramethylpentane;Float32[1.293628, 1.2725121, -8.144201, 0.7090294]
16;2,3-dimethyldecane;Float32[2.7204125, 1.23632, -9.440924, 0.57395214]
16;ethane;Float32[-0.41035905, 0.29651493, -2.3099802, 0.10846175]
16;2,3-dimethylpentane;Float32[1.0631802, 1.0974689, -6.6631985, 0.55984014]
16;2,3-dimethylundecane;Float32[2.9866679, 1.3253026, -10.403515, 0.60461897]
16;pentane;Float32[0.70191264, 0.87229806, -5.237024, 0.19627257]
16;tetradecane;Float32[4.1118574, 1.0793965, -11.331827, 0.5223059]
16;2-methylundecane;Float32[2.9777114, 1.3983598, -9.750603, 0.5526704]
16;squalane;Float32[8.742357, 1.8864411, -20.816116, 0.40884107]
16;2,2-dimethylbutane;Float32[0.72786593, 1.0675123, -5.383444, 0.3498816]
16;2-methylpropane;Float32[0.20721218, 0.90301883, -4.155013, 0.21013792]
16;2,3,3-trimethylpentane;Float32[1.0792654, 1.2657878, -6.8006983, 0.6440417]
16;3-ethylhexane;Float32[1.6462395, 1.017847, -7.7882605, 0.4917205]
16;2,2-dimethylhexane;Float32[1.4592078, 1.2179091, -6.9240055, 0.43855494]
16;2,2,4-trimethylpentane;Float32[1.1884725, 1.2377653, -6.6345425, 0.48148125]
16;2,4-dimethylhexane;Float32[1.5074761, 1.1129293, -7.554089, 0.39794916]
16;2,2,5-trimethylhexane;Float32[1.8171356, 1.0947831, -7.695702, 0.34751028]
16;3-methylhexane;Float32[1.2838705, 1.0908093, -6.9633455, 0.47791916]
16;dodecane;Float32[3.4415104, 1.0291333, -10.117008, 0.3067972]
16;eicosane;Float32[6.517275, 1.4591963, -15.099985, 0.47105545]
16;2,3-dimethylheptane;Float32[1.8982084, 1.1799898, -7.662301, 0.5146671]
16;2,7-dimethyloctane;Float32[2.3446715, 1.1610425, -9.409513, 0.4186315]
16;4-methylheptane;Float32[1.6911776, 1.004968, -7.360067, 0.43378693]
16;tetracosane;Float32[8.200889, 1.4013225, -18.991514, 0.42351764]
16;methane;Float32[-0.325555, 0.33655804, -1.3143425, 0.061288815]
16;3,3-dimethylpentane;Float32[0.907953, 1.1469731, -6.1559734, 0.5605685]
16;2,2,3,3-tetramethylpentane;Float32[1.2518814, 1.3319509, -7.8811655, 0.74008983]
16;2,2-dimethylpentane;Float32[1.0671585, 1.0802691, -6.215312, 0.38590747]
16;2-methyltridecane;Float32[3.808627, 1.1579957, -11.316614, 0.5305328]
16;2,3-dimethylbutane;Float32[0.7221091, 1.0751458, -5.9122715, 0.38398737]
16;2,3-dimethylhexane;Float32[1.4454715, 1.0734015, -7.291909, 0.4926123]
16;2,3-dimethylnonane;Float32[2.0708687, 1.4197984, -8.693295, 0.5588543]
16;propane;Float32[-0.01911357, 0.45515847, -3.2454348, 0.014208328]
16;heptane;Float32[1.5087521, 0.967508, -6.589161, 0.4038785]
16;2,4-dimethylpentane;Float32[1.1398709, 1.0801766, -6.8779154, 0.35570627]
