epoch;name;Mw;m;σ;λ_a;λ_r;ϵ
1;ethane;30.047;1.7268223571777344;3.440419006347656;6.0;23.880601196289064;339.3724609375;train
1;2,2-dimethylpropane;72.094;2.43822021484375;3.9671571655273437;6.0;24.272823791503907;440.62861328125;train
1;2,2-dimethylbutane;86.11;2.7408572387695314;4.107054443359375;6.0;24.245317687988283;468.2420654296875;train
1;2,3-dimethylpentane;100.125;3.1001873779296876;4.210842041015625;6.0;24.67999481201172;493.236865234375;train
1;2,4-dimethylpentane;100.125;3.2204237060546874;4.069680908203125;6.0;23.837945861816404;461.0044921875;train
1;3-methylheptane;114.141;3.7232464599609374;4.126172973632812;6.0;23.701010437011718;473.2374267578125;train
1;2-methyl-3-ethyl-pentane;114.141;3.3839383544921873;4.274329345703125;6.0;24.805073547363282;507.75686035156247;train
1;2,4-dimethylhexane;114.141;3.628596923828125;3.9770022583007814;6.0;22.799570617675784;437.1787841796875;train
1;2,2,3,4-tetramethylpentane;128.157;3.35400341796875;4.406669189453125;6.0;25.329800415039063;535.0146972656249;train
1;2,2,5-trimethylhexane;128.157;3.982076782226563;3.955206787109375;6.0;22.15795135498047;428.26552734375;train
1;2,6-dimethyloctane;142.172;4.407828125;4.099600830078125;6.0;23.041429138183595;465.1189208984375;train
1;2,3-dimethylnonane;156.188;4.199485839843749;4.32472802734375;6.0;24.426246643066406;517.0611083984375;train
1;3-methyldodecane;184.219;5.245119140625;4.261073120117187;6.0;23.56392059326172;504.557568359375;train
1;2,3-dimethyldodecane;198.235;5.496323974609375;4.256981079101562;6.0;23.76545562744141;505.799755859375;train
1;2,2,4,4,6,8,8-heptamethylnonane;226.266;5.562970458984375;4.3262177734375005;6.0;25.6127978515625;528.0799316406251;train
1;tetracosane;338.391;10.4361640625;4.266941528320313;6.0;25.060230407714844;479.6516357421876;train
1;propane;44.063;1.9799018058776854;3.7251192016601564;6.0;24.60441314697266;396.4315551757813;train
1;pentane;72.094;2.8067589111328126;3.967300354003906;6.0;24.008465270996094;441.4794189453125;train
1;2,3-dimethylbutane;86.11;2.757885986328125;4.143517944335938;6.0;24.79921478271484;479.626611328125;train
1;3-methylhexane;100.125;3.3090760498046876;4.13036181640625;6.0;24.06772308349609;475.2135498046875;train
1;2,5-dimethylhexane;114.141;3.6524407958984373;4.104390869140625;6.0;23.675234680175777;468.158447265625;train
1;2,2,3-trimethylpentane;114.141;3.2202666015625;4.21820166015625;6.0;24.075568542480468;489.818896484375;train
1;2,3,3-trimethylpentane;114.141;3.1628394775390625;4.257755859375;6.0;24.24312774658203;498.145751953125;train
1;4-methylheptane;114.141;3.7024000244140627;4.1655424804687495;6.0;24.073679504394534;483.39125976562497;train
1;3,3-diethylpentane;128.157;3.3694080810546874;4.37737060546875;6.0;24.93577362060547;527.6583740234375;train
1;2,3-dimethylheptane;128.157;3.9184497070312503;4.215163452148437;6.0;24.113726501464843;493.1701171875;train
1;2,7-dimethyloctane;142.172;4.4573129882812506;4.04900439453125;6.0;22.81998992919922;454.43400878906243;train
1;3-methylundecane;170.203;4.7914521484375;4.268758422851563;6.0;23.663384094238282;504.0501708984375;train
1;tridecane;184.219;5.723167236328125;4.056151733398438;6.0;22.817308044433595;463.75161132812497;train
1;tetradecane;198.235;6.28838818359375;4.11750830078125;6.0;23.168192443847655;479.45576171875007;train
1;heptadecane;240.282;7.6330498046875;4.147625;6.0;23.93687469482422;471.4719482421875;train
1;heptacosane;380.438;10.9992373046875;4.2747344970703125;6.0;25.03693084716797;481.03955078124994;train
1;n-butane;58.078;2.3338934326171876;3.876697509765625;6.0;24.348518981933594;424.5286865234375;train
1;3-methylpentane;86.11;2.994950439453125;4.0626420898437505;6.0;24.00473114013672;460.2091064453125;train
1;3-ethylpentane;100.125;3.240370361328125;4.130456787109375;6.0;24.18570343017578;475.851220703125;train
1;3,3-dimethylpentane;100.125;2.9749698486328127;4.197151000976563;6.0;24.37365447998047;487.26484375000007;train
1;2-methylheptane;114.141;3.751340087890625;4.168185546875;6.0;24.134425354003906;484.48476562499997;train
1;octane;114.141;3.986670654296875;4.0761518554687495;6.0;23.53292755126953;463.7228515625;train
1;3-ethylhexane;114.141;3.705268310546875;4.0645334472656245;6.0;23.357330627441407;458.9277587890625;train
1;2,3-dimethylhexane;114.141;3.5395694580078123;4.159749267578125;6.0;23.99112091064453;480.634033203125;train
1;2-methyloctane;128.157;4.22837548828125;4.13861962890625;6.0;23.55524200439453;475.953857421875;train
1;2,2,3,3-tetramethylpentane;128.157;3.3589835205078122;4.321707275390625;6.0;24.331320495605468;511.24052734375;train
1;3-methyldecane;156.188;4.4658642578125;4.070160522460937;6.0;22.665481872558594;457.77744140625;train
1;2,3-dimethyldecane;170.203;4.7266181640625;4.329243408203125;6.0;24.26357574462891;518.63271484375;train
1;2-methyldodecane;184.219;5.51177490234375;4.21196728515625;6.0;23.513858947753906;496.65112304687506;train
1;2-methyltridecane;198.235;5.89341015625;4.203573486328125;6.0;23.510650939941407;496.97568359375;train
1;octadecane;254.297;8.10657421875;4.17294775390625;6.0;24.246200256347656;473.1973876953125;train
1;octacosane;394.454;11.0224365234375;4.272898315429687;6.0;25.046617736816405;480.8302001953125;train
1;2-methylpropane;58.078;2.320490661621094;3.854164733886719;6.0;24.22516265869141;418.929541015625;train
1;hexane;86.11;3.12303125;4.046105102539062;6.0;24.10233367919922;459.08330078125;train
1;2-methylhexane;100.125;3.3993773193359376;4.096994018554687;6.0;23.954031066894533;468.4547363281251;train
1;2,2-dimethylpentane;100.125;3.0950703125;4.1238251953125005;6.0;23.86872833251953;470.285107421875;train
1;3,3-dimethylhexane;114.141;3.3105882568359375;4.27091015625;6.0;24.46454620361328;503.60996093750003;train
1;2,3,4-trimethyl pentane;114.141;3.24505859375;4.310742919921875;6.0;25.03186798095703;515.199951171875;train
1;2,2-dimethylhexane;114.141;3.549228515625;4.0424677734375;6.0;22.970468444824217;450.38327636718753;train
1;nonane;128.157;4.35800244140625;4.130397216796875;6.0;23.574256896972656;476.014453125;train
1;2,2,4,4-tetramethylpentane;128.157;3.3535091552734375;4.321926025390625;6.0;25.006059265136717;516.0263916015625;train
1;2,2,5,5-tetramethylhexane;142.172;3.7424285888671873;4.258310668945312;6.0;24.185024108886715;499.581884765625;train
1;n-undecane;156.188;5.035196777343749;4.090246337890625;6.0;23.045664978027347;468.52529296875;train
1;2-methylundecane;170.203;4.9904062499999995;4.226159790039063;6.0;23.656183776855467;497.1563232421875;train
1;2,3-dimethylundecane;184.219;5.02419091796875;4.3503789062500005;6.0;24.365984802246096;524.9576416015625;train
1;pentadecane;212.25;6.76802685546875;4.138086181640625;6.0;23.472001037597657;479.40051269531256;train
1;nonadecane;268.313;8.646176757812501;4.200449462890625;6.0;24.55023956298828;474.043603515625;train
1;squalane;422.485;10.99730859375;4.299725952148437;6.0;24.916990661621092;481.6036376953125;train
1;methane;16.031;1.7487282867431642;3.211914047241211;6.0;22.242876739501956;274.6857971191406;val
1;2-methylbutane;72.094;2.6542816162109375;3.99544189453125;6.0;24.206690979003906;447.06601562500003;val
1;2-methylpentane;86.11;3.0174267578125002;4.073636108398437;6.0;24.198597106933594;463.83583984375;val
1;2,2,3-trimethylbutane;100.125;2.887197082519531;4.150791748046875;6.0;24.214287414550782;476.376708984375;val
1;heptane;100.125;3.497554809570312;4.0643681640625005;6.0;23.90577423095703;462.60556640625003;val
1;3,4-dimethylhexane;114.141;3.49896923828125;4.241029663085937;6.0;24.449169006347656;499.478564453125;val
1;3-methyl-3-ethylpentane;114.141;3.2189739990234374;4.2557197265625;6.0;24.427473449707033;500.12709960937497;val
1;2,2,4-trimethylpentane;114.141;3.3401082763671877;4.110219604492188;6.0;23.684624938964845;466.960791015625;val
1;2,4,4-trimethylhexane;128.157;3.6233125;4.228739013671875;6.0;23.952928771972655;492.6165771484375;val
1;2,3,3,4-tetramethylpentane;128.157;3.414446899414062;4.293529541015625;6.0;24.36845428466797;506.9010009765625;val
1;decane;142.172;4.568122802734376;4.088364501953125;6.0;23.21852813720703;466.60261230468745;val
1;2-methyldecane;156.188;4.69257275390625;4.2168691406250005;6.0;23.686104431152344;494.09545898437506;val
1;dodecane;170.203;5.356128417968749;4.08792333984375;6.0;22.995846862792966;469.33442382812507;val
1;3-methyltridecane;198.235;5.803391113281251;4.192190185546875;6.0;23.190956115722656;491.810986328125;val
1;hexadecane;226.266;7.2159990234375;4.14014697265625;6.0;23.714696350097654;474.46911621093744;val
1;eicosane;282.329;9.09648046875;4.2241140136718744;6.0;24.752413024902342;474.17109375000007;val
2;ethane;30.047;1.69958251953125;3.450204620361328;6.0;23.8705859375;333.1813598632813;train
2;2,2-dimethylpropane;72.094;2.308828948974609;3.9910639648437503;6.0;24.599764099121092;426.326171875;train
2;2,2-dimethylbutane;86.11;2.580482177734375;4.1379327392578125;6.0;24.535262756347656;451.61484375;train
2;2,3-dimethylpentane;100.125;2.9157662353515628;4.248773193359375;6.0;24.984918518066408;474.86923828125;train
2;2,4-dimethylpentane;100.125;3.0528680419921876;4.102269653320312;6.0;24.097546691894532;444.204296875;train
2;3-methylheptane;114.141;3.5420267333984374;4.1599208984375;6.0;23.959248962402345;454.5302978515625;train
2;2-methyl-3-ethyl-pentane;114.141;3.1864163818359375;4.314761596679688;6.0;25.11934600830078;488.2972412109375;train
2;2,4-dimethylhexane;114.141;3.4577403564453126;4.000927795410156;6.0;23.00903717041016;419.672607421875;train
2;2,2,3,4-tetramethylpentane;128.157;3.14687060546875;4.451549926757813;6.0;25.675699462890623;513.999755859375;train
2;2,2,5-trimethylhexane;128.157;3.8110190429687503;3.974153564453125;6.0;22.383832092285157;410.10632324218756;train
2;2,6-dimethyloctane;142.172;4.216628662109375;4.129127807617188;6.0;23.33986602783203;445.2537353515625;train
2;2,3-dimethylnonane;156.188;3.9887481689453126;4.3670087890625;6.0;24.74007904052734;495.275732421875;train
2;3-methyldodecane;184.219;5.017546875;4.2991865234375;6.0;23.94012481689453;481.31337890624997;train
2;2,3-dimethyldodecane;198.235;5.2598046875;4.294422607421875;6.0;24.152948303222654;481.702490234375;train
2;2,2,4,4,6,8,8-heptamethylnonane;226.266;5.3391137695312505;4.373634033203125;6.0;26.04722473144531;503.936279296875;train
2;tetracosane;338.391;10.06267041015625;4.270533203125;6.0;25.179542846679688;451.343212890625;train
2;propane;44.063;1.902598358154297;3.7497468872070314;6.0;24.805088806152344;386.81854248046875;train
2;pentane;72.094;2.6734207763671876;4.00346044921875;6.0;24.265637512207032;427.741357421875;train
2;2,3-dimethylbutane;86.11;2.594772705078125;4.181046630859375;6.0;25.08423614501953;463.0968505859375;train
2;3-methylhexane;100.125;3.133627685546875;4.165989379882813;6.0;24.344598083496095;457.685595703125;train
2;2,5-dimethylhexane;114.141;3.476593505859375;4.1371220703125005;6.0;23.92570526123047;449.8147216796875;train
2;2,2,3-trimethylpentane;114.141;3.0256812744140626;4.250275512695312;6.0;24.35708892822266;470.3147949218749;train
2;2,3,3-trimethylpentane;114.141;2.964650207519531;4.29130615234375;6.0;24.53439239501953;478.3386962890625;train
2;4-methylheptane;114.141;3.5182198486328122;4.201873779296875;6.0;24.346883850097658;464.43767089843743;train
2;3,3-diethylpentane;128.157;3.1633532714843753;4.421234619140625;6.0;25.27469421386719;507.09565429687495;train
2;2,3-dimethylheptane;128.157;3.721302734375;4.2514719238281256;6.0;24.393441467285157;472.84223632812507;train
2;2,7-dimethyloctane;142.172;4.27266259765625;4.077697387695313;6.0;23.113375549316405;435.1428466796875;train
2;3-methylundecane;170.203;4.574002197265624;4.306204833984375;6.0;24.019917907714845;481.80092773437497;train
2;tridecane;184.219;5.50502099609375;4.088615478515625;6.0;23.093526916503908;441.64702148437505;train
2;tetradecane;198.235;6.05450927734375;4.1482778320312494;6.0;23.43769683837891;455.62172851562497;train
2;heptadecane;240.282;7.37534423828125;4.1558901367187495;6.0;24.101352844238278;445.352978515625;train
2;heptacosane;380.438;10.607150390625;4.2801533203125;6.0;25.258823852539063;453.2959716796875;train
2;n-butane;58.078;2.226843307495117;3.905918212890625;6.0;24.653199157714845;412.67841796875;train
2;3-methylpentane;86.11;2.83645556640625;4.09725732421875;6.0;24.27622100830078;444.17421875;train
2;3-ethylpentane;100.125;3.0704732666015624;4.1684521484375;6.0;24.473180236816408;458.86787109374995;train
2;3,3-dimethylpentane;100.125;2.791370056152344;4.231039794921875;6.0;24.655648498535157;468.82695312500005;train
2;2-methylheptane;114.141;3.569886962890625;4.2062266845703125;6.0;24.414447326660156;465.6546875;train
2;octane;114.141;3.8161171874999997;4.1119287109375;6.0;23.81950714111328;445.91865234375;train
2;3-ethylhexane;114.141;3.530714599609375;4.095671630859375;6.0;23.600518493652345;440.9202392578125;train
2;2,3-dimethylhexane;114.141;3.3537841796875;4.1922822265625;6.0;24.245010681152344;461.47448730468756;train
2;2-methyloctane;128.157;4.041169677734375;4.171950439453125;6.0;23.86679534912109;456.480517578125;train
2;2,2,3,3-tetramethylpentane;128.157;3.1698897705078126;4.363052856445313;6.0;24.645751037597655;491.597314453125;train
2;3-methyldecane;156.188;4.2745336914062495;4.098031005859375;6.0;22.957508239746094;438.0379638671875;train
2;2,3-dimethyldecane;170.203;4.5041982421875;4.368665283203125;6.0;24.63241668701172;495.766064453125;train
2;2-methyldodecane;184.219;5.283705078125;4.24963037109375;6.0;23.897356262207033;473.33334960937503;train
2;2-methyltridecane;198.235;5.654846923828125;4.2411523437500005;6.0;23.85904571533203;472.78408203125;train
2;octadecane;254.297;7.83429736328125;4.180841918945313;6.0;24.413000793457034;446.0074951171875;train
2;octacosane;394.454;10.630724609375;4.277734252929688;6.0;25.27117919921875;453.053125;train
2;2-methylpropane;58.078;2.2132326354980467;3.88054052734375;6.0;24.51941864013672;407.00495605468757;train
2;hexane;86.11;2.97195263671875;4.084438232421875;6.0;24.382596740722654;443.769873046875;train
2;2-methylhexane;100.125;3.2314509277343753;4.131507080078125;6.0;24.212270202636716;450.977294921875;train
2;2,2-dimethylpentane;100.125;2.91941552734375;4.1550712890625;6.0;24.135638732910152;452.4994140625;train
2;3,3-dimethylhexane;114.141;3.1086146240234376;4.30695654296875;6.0;24.766594543457032;483.6324462890625;train
2;2,3,4-trimethyl pentane;114.141;3.045275756835937;4.35210107421875;6.0;25.361510620117187;495.381787109375;train
2;2,2-dimethylhexane;114.141;3.3745443115234375;4.0677424316406245;6.0;23.183531188964842;432.2286132812501;train
2;nonane;128.157;4.1735009765625;4.166514038085937;6.0;23.901006774902346;456.82858886718753;train
2;2,2,4,4-tetramethylpentane;128.157;3.1665230712890624;4.3660688476562495;6.0;25.330994262695313;496.5498291015625;train
2;2,2,5,5-tetramethylhexane;142.172;3.5583890380859375;4.297294677734375;6.0;24.463182067871095;479.59453125;train
2;n-undecane;156.188;4.83461962890625;4.1241748046875;6.0;23.38729766845703;447.86220703125;train
2;2-methylundecane;170.203;4.77424951171875;4.2636240234375;6.0;24.01994476318359;474.99892578124997;train
2;2,3-dimethylundecane;184.219;4.790032958984375;4.390947021484375;6.0;24.75460357666016;501.11152343749995;train
2;pentadecane;212.25;6.53228076171875;4.148934326171875;6.0;23.62835723876953;454.95021972656247;train
2;nonadecane;268.313;8.35858251953125;4.208015991210937;6.0;24.739837951660157;446.11721191406247;train
2;squalane;422.485;10.59794140625;4.30368994140625;6.0;25.103053894042972;453.18632812500005;train
2;methane;16.031;1.7405926513671874;3.2180239410400393;6.0;22.223559570312503;271.57147216796875;val
2;2-methylbutane;72.094;2.5157219848632812;4.028140747070313;6.0;24.47804412841797;432.7112060546876;val
2;2-methylpentane;86.11;2.858404968261719;4.109561767578125;6.0;24.47827117919922;447.7212158203125;val
2;2,2,3-trimethylbutane;100.125;2.7119342651367186;4.18210400390625;6.0;24.478586120605467;458.505029296875;val
2;heptane;100.125;3.3403154296875;4.1014873046875;6.0;24.16813262939453;446.003173828125;val
2;3,4-dimethylhexane;114.141;3.3045810546875;4.278569458007812;6.0;24.738835754394533;479.83500976562505;val
2;3-methyl-3-ethylpentane;114.141;3.025119384765625;4.292695678710937;6.0;24.73072052001953;480.7310546875;val
2;2,2,4-trimethylpentane;114.141;3.1641998291015625;4.140162841796875;6.0;23.93232330322266;448.81623535156245;val
2;2,4,4-trimethylhexane;128.157;3.426099365234375;4.261277587890625;6.0;24.211565856933596;472.24052734375005;val
2;2,3,3,4-tetramethylpentane;128.157;3.2181376953125;4.331654907226563;6.0;24.668973693847658;486.95266113281247;val
2;decane;142.172;4.38096435546875;4.12209814453125;6.0;23.53995391845703;447.16325683593755;val
2;2-methyldecane;156.188;4.485224609375;4.253632080078125;6.0;24.033717346191406;472.751416015625;val
2;dodecane;170.203;5.146539550781251;4.12171630859375;6.0;23.31675750732422;447.8583984375;val
2;3-methyltridecane;198.235;5.5655859375;4.227443115234375;6.0;23.501625061035156;467.77241210937495;val
2;hexadecane;226.266;6.96968603515625;4.149611450195312;6.0;23.87747467041016;449.21474609374997;val
2;eicosane;282.329;8.7928623046875;4.23234228515625;6.0;24.931588439941407;445.886181640625;val
3;ethane;30.047;1.6462060546875;3.436389923095703;6.0;23.94784088134766;326.9305541992187;train
3;2,2-dimethylpropane;72.094;2.102716651916504;3.9655469360351563;6.0;25.16820373535156;412.39287109375005;train
3;2,2-dimethylbutane;86.11;2.331929443359375;4.108395629882812;6.0;25.145568237304687;435.33867187500005;train
3;2,3-dimethylpentane;100.125;2.629731201171875;4.224440673828125;6.0;25.542824096679688;457.03935546875005;train
3;2,4-dimethylpentane;100.125;2.7973045654296875;4.078111572265625;6.0;24.583706054687504;427.27119140624995;train
3;3-methylheptane;114.141;3.2552471923828126;4.13085791015625;6.0;24.478853759765627;436.00581054687507;train
3;2-methyl-3-ethyl-pentane;114.141;2.88182666015625;4.28804638671875;6.0;25.699635009765625;468.530419921875;train
3;2,4-dimethylhexane;114.141;3.1961497802734375;3.9694745483398437;6.0;23.43863037109375;402.60820312500005;train
3;2,2,3,4-tetramethylpentane;128.157;2.8073707275390625;4.421697143554687;6.0;26.293389892578123;492.579443359375;train
3;2,2,5-trimethylhexane;128.157;3.5345550537109376;3.934886169433594;6.0;22.78771667480469;392.2253784179687;train
3;2,6-dimethyloctane;142.172;3.904780517578125;4.090499267578125;6.0;23.86001770019531;425.672216796875;train
3;2,3-dimethylnonane;156.188;3.63841064453125;4.33064453125;6.0;25.339835205078124;473.32021484375;train
3;3-methyldodecane;184.219;4.64302099609375;4.254340942382813;6.0;24.56779357910156;458.0823974609375;train
3;2,3-dimethyldodecane;198.235;4.865587158203125;4.2448964843749994;6.0;24.792470703124998;457.29826660156243;train
3;2,2,4,4,6,8,8-heptamethylnonane;226.266;4.9286357421875;4.325638427734375;6.0;26.766299438476562;478.33708496093743;train
3;tetracosane;338.391;9.51843408203125;4.174965576171875;6.0;25.66846923828125;421.10009765625006;train
3;propane;44.063;1.8002561492919922;3.7267361450195313;6.0;25.056038208007813;377.2974487304688;train
3;pentane;72.094;2.463985412597656;3.9891829833984374;6.0;24.76352416992188;414.42373046875;train
3;2,3-dimethylbutane;86.11;2.3426408996582033;4.1581171875;6.0;25.685101928710935;446.9537841796875;train
3;3-methylhexane;100.125;2.8644363403320314;4.1416982421875;6.0;24.865070190429684;439.980224609375;train
3;2,5-dimethylhexane;114.141;3.197953857421875;4.10876904296875;6.0;24.434357299804688;431.6417724609375;train
3;2,2,3-trimethylpentane;114.141;2.7209630126953126;4.2178798828125;6.0;24.892369995117186;451.11015625000005;train
3;2,3,3-trimethylpentane;114.141;2.6536981811523437;4.258153442382812;6.0;25.105383300781252;458.86127929687495;train
3;4-methylheptane;114.141;3.226596435546875;4.1742617187499995;6.0;24.89465087890625;445.6104248046875;train
3;3,3-diethylpentane;128.157;2.8326265869140625;4.3931923828125;6.0;25.887774047851565;486.4814697265626;train
3;2,3-dimethylheptane;128.157;3.4037182617187502;4.218345703125;6.0;24.946675415039063;452.62788085937495;train
3;2,7-dimethyloctane;142.172;3.9716649169921876;4.04007763671875;6.0;23.617725219726566;416.0954833984375;train
3;3-methylundecane;170.203;4.2150615234375;4.264481079101563;6.0;24.63224670410156;459.70278320312497;train
3;tridecane;184.219;5.157307861328125;4.04377197265625;6.0;23.676450805664064;419.73476562499997;train
3;tetradecane;198.235;5.67611181640625;4.099772705078125;6.0;24.05432800292969;431.9385009765625;train
3;heptadecane;240.282;6.962255859375;4.0734326171875;6.0;24.515853881835938;419.36953125;train
3;heptacosane;380.438;10.050501953125;4.185172973632812;6.0;25.821475219726562;422.648828125;train
3;n-butane;58.078;2.054298667907715;3.8916474609375;6.0;25.176128540039066;401.16004638671876;train
3;3-methylpentane;86.11;2.5914315185546872;4.0761783447265625;6.0;24.786767578125;428.66809082031256;train
3;3-ethylpentane;100.125;2.808676208496094;4.1470056152343755;6.0;24.999501953125;441.75615234375005;train
3;3,3-dimethylpentane;100.125;2.507945251464844;4.201212158203125;6.0;25.241168823242187;450.870654296875;train
3;2-methylheptane;114.141;3.27765234375;4.1790537109375006;6.0;24.96756896972656;446.86374511718753;train
3;octane;114.141;3.542897216796875;4.08430908203125;6.0;24.351054077148437;428.70332031250007;train
3;3-ethylhexane;114.141;3.2577998046875;4.067107421875;6.0;24.08944885253906;423.26318359375;train
3;2,3-dimethylhexane;114.141;3.061056640625;4.162067016601562;6.0;24.773645629882814;442.2345703125;train
3;2-methyloctane;128.157;3.73704736328125;4.1379243164062505;6.0;24.411544799804688;437.43325195312497;train
3;2,2,3,3-tetramethylpentane;128.157;2.845010498046875;4.330877685546875;6.0;25.214354248046877;470.9354248046875;train
3;3-methyldecane;156.188;3.9631322021484374;4.058108764648438;6.0;23.454238891601562;418.39013671875006;train
3;2,3-dimethyldecane;170.203;4.13179638671875;4.32614404296875;6.0;25.265387573242187;472.86591796875;train
3;2-methyldodecane;184.219;4.909210693359375;4.2038154296875;6.0;24.531439819335937;449.97685546875;train
3;2-methyltridecane;198.235;5.2645417480468755;4.191853881835938;6.0;24.51582092285156;448.437548828125;train
3;octadecane;254.297;7.40093310546875;4.0941274414062505;6.0;24.846946411132812;418.952734375;train
3;octacosane;394.454;10.07586474609375;4.182335693359375;6.0;25.82926513671875;422.2276611328125;train
3;2-methylpropane;58.078;2.0413986053466795;3.8642236328125;6.0;25.02622375488281;395.4189819335937;train
3;hexane;86.11;2.7369984741210938;4.0676116943359375;6.0;24.88469482421875;428.35417480468755;train
3;2-methylhexane;100.125;2.966235107421875;4.107219970703125;6.0;24.728773193359377;433.470361328125;train
3;2,2-dimethylpentane;100.125;2.6465438232421876;4.1270322265625;6.0;24.65525695800781;435.24294433593747;train
3;3,3-dimethylhexane;114.141;2.79491796875;4.276869873046875;6.0;25.322039184570315;463.8343750000001;train
3;2,3,4-trimethyl pentane;114.141;2.7330284423828126;4.326327880859375;6.0;25.948925170898434;475.89218750000003;train
3;2,2-dimethylhexane;114.141;3.0997432861328127;4.0352021484375005;6.0;23.639033813476562;414.173779296875;train
3;nonane;128.157;3.8755628662109376;4.13545654296875;6.0;24.470006713867186;438.2406494140625;train
3;2,2,4,4-tetramethylpentane;128.157;2.8520770874023436;4.337525268554687;6.0;25.917389526367188;476.01635742187494;train
3;2,2,5,5-tetramethylhexane;142.172;3.2400355224609374;4.264082397460937;6.0;25.02657043457031;458.8104736328125;train
3;n-undecane;156.188;4.513777587890625;4.086279418945312;6.0;23.959603271484376;427.60646972656247;train
3;2-methylundecane;170.203;4.41714697265625;4.22178955078125;6.0;24.63736083984375;452.96389160156247;train
3;2,3-dimethylundecane;184.219;4.39875048828125;4.345768920898438;6.0;25.4173291015625;477.181787109375;train
3;pentadecane;212.25;6.14510986328125;4.08304443359375;6.0;24.089093627929685;430.4542236328125;train
3;nonadecane;268.313;7.898755859375;4.117824462890625;6.0;25.17843444824219;418.553955078125;train
3;squalane;422.485;9.982318359375;4.197814697265625;6.0;25.629937133789063;420.68239746093747;train
3;methane;16.031;1.7250045471191406;3.2190717010498044;6.0;22.21371810913086;267.9602844238281;val
3;2-methylbutane;72.094;2.3003769531250002;4.009155395507813;6.0;25.007502441406253;418.767431640625;val
3;2-methylpentane;86.11;2.6110836181640624;4.0898828125;6.0;24.98297302246094;432.0566650390624;val
3;2,2,3-trimethylbutane;100.125;2.4386805419921878;4.150063232421875;6.0;25.055990600585936;440.89687499999997;val
3;heptane;100.125;3.0865798339843753;4.080508422851563;6.0;24.68987487792969;429.3556640625;val
3;3,4-dimethylhexane;114.141;3.0007229614257813;4.250230590820312;6.0;25.307769775390625;460.0949951171875;val
3;3-methyl-3-ethylpentane;114.141;2.7199909057617186;4.264442626953125;6.0;25.291578979492186;461.77507324218755;val
3;2,2,4-trimethylpentane;114.141;2.8842629394531247;4.1096640625;6.0;24.418768310546874;430.3317626953125;val
3;2,4,4-trimethylhexane;128.157;3.1070413818359377;4.22631103515625;6.0;24.7548291015625;451.5297607421875;val
3;2,3,3,4-tetramethylpentane;128.157;2.89639111328125;4.2984775390625;6.0;25.227307128906247;466.09082031250006;val
3;decane;142.172;4.078710205078125;4.088059692382813;6.0;24.09826721191406;428.2701904296875;val
3;2-methyldecane;156.188;4.1439609375;4.214689819335938;6.0;24.63302917480469;451.66254882812495;val
3;dodecane;170.203;4.811069091796875;4.080578369140625;6.0;23.906304931640623;426.6811767578125;val
3;3-methyltridecane;198.235;5.1780549316406255;4.177327514648438;6.0;24.133037109375;443.5678955078124;val
3;hexadecane;226.266;6.5720712890625;4.070988525390625;6.0;24.283035888671876;424.029052734375;val
3;eicosane;282.329;8.3087939453125;4.141820434570312;6.0;25.36286315917969;417.9669677734375;val
4;ethane;30.047;1.61013525390625;3.430411895751953;6.0;24.01589141845703;323.34080810546874;train
4;2,2-dimethylpropane;72.094;1.966216968536377;3.950688537597656;6.0;25.56301208496094;404.93876953125005;train
4;2,2-dimethylbutane;86.11;2.1678272705078125;4.089298461914062;6.0;25.619428710937502;426.5752929687499;train
4;2,3-dimethylpentane;100.125;2.4442050476074217;4.207442016601562;6.0;26.011893920898437;447.24848632812507;train
4;2,4-dimethylpentane;100.125;2.6305478515625;4.064192260742187;6.0;24.969161071777343;418.372998046875;train
4;3-methylheptane;114.141;3.0702542724609376;4.119633178710938;6.0;24.840379943847655;426.4783935546875;train
4;2-methyl-3-ethyl-pentane;114.141;2.6809849853515626;4.273484985351562;6.0;26.142739868164064;458.1682861328125;train
4;2,4-dimethylhexane;114.141;3.0254592285156248;3.9548253784179686;6.0;23.734743041992186;393.52379150390624;train
4;2,2,3,4-tetramethylpentane;128.157;2.582452087402344;4.401227416992187;6.0;26.801445922851563;480.8646728515625;train
4;2,2,5-trimethylhexane;128.157;3.35395654296875;3.916691650390625;6.0;23.051930847167966;382.69769287109375;train
4;2,6-dimethyloctane;142.172;3.7033846435546875;4.0747890625;6.0;24.191572570800783;415.70339355468747;train
4;2,3-dimethylnonane;156.188;3.4072777099609377;4.315176635742187;6.0;25.762898559570317;461.5731201171875;train
4;3-methyldodecane;184.219;4.410392822265624;4.238759643554688;6.0;24.958524475097654;447.15900878906257;train
4;2,3-dimethyldodecane;198.235;4.6173466796875005;4.225535888671875;6.0;25.175532836914062;445.468212890625;train
4;2,2,4,4,6,8,8-heptamethylnonane;226.266;4.649314208984375;4.301819458007812;6.0;27.1916162109375;465.03708496093753;train
4;tetracosane;338.391;9.233599609375;4.149274169921875;6.0;25.80342346191406;409.30021972656243;train
4;propane;44.063;1.7344711608886718;3.712395202636719;6.0;25.23294738769531;372.28709716796874;train
4;pentane;72.094;2.3321955871582034;3.9824662475585937;6.0;25.161526489257817;407.7083740234375;train
4;2,3-dimethylbutane;86.11;2.1748870086669925;4.143000732421875;6.0;26.151919555664062;438.26582031250007;train
4;3-methylhexane;100.125;2.6899832763671876;4.129426147460937;6.0;25.263023681640625;430.82553710937503;train
4;2,5-dimethylhexane;114.141;3.0159935302734375;4.097058471679688;6.0;24.784385681152344;422.1850830078125;train
4;2,2,3-trimethylpentane;114.141;2.5236888427734376;4.195834350585938;6.0;25.343856811523438;440.5670166015625;train
4;2,3,3-trimethylpentane;114.141;2.4500287170410155;4.235998657226562;6.0;25.571358642578126;448.31213378906244;train
4;4-methylheptane;114.141;3.038604125976563;4.164226928710938;6.0;25.273569946289065;435.98928222656247;train
4;3,3-diethylpentane;128.157;2.620728942871094;4.375990234375;6.0;26.402359008789062;475.555419921875;train
4;2,3-dimethylheptane;128.157;3.19473095703125;4.204231689453125;6.0;25.331461791992183;441.92004394531244;train
4;2,7-dimethyloctane;142.172;3.779606689453125;4.025225341796875;6.0;23.934331970214842;406.7408935546875;train
4;3-methylundecane;170.203;3.9895379638671873;4.250118774414062;6.0;25.026343688964843;448.9023681640624;train
4;tridecane;184.219;4.959398193359375;4.0326082763671875;6.0;24.03460906982422;410.1251708984375;train
4;tetradecane;198.235;5.461428955078125;4.0879539794921875;6.0;24.448141174316405;421.59284667968745;train
4;heptadecane;240.282;6.74075830078125;4.042028198242187;6.0;24.648674621582032;408.4612060546875;train
4;heptacosane;380.438;9.762579101562501;4.1584190673828125;6.0;25.988812255859376;410.76174316406247;train
4;n-butane;58.078;1.9441510276794434;3.8854649047851564;6.0;25.51948059082031;395.32614746093753;train
4;3-methylpentane;86.11;2.4348949890136717;4.063021850585938;6.0;25.20493835449219;420.29182128906245;train
4;3-ethylpentane;100.125;2.639559814453125;4.135878540039062;6.0;25.41446533203125;432.8814208984375;train
4;3,3-dimethylpentane;100.125;2.3215867614746095;4.183350463867187;6.0;25.690704956054688;441.31098632812495;train
4;2-methylheptane;114.141;3.0899423828125;4.169782958984375;6.0;25.353626098632812;437.29011230468745;train
4;octane;114.141;3.3738944091796874;4.0783973388671875;6.0;24.728551330566404;420.1408203125;train
4;3-ethylhexane;114.141;3.0814998779296876;4.055812744140625;6.0;24.43101348876953;414.11457519531257;train
4;2,3-dimethylhexane;114.141;2.86735546875;4.147962280273438;6.0;25.12850280761719;432.17734375000003;train
4;2-methyloctane;128.157;3.5438768310546873;4.127012939453125;6.0;24.78663543701172;427.70493164062503;train
4;2,2,3,3-tetramethylpentane;128.157;2.6271177368164063;4.307098999023437;6.0;25.694981689453122;459.36252441406253;train
4;3-methyldecane;156.188;3.7674835205078123;4.0428968505859375;6.0;23.77191375732422;408.84619140625;train
4;2,3-dimethyldecane;170.203;3.8898187255859376;4.309869506835938;6.0;25.679939575195313;461.04541015624994;train
4;2-methyldodecane;184.219;4.681809326171875;4.1890452880859375;6.0;24.91853302001953;439.13898925781257;train
4;2-methyltridecane;198.235;5.032078857421875;4.176525634765625;6.0;24.903672180175782;437.1745849609375;train
4;octadecane;254.297;7.1684853515625;4.062063354492188;6.0;24.975893249511717;407.8509765625;train
4;octacosane;394.454;9.794857421875001;4.154984252929688;6.0;25.986034545898438;410.07448730468747;train
4;2-methylpropane;58.078;1.9306449508666992;3.8551600952148437;6.0;25.350560913085936;389.3343139648438;train
4;hexane;86.11;2.590466491699219;4.060826538085937;6.0;25.28941589355469;420.68059082031243;train
4;2-methylhexane;100.125;2.794509521484375;4.097838134765625;6.0;25.084427795410154;424.5922607421875;train
4;2,2-dimethylpentane;100.125;2.471092071533203;4.109355834960938;6.0;25.082591857910156;425.9688232421875;train
4;3,3-dimethylhexane;114.141;2.5928804931640625;4.257612548828125;6.0;25.794371948242187;453.2449462890625;train
4;2,3,4-trimethyl pentane;114.141;2.5294267578125;4.308336669921875;6.0;26.444277954101562;465.23562011718747;train
4;2,2-dimethylhexane;114.141;2.9215948486328127;4.020605224609375;6.0;23.952098083496093;404.8732177734375;train
4;nonane;128.157;3.6930340576171874;4.12848388671875;6.0;24.858064880371096;429.36748046875;train
4;2,2,4,4-tetramethylpentane;128.157;2.638706787109375;4.318892211914062;6.0;26.376231079101558;464.83740234374994;train
4;2,2,5,5-tetramethylhexane;142.172;3.0249445800781247;4.247951904296875;6.0;25.406668090820315;447.6900390625;train
4;n-undecane;156.188;4.323934082031251;4.0766927490234375;6.0;24.324065246582034;418.66301269531243;train
4;2-methylundecane;170.203;4.196018310546875;4.208239379882812;6.0;25.026006164550783;442.577392578125;train
4;2,3-dimethylundecane;184.219;4.14801513671875;4.32856005859375;6.0;25.833419189453124;465.3142822265625;train
4;pentadecane;212.25;5.92346142578125;4.073167602539062;6.0;24.44242340087891;419.5411376953125;train
4;nonadecane;268.313;7.64990966796875;4.087689819335937;6.0;25.281268920898437;407.56682128906243;train
4;squalane;422.485;9.644005859375;4.161240844726563;6.0;25.762496337890624;407.30139160156256;train
4;methane;16.031;1.7142387084960937;3.2199182739257814;6.0;22.223223876953124;265.7073669433594;val
4;2-methylbutane;72.094;2.159211715698242;3.9978361206054687;6.0;25.41575927734375;411.4005615234375;val
4;2-methylpentane;86.11;2.4546390075683595;4.077225952148438;6.0;25.41182067871094;423.62956542968743;val
4;2,2,3-trimethylbutane;100.125;2.2575100402832033;4.12822265625;6.0;25.513515014648437;431.25444335937505;val
4;heptane;100.125;2.9280089111328125;4.0756689453125;6.0;25.054938659667968;421.2580322265625;val
4;3,4-dimethylhexane;114.141;2.800264099121094;4.236835571289062;6.0;25.709148559570313;449.81875;val
4;3-methyl-3-ethylpentane;114.141;2.5254378051757813;4.246045532226562;6.0;25.773802490234377;451.5472412109375;val
4;2,2,4-trimethylpentane;114.141;2.6992678833007813;4.0917775878906255;6.0;24.794636535644532;420.5304443359375;val
4;2,4,4-trimethylhexane;128.157;2.8945826416015628;4.209094116210937;6.0;25.121632690429685;440.6568115234375;val
4;2,3,3,4-tetramethylpentane;128.157;2.681307189941406;4.2768076171875;6.0;25.673592529296876;454.7367919921875;val
4;decane;142.172;3.8970347900390623;4.079761596679687;6.0;24.46119293212891;419.71169433593747;val
4;2-methyldecane;156.188;3.930760498046875;4.20221337890625;6.0;25.02067413330078;441.4681884765625;val
4;dodecane;170.203;4.61678125;4.070516845703125;6.0;24.267041320800786;417.322705078125;val
4;3-methyltridecane;198.235;4.945601806640624;4.160590698242188;6.0;24.500283508300782;432.25769042968756;val
4;hexadecane;226.266;6.356892578125;4.040680297851562;6.0;24.416019592285156;413.3859130859375;val
4;eicosane;282.329;8.047818359375;4.1129255371093745;6.0;25.451343383789062;406.8872314453126;val
5;ethane;30.047;1.5952563781738283;3.433040496826172;6.0;24.0880224609375;323.6171508789063;train
5;2,2-dimethylpropane;72.094;1.9159455032348633;3.948990966796875;6.0;25.771921386718752;406.285400390625;train
5;2,2-dimethylbutane;86.11;2.1005424880981445;4.089790649414063;6.0;25.876663208007812;428.2550048828125;train
5;2,3-dimethylpentane;100.125;2.3662383728027345;4.210633911132812;6.0;26.258369140625;449.4599853515625;train
5;2,4-dimethylpentane;100.125;2.5640575561523438;4.068909301757812;6.0;25.1896533203125;420.81755371093743;train
5;3-methylheptane;114.141;3.00629052734375;4.1312105712890625;6.0;25.025135498046875;429.9163818359375;train
5;2-methyl-3-ethyl-pentane;114.141;2.600522521972656;4.278721801757813;6.0;26.40964416503906;461.1052001953125;train
5;2,4-dimethylhexane;114.141;2.9601972045898437;3.961815856933594;6.0;23.881165161132813;395.94757080078125;train
5;2,2,3,4-tetramethylpentane;128.157;2.4924505310058596;4.4067928466796875;6.0;27.0958349609375;483.9983154296875;train
5;2,2,5-trimethylhexane;128.157;3.28868212890625;3.927384521484375;6.0;23.178156738281253;385.48948974609374;train
5;2,6-dimethyloctane;142.172;3.6408057861328125;4.091539306640625;6.0;24.356531982421874;419.8178955078125;train
5;2,3-dimethylnonane;156.188;3.3277413330078125;4.328600341796875;6.0;25.98115112304687;465.74121093750006;train
5;3-methyldodecane;184.219;4.35289794921875;4.261860717773438;6.0;25.144932250976563;453.27875976562507;train
5;2,3-dimethyldodecane;198.235;4.55341796875;4.247842651367187;6.0;25.345565185546874;452.0169921875;train
5;2,2,4,4,6,8,8-heptamethylnonane;226.266;4.562608642578125;4.31780224609375;6.0;27.367604370117185;471.00690917968745;train
5;tetracosane;338.391;9.2700537109375;4.192356567382813;6.0;25.59045166015625;425.3247802734375;train
5;propane;44.063;1.7083090209960938;3.712645751953125;6.0;25.377044677734375;373.47593994140624;train
5;pentane;72.094;2.2904615783691407;3.990169189453125;6.0;25.375045776367188;410.376953125;train
5;2,3-dimethylbutane;86.11;2.1059019927978513;4.1426629638671875;6.0;26.414941406249998;439.9643310546875;train
5;3-methylhexane;100.125;2.624859802246094;4.13577294921875;6.0;25.499059448242186;433.67595214843743;train
5;2,5-dimethylhexane;114.141;2.9489122924804687;4.107050903320312;6.0;24.963896484375;425.3308837890625;train
5;2,2,3-trimethylpentane;114.141;2.445274444580078;4.20080078125;6.0;25.59368530273438;443.04228515625005;train
5;2,3,3-trimethylpentane;114.141;2.3713173522949216;4.238711303710938;6.0;25.84037109375;450.47932128906257;train
5;4-methylheptane;114.141;2.9737637329101565;4.176289306640625;6.0;25.468917846679688;439.62717285156253;train
5;3,3-diethylpentane;128.157;2.5421636352539063;4.384909790039062;6.0;26.696806640625002;479.157861328125;train
5;2,3-dimethylheptane;128.157;3.1180308837890625;4.215189086914062;6.0;25.52865234375;445.452880859375;train
5;2,7-dimethyloctane;142.172;3.721273681640625;4.041775756835937;6.0;24.091057739257813;410.8847900390625;train
5;3-methylundecane;170.203;3.927211669921875;4.271116577148438;6.0;25.22419128417969;454.00087890625;train
5;tridecane;184.219;4.938140625;4.061002075195312;6.0;24.163253173828124;417.7751708984375;train
5;tetradecane;198.235;5.440935302734375;4.119049682617187;6.0;24.573972167968748;430.09631347656256;train
5;heptadecane;240.282;6.74868359375;4.06440283203125;6.0;24.4828662109375;419.13671875;train
5;heptacosane;380.438;9.82244482421875;4.192253051757812;6.0;25.727199707031254;426.57145996093743;train
5;n-butane;58.078;1.9073348083496093;3.8894024658203126;6.0;25.712810058593753;397.2566772460938;train
5;3-methylpentane;86.11;2.3736228942871094;4.068011840820312;6.0;25.423229980468747;422.60332031250005;train
5;3-ethylpentane;100.125;2.5762132568359375;4.1424844970703125;6.0;25.652132568359374;435.77644042968745;train
5;3,3-dimethylpentane;100.125;2.248317352294922;4.185829956054688;6.0;25.95008056640625;443.35341796875;train
5;2-methylheptane;114.141;3.028717651367187;4.183423095703125;6.0;25.554720458984374;441.2592041015625;train
5;octane;114.141;3.3309176025390625;4.09790234375;6.0;24.907227172851563;424.6996337890625;train
5;3-ethylhexane;114.141;3.01925439453125;4.0663505859375;6.0;24.60147766113281;417.27446289062493;train
5;2,3-dimethylhexane;114.141;2.791306823730469;4.152893432617187;6.0;25.356884765625;434.8199951171875;train
5;2-methyloctane;128.157;3.4866292724609376;4.14514697265625;6.0;24.965134887695314;432.07634277343755;train
5;2,2,3,3-tetramethylpentane;128.157;2.541308349609375;4.3122148437500005;6.0;25.963279418945312;462.1337646484375;train
5;3-methyldecane;156.188;3.7124794921874997;4.060358032226563;6.0;23.934199218750003;413.100732421875;train
5;2,3-dimethyldecane;170.203;3.8121234130859376;4.328314086914062;6.0;25.880575561523436;465.78032226562505;train
5;2-methyldodecane;184.219;4.6332204589843755;4.214073364257812;6.0;25.0876611328125;446.2279541015625;train
5;2-methyltridecane;198.235;4.988128173828125;4.2027086181640625;6.0;25.054236450195315;444.845947265625;train
5;octadecane;254.297;7.17622265625;4.0873124999999995;6.0;24.763580322265625;419.66787109374997;train
5;octacosane;394.454;9.8582109375;4.1894169921875;6.0;25.725054321289065;425.9714599609374;train
5;2-methylpropane;58.078;1.8920247955322265;3.85444140625;6.0;25.534833984375;390.758935546875;train
5;hexane;86.11;2.5452188720703126;4.071134887695313;6.0;25.520626831054688;424.1267578125;train
5;2-methylhexane;100.125;2.735048828125;4.1058310546875;6.0;25.318123779296876;427.765771484375;train
5;2,2-dimethylpentane;100.125;2.401152618408203;4.1138291015625;6.0;25.315899047851566;428.225341796875;train
5;3,3-dimethylhexane;114.141;2.512362365722656;4.263701782226563;6.0;26.05947998046875;456.15825195312493;train
5;2,3,4-trimethyl pentane;114.141;2.4440469970703127;4.312596435546875;6.0;26.716405029296872;467.96159667968755;train
5;2,2-dimethylhexane;114.141;2.8575143432617187;4.02791845703125;6.0;24.15891143798828;407.69760742187503;train
5;nonane;128.157;3.6498574218749997;4.1499613037109375;6.0;25.046859130859374;434.4482177734375;train
5;2,2,4,4-tetramethylpentane;128.157;2.5546857299804686;4.324445434570313;6.0;26.653925781250003;467.8876708984375;train
5;2,2,5,5-tetramethylhexane;142.172;2.944942687988281;4.257743530273437;6.0;25.6269677734375;451.1001953125;train
5;n-undecane;156.188;4.2900461425781256;4.101411376953125;6.0;24.48698913574219;425.2524169921875;train
5;2-methylundecane;170.203;4.1411372070312495;4.230992797851562;6.0;25.219026489257814;448.38896484375005;train
5;2,3-dimethylundecane;184.219;4.0741948242187505;4.349243041992187;6.0;26.043557128906247;470.6557861328125;train
5;pentadecane;212.25;5.907205078125;4.1064677734375;6.0;24.559210205078124;428.6998779296875;train
5;nonadecane;268.313;7.65838232421875;4.117577392578125;6.0;25.034661254882813;420.5074462890625;train
5;squalane;422.485;9.71723876953125;4.203631225585937;6.0;25.503776245117187;423.7321044921875;train
5;methane;16.031;1.7087245178222656;3.222530517578125;6.0;22.24815612792969;265.3321044921875;val
5;2-methylbutane;72.094;2.10471183013916;3.999875732421875;6.0;25.641447143554686;413.186669921875;val
5;2-methylpentane;86.11;2.3943155822753908;4.0832369384765625;6.0;25.638841552734377;426.2877685546875;val
5;2,2,3-trimethylbutane;100.125;2.1850442962646484;4.128338989257813;6.0;25.784468994140624;433.01323242187505;val
5;heptane;100.125;2.883287109375;4.090549438476563;6.0;25.248234863281247;425.29562988281253;val
5;3,4-dimethylhexane;114.141;2.722728454589844;4.24273779296875;6.0;25.968786621093752;452.823291015625;val
5;3-methyl-3-ethylpentane;114.141;2.4508334655761717;4.253391235351563;6.0;26.038967895507813;454.5509277343751;val
5;2,2,4-trimethylpentane;114.141;2.625453125;4.096427612304687;6.0;25.022623901367183;423.00700683593743;val
5;2,4,4-trimethylhexane;128.157;2.81332177734375;4.215097412109375;6.0;25.3761669921875;443.605712890625;val
5;2,3,3,4-tetramethylpentane;128.157;2.596637878417969;4.281995849609375;6.0;25.93850830078125;457.54594726562505;val
5;decane;142.172;3.858717407226562;4.102458984375;6.0;24.64400817871094;425.1439208984375;val
5;2-methyldecane;156.188;3.8730858154296874;4.223262939453125;6.0;25.215850830078125;446.59057617187494;val
5;dodecane;170.203;4.5873830566406255;4.097033813476562;6.0;24.42184814453125;424.5813232421876;val
5;3-methyltridecane;198.235;4.899520263671874;4.185693603515625;6.0;24.638907470703124;439.4854736328125;val
5;hexadecane;226.266;6.35432421875;4.070988891601562;6.0;24.40318603515625;423.1626220703125;val
5;eicosane;282.329;8.060114746093749;4.143834106445313;6.0;25.21082275390625;420.98271484374993;val
