common_name,iupac_name,CAS,inchi,isomeric_SMILES,canonical_SMILES,family,Mw,interaction,source,segment,sigma,epsilon,dipole,kappa_ab,epsilon_k_ab,na,nb,expt_p_sat_T_min,expt_p_sat_T_max,expt_density_T_min,expt_density_T_max,expt_T_min_conservative,expt_T_max_conservative,expt_T_min_liberal,expt_T_max_liberal,critical_temperature_K,critical_pressure_Pa,critical_volume_m3_per_mol,p_sat_AAD,p_sat_AAD_outliers,rho_liq_AAD,rho_liq_sat_AAD,rho_liq_sp_AAD,rho_vap_AAD_outliers,p_sat_n_points,p_sat_n_points_outliers,rho_liq_n_points,rho_liq_sat_n_points,rho_liq_sp_n_points,rho_vap_n_points_outliers
methane,methane,74-82-8,InChI=1S/CH4/h1H4,C,C,Alkanes,16.031,NONPOLAR,10.1021/acs.iecr.3c02255,1.0,3.70051,150.07147,0.0,0.0,0.0,0,0,90.67,191.05,90.68,180.98,90.68,180.98,90.67,191.05,191.45348658798218,4.689222407848495e6,0.00010806331921570857,0.59,0.72,0.53,0.48,0.68,2.65,1211,1222,1126,856,270,4317
ethane,ethane,74-84-0,InChI=1S/C2H6/c1-2/h1-2H3,CC,CC,Alkanes,30.047,NONPOLAR,10.1021/acs.iecr.3c02255,1.60689,3.51681,191.45389,0.0,0.0,0.0,0,0,90.35,307.65,88.7099991,290.03,90.35,290.03,88.7099991,307.65,309.0092225893239,5.180708116837819e6,0.0001559805938076195,0.85,3.65,1.1,1.08,1.15,29.08,1316,1372,609,448,161,4034
propane,propane,74-98-6,"InChI=1S/C3H8/c1-3-2/h3H2,1-2H3",CCC,CCC,Alkanes,44.063,NONPOLAR,10.1021/acs.iecr.3c02255,1.98602,3.6244,209.08586,0.0,0.0,0.0,0,0,85.47,375.15,90.0,350.82,90.0,350.82,85.47,375.15,375.4114052116655,4.625985008929936e6,0.00021067772218809992,0.8,2.13,0.49,0.51,0.32,13.67,1999,2070,2658,2388,270,2199
n-butane,butane,106-97-8,"InChI=1S/C4H10/c1-3-4-2/h3-4H2,1-2H3",CCCC,CCCC,Alkanes,58.078,NONPOLAR,10.1021/acs.iecr.3c02255,2.31121,3.71557,224.06583,0.0,0.0,0.0,0,0,134.86,425.37,135.0,403.7,135.0,403.7,134.86,425.37,432.9978467866145,4.238079079543617e6,0.0002641598143561159,0.73,2.14,0.34,0.37,0.25,3.57,1155,1218,1226,945,281,1172
2-methylpropane,2-methylpropane,75-28-5,"InChI=1S/C4H10/c1-4(2)3/h4H,1-3H3",CC(C)C,CC(C)C,Alkanes,58.078,NONPOLAR,10.1021/acs.iecr.3c02255,2.23943,3.77033,217.60377,0.0,0.0,0.0,0,0,115.0,408.15,115.0,387.649994,115.0,387.649994,115.0,408.15,414.2293509116259,4.008652934939755e6,0.0002673772728648458,0.72,2.96,0.49,0.54,0.26,3.89,1258,1327,1306,1085,221,521
2-methylbutane,2-methylbutane,78-78-4,"InChI=1S/C5H12/c1-4-5(2)3/h5H,4H2,1-3H3",CCC(C)C,CCC(C)C,Alkanes,72.094,NONPOLAR,10.1021/acs.iecr.3c02255,2.5173,3.84468,233.33054,0.0,0.0,0.0,0,0,187.33,460.95,114.99,433.149994,187.33,433.149994,114.99,460.95,469.3077229790263,3.79413660617032e6,0.00031920253408374683,0.83,1.17,0.45,0.5,0.32,7.83,496,507,351,257,94,702
pentane,pentane,109-66-0,"InChI=1S/C5H12/c1-3-5-4-2/h3-5H2,1-2H3",CCCCC,CCCCC,Alkanes,72.094,NONPOLAR,10.1021/acs.iecr.3c02255,2.74869,3.72936,228.73279,0.0,0.0,0.0,0,0,147.449997,470.37,142.65,445.82,147.449997,445.82,142.65,470.37,478.8291376294119,3.8669399731090744e6,0.000318966382862173,1.06,1.42,0.57,0.61,0.26,5.67,1038,1056,1183,1030,153,2540
"2,2-dimethylpropane","2,2-dimethylpropane",463-82-1,"InChI=1S/C5H12/c1-5(2,3)4/h1-4H3",CC(C)(C)C,CC(C)(C)C,Alkanes,72.094,NONPOLAR,10.1021/acs.iecr.3c02255,2.35712,3.95028,225.61501,0.0,0.0,0.0,0,0,256.85,433.75,259.2,411.1,259.2,411.1,256.85,433.75,440.0697043065742,3.512055383833126e6,0.00032382555640240155,0.41,-1.0,0.6,0.76,0.17,3.89,269,-1,144,106,38,549
hexane,hexane,110-54-3,"InChI=1S/C6H14/c1-3-5-6-4-2/h3-6H2,1-2H3",CCCCCC,CCCCCC,Alkanes,86.11,NONPOLAR,10.1021/acs.iecr.3c02255,3.06506,3.79083,236.46956,0.0,0.0,0.0,0,0,184.22,507.95,177.65,477.59,184.22,477.59,177.65,507.95,519.2172476122004,3.5535385353972414e6,0.0003755180677282958,0.73,1.06,0.48,0.48,0.7,3.78,1950,1983,2922,2818,104,325
2-methylpentane,2-methylpentane,107-83-5,"InChI=1S/C6H14/c1-4-5-6(2)3/h6H,4-5H2,1-3H3",CCCC(C)C,CCCC(C)C,Alkanes,86.11,NONPOLAR,10.1021/acs.iecr.3c02255,2.94944,3.84419,234.82948,0.0,0.0,0.0,0,0,270.02,496.55,115.39,448.15,270.02,448.15,115.39,496.55,507.12611137424653,3.468825005901379e6,0.00037604007585829253,0.7,1.02,0.58,0.52,0.81,7.47,207,210,260,210,50,15
3-methylpentane,3-methylpentane,96-14-0,"InChI=1S/C6H14/c1-4-6(3)5-2/h6H,4-5H2,1-3H3",CCC(C)CC,CCC(C)CC,Alkanes,86.11,NONPOLAR,10.1021/acs.iecr.3c02255,2.89666,3.85139,239.88093,0.0,0.0,0.0,0,0,283.15,504.35,265.619995,473.15,283.15,473.15,265.619995,504.35,513.9652922379818,3.564138885527499e6,0.0003710594862693109,0.36,-1.0,0.52,0.52,-1.0,-1.0,127,-1,387,387,-1,-1
"2,3-dimethylbutane","2,3-dimethylbutane",79-29-8,"InChI=1S/C6H14/c1-5(2)6(3)4/h5-6H,1-4H3",CC(C)C(C)C,CC(C)C(C)C,Alkanes,86.11,NONPOLAR,10.1021/acs.iecr.3c02255,2.69778,3.94028,245.5423,0.0,0.0,0.0,0,0,259.65,500.5,203.2,473.15,259.65,473.15,203.2,500.5,509.72155012919404,3.5597808366043796e6,0.00036898374507934157,0.58,-1.0,0.72,0.77,0.09,7.09,136,-1,424,393,31,27
"2,2-dimethylbutane","2,2-dimethylbutane",75-83-2,"InChI=1S/C6H14/c1-5-6(2,3)4/h5H2,1-4H3",CCC(C)(C)C,CCC(C)(C)C,Alkanes,86.11,NONPOLAR,10.1021/acs.iecr.3c02255,2.65457,3.9786,240.54294,0.0,0.0,0.0,0,0,210.99,338.15,269.290009,448.15,269.290009,338.15,210.99,448.15,495.7130184946962,3.420595297191335e6,0.0003735680402483203,0.38,-1.0,0.55,0.55,-1.0,6.09,88,-1,174,174,-1,25
tetrafluoromethane,tetrafluoromethane,75-73-0,"InChI=1S/CF4/c2-1(3,4)5",FC(F)(F)F,FC(F)(F)F,Fluorides,87.994,NONPOLAR,10.1021/acs.iecr.3c02255,2.19671,3.1292,122.12982,0.0,0.0,0.0,0,0,89.55,227.51,91.3399963,214.15,91.3399963,214.15,89.55,227.51,230.34404552963755,3.9772464367940566e6,0.00014992969673928948,1.17,3.64,0.45,0.52,0.3,1.31,322,358,215,151,64,836
"trans-1,2-dichloroethene","(e)-1,2-dichloroethene",156-60-5,InChI=1S/C2H2Cl2/c3-1-2-4/h1-2H/b2-1+,Cl/C=C/Cl,ClC=CCl,Chlorides,95.953,NONPOLAR,10.1021/acs.iecr.3c02255,2.30034,3.50157,274.52945,0.0,0.0,0.0,0,0,234.96,357.99,243.15,333.15,243.15,333.15,234.96,357.99,529.3297988204541,6.220318350218874e6,0.00022004544446223574,1.98,-1.0,0.19,0.21,0.17,-1.0,145,-1,40,21,19,-1
"1-chloro-2,2-difluoroethylene","2-chloro-1,1-difluoroethene",359-10-4,InChI=1S/C2HClF2/c3-1-2(4)5/h1H,FC(F)=CCl,FC(F)=CCl,Halogenated compounds,97.973,NONPOLAR,10.1021/acs.iecr.3c02255,2.54285,3.27944,202.77134,0.0,0.0,0.0,0,0,255.15,313.15,225.21,357.26,255.15,313.15,225.21,357.26,409.7460334621949,5.281635637460531e6,0.00020015899715558396,1.71,21.53,0.84,0.15,0.98,1.43,5,6,12,2,10,106
tetrafluoroethylene,"1,1,2,2-tetrafluoroethene",116-14-3,InChI=1S/C2F4/c3-1(4)2(5)6,FC(F)=C(F)F,FC(F)=C(F)F,Fluorides,99.994,NONPOLAR,10.1021/acs.iecr.3c02255,2.72021,3.08073,148.86756,0.0,0.0,0.0,0,0,141.990005,283.19,130.649994,273.149994,141.990005,273.149994,130.649994,283.19,310.1876004897423,4.493012099478936e6,0.00017787336209119838,1.16,2.13,0.66,0.85,0.07,-1.0,82,87,4,3,1,-1
"2,4-dimethylpentane","2,4-dimethylpentane",108-08-7,"InChI=1S/C7H16/c1-6(2)5-7(3)4/h6-7H,5H2,1-4H3",CC(C)CC(C)C,CC(C)CC(C)C,Alkanes,100.125,NONPOLAR,10.1021/acs.iecr.3c02255,3.11223,3.93843,240.15511,0.0,0.0,0.0,0,0,283.15,519.73,283.15,493.15,283.15,493.15,283.15,519.73,530.7594256774929,3.1861815142339463e6,0.0004279799880680793,0.93,-1.0,1.11,1.25,0.5,-1.0,112,-1,246,201,45,-1
heptane,heptane,142-82-5,"InChI=1S/C7H16/c1-3-5-7-6-4-2/h3-7H2,1-2H3",CCCCCCC,CCCCCCC,Alkanes,100.125,NONPOLAR,10.1021/acs.iecr.3c02255,3.49412,3.79257,238.11279,0.0,0.0,0.0,0,0,204.94,540.16,183.149994,513.150024,204.94,513.150024,183.149994,540.16,552.1426728669505,3.2697470590656144e6,0.0004326132307445869,0.68,1.02,0.46,0.46,0.74,3.88,1944,1968,5838,5734,104,366
"2,2,3-trimethylbutane","2,2,3-trimethylbutane",464-06-2,"InChI=1S/C7H16/c1-6(2)7(3,4)5/h6H,1-5H3",CC(C)C(C)(C)C,CC(C)C(C)(C)C,Alkanes,100.125,NONPOLAR,10.1021/acs.iecr.3c02255,2.72014,4.10186,259.51231,0.0,0.0,0.0,0,0,282.779999,532.219971,273.15,503.15,282.779999,503.15,273.15,532.219971,540.7260673692039,3.318338491962895e6,0.0004198372017826979,0.48,-1.0,0.82,0.6,0.95,-1.0,144,-1,44,16,28,-1
"2,3-dimethylpentane","2,3-dimethylpentane",565-59-3,"InChI=1S/C7H16/c1-5-7(4)6(2)3/h6-7H,5H2,1-4H3",CCC(C)C(C)C,CCC(C)C(C)C,Alkanes,100.125,NONPOLAR,10.1021/acs.iecr.3c02255,3.01421,3.95476,252.04445,0.0,0.0,0.0,0,0,208.470001,537.29,278.15,503.15,278.15,503.15,208.470001,537.29,549.4497213653573,3.372213791018461e6,0.00041890257093118495,0.79,-1.0,1.23,1.38,0.7,-1.0,177,-1,220,172,48,-1
3-methylhexane,3-methylhexane,589-34-4,"InChI=1S/C7H16/c1-4-6-7(3)5-2/h7H,4-6H2,1-3H3",CCCC(C)CC,CCCC(C)CC,Alkanes,100.125,NONPOLAR,10.1021/acs.iecr.3c02255,3.23144,3.87322,243.83414,0.0,0.0,0.0,0,0,283.15,535.190002,288.149994,503.15,288.149994,503.15,283.15,535.190002,547.5105929060994,3.3172079510362605e6,0.00042368380894794856,1.03,-1.0,1.03,0.53,1.14,-1.0,110,-1,34,6,28,-1
2-methylhexane,2-methylhexane,591-76-4,"InChI=1S/C7H16/c1-4-5-6-7(2)3/h7H,4-6H2,1-3H3",CCCCC(C)C,CCCCC(C)C,Alkanes,100.125,NONPOLAR,10.1021/acs.iecr.3c02255,3.30335,3.86513,239.35097,0.0,0.0,0.0,0,0,273.130005,530.3,288.149994,503.15,288.149994,503.15,273.130005,530.3,542.396499838716,3.2282585552221085e6,0.00043106311161921314,0.65,0.86,0.38,0.28,0.44,-1.0,117,118,50,20,30,-1
"2,2-dimethylpentane","2,2-dimethylpentane",590-35-2,"InChI=1S/C7H16/c1-5-6-7(2,3)4/h5-6H2,1-4H3",CCCC(C)(C)C,CCCC(C)(C)C,Alkanes,100.125,NONPOLAR,10.1021/acs.iecr.3c02255,2.98758,3.98975,244.73503,0.0,0.0,0.0,0,0,285.34,520.44,203.149994,493.15,285.34,493.15,203.149994,520.44,531.4734013408037,3.207279006092383e6,0.00042611548740470776,0.51,-1.0,0.57,0.55,0.59,-1.0,112,-1,58,29,29,-1
"3,3-dimethylpentane","3,3-dimethylpentane",562-49-2,"InChI=1S/C7H16/c1-5-7(3,4)6-2/h5-6H2,1-4H3",CCC(C)(C)CC,CCC(C)(C)CC,Alkanes,100.125,NONPOLAR,10.1021/acs.iecr.3c02255,2.83955,4.04878,257.23007,0.0,0.0,0.0,0,0,213.139999,536.340027,288.149994,503.15,288.149994,503.15,213.139999,536.340027,546.328388482288,3.3310224717236436e6,0.0004222008495305363,0.63,-1.0,1.69,0.45,1.94,-1.0,167,-1,36,6,30,-1
3-ethylpentane,3-ethylpentane,617-78-7,"InChI=1S/C7H16/c1-4-7(5-2)6-3/h7H,4-6H2,1-3H3",CCC(CC)CC,CCC(CC)CC,Alkanes,100.125,NONPOLAR,10.1021/acs.iecr.3c02255,3.17762,3.89316,247.47183,0.0,0.0,0.0,0,0,294.28,540.570007,288.149994,513.150024,294.28,513.150024,288.149994,540.570007,551.7698715833736,3.352690098748805e6,0.00042262621387737924,0.46,-1.0,0.49,0.7,0.38,-1.0,126,-1,45,15,30,-1
chlorotrifluoromethane,chloro(trifluoro)methane,75-72-9,"InChI=1S/CClF3/c2-1(3,4)5",FC(F)(F)Cl,FC(F)(F)Cl,Halogenated compounds,103.964,NONPOLAR,10.1021/acs.iecr.3c02255,2.17546,3.3847,163.02242,0.0,0.0,0.0,0,0,134.14,302.0,94.01,286.64,134.14,286.64,94.01,302.0,306.03140540233375,4.217461545930648e6,0.00018789583423792276,0.87,-1.0,0.45,0.56,0.24,2.69,182,-1,288,192,96,740
"2,3,3,3-tetrafluoroprop-1-ene","2,3,3,3-tetrafluoroprop-1-ene",754-12-1,"InChI=1S/C3H2F4/c1-2(4)3(5,6)7/h1H2",C=C(F)C(F)(F)F,C=C(F)C(F)(F)F,Fluorides,114.009,NONPOLAR,10.1021/acs.iecr.3c02255,2.88557,3.35657,175.92411,0.0,0.0,0.0,0,0,193.26,367.15,217.44,348.089996,217.44,348.089996,193.26,367.15,376.29858801790857,3.958202715385289e6,0.00024464337697147753,0.23,-1.0,0.19,0.19,0.51,1.74,544,-1,12068,12020,48,739
"(e)-1,3,3,3-tetrafluoroprop-1-ene","(e)-1,3,3,3-tetrafluoroprop-1-ene",29118-24-9,"InChI=1S/C3H2F4/c4-2-1-3(5,6)7/h1-2H/b2-1+",F/C=C/C(F)(F)F,FC=CC(F)(F)F,Fluorides,114.009,NONPOLAR,10.1021/acs.iecr.3c02255,3.20055,3.20351,174.59547,0.0,0.0,0.0,0,0,223.1,383.12,205.22,362.95,223.1,362.95,205.22,383.12,390.46346078791123,4.225188502260883e6,0.00023727611161658704,0.44,-1.0,0.34,0.38,0.13,1.38,633,-1,791,664,127,754
"1,4-difluorobenzene","1,4-difluorobenzene",540-36-3,InChI=1S/C6H4F2/c7-5-1-2-6(8)4-3-5/h1-4H,Fc1ccc(F)cc1,Fc1ccc(F)cc1,Fluorides,114.028,NONPOLAR,10.1021/acs.iecr.3c02255,2.96517,3.5154,263.29915,0.0,0.0,0.0,0,0,300.4,397.7,248.0,343.0,300.4,343.0,248.0,397.7,569.9241284056276,5.068696202679152e6,0.00028918291775999975,0.25,-1.0,0.83,0.83,-1.0,-1.0,27,-1,34,34,-1,-1
"2,2,4-trimethylpentane","2,2,4-trimethylpentane",540-84-1,"InChI=1S/C8H18/c1-7(2)6-8(3,4)5/h7H,6H2,1-5H3",CC(C)CC(C)(C)C,CC(C)CC(C)(C)C,Alkanes,114.141,NONPOLAR,10.1021/acs.iecr.3c02255,3.13984,4.08786,249.78239,0.0,0.0,0.0,0,0,194.62,543.890015,197.93,513.150024,197.93,513.150024,194.62,543.890015,554.1115219298792,2.9464118321196632e6,0.00048307427058420885,0.9,1.8,0.71,0.72,0.58,32.42,780,799,975,912,63,117
octane,octane,111-65-9,"InChI=1S/C8H18/c1-3-5-7-8-6-4-2/h3-8H2,1-2H3",CCCCCCCC,CCCCCCCC,Alkanes,114.141,NONPOLAR,10.1021/acs.iecr.3c02255,3.86069,3.81486,241.43398,0.0,0.0,0.0,0,0,218.51,569.95,216.15,533.150024,218.51,533.150024,216.15,569.95,582.3529373334121,3.0300984631194286e6,0.0004908832172749923,0.89,1.19,0.43,0.43,0.39,8.11,1029,1042,3017,2930,87,45
3-methylheptane,3-methylheptane,589-81-1,"InChI=1S/C8H18/c1-4-6-7-8(3)5-2/h8H,4-7H2,1-3H3",CCCCC(C)CC,CCCCC(C)CC,Alkanes,114.141,NONPOLAR,10.1021/acs.iecr.3c02255,3.61455,3.88542,245.59768,0.0,0.0,0.0,0,0,238.149994,563.6,273.15,533.150024,273.15,533.150024,238.149994,563.6,577.2949786257926,3.061755409205171e6,0.0004825857147162552,0.65,0.71,0.45,0.43,0.46,-1.0,163,164,56,26,30,-1
"2,3,4-trimethyl pentane","2,3,4-trimethylpentane",565-75-3,"InChI=1S/C8H18/c1-6(2)8(5)7(3)4/h6-8H,1-5H3",CC(C)C(C)C(C)C,CC(C)C(C)C(C)C,Alkanes,114.141,NONPOLAR,10.1021/acs.iecr.3c02255,3.17623,4.03277,259.56788,0.0,0.0,0.0,0,0,222.800003,566.340027,273.15,533.150024,273.15,533.150024,222.800003,566.340027,578.6327348204431,3.164764908263662e6,0.0004695239715293691,0.57,-1.0,1.29,1.46,0.23,-1.0,191,-1,223,193,30,-1
"2,4-dimethylhexane","2,4-dimethylhexane",589-43-5,"InChI=1S/C8H18/c1-5-8(4)6-7(2)3/h7-8H,5-6H2,1-4H3",CCC(C)CC(C)C,CCC(C)CC(C)C,Alkanes,114.141,NONPOLAR,10.1021/acs.iecr.3c02255,3.45038,3.95994,244.70926,0.0,0.0,0.0,0,0,307.23999,553.450012,273.15,523.150024,307.23999,523.150024,273.15,553.450012,564.5471553325419,2.978218278573394e6,0.0004857956412439909,0.68,1.01,0.99,0.8,1.05,-1.0,112,113,41,10,31,-1
4-methylheptane,4-methylheptane,589-53-7,"InChI=1S/C8H18/c1-4-6-8(3)7-5-2/h8H,4-7H2,1-3H3",CCCC(C)CCC,CCCC(C)CCC,Alkanes,114.141,NONPOLAR,10.1021/acs.iecr.3c02255,3.62643,3.88212,244.25758,0.0,0.0,0.0,0,0,308.15,561.67,273.15,533.150024,308.15,533.150024,273.15,561.67,574.8948934842455,3.0456225745101823e6,0.00048307852447333343,0.62,-1.0,0.41,0.33,0.44,-1.0,97,-1,38,10,28,-1
"3,4-dimethylhexane","3,4-dimethylhexane",583-48-2,"InChI=1S/C8H18/c1-5-7(3)8(4)6-2/h7-8H,5-6H2,1-4H3",CCC(C)C(C)CC,CCC(C)C(C)CC,Alkanes,114.141,NONPOLAR,10.1021/acs.iecr.3c02255,3.37726,3.95478,254.10125,0.0,0.0,0.0,0,0,313.98,568.780029,273.15,533.150024,313.98,533.150024,273.15,568.780029,581.1050808015442,3.1511915219706222e6,0.00047285936511936287,0.53,-1.0,0.28,0.17,0.33,-1.0,112,-1,39,11,28,-1
2-methylheptane,2-methylheptane,592-27-8,"InChI=1S/C8H18/c1-4-5-6-7-8(2)3/h8H,4-7H2,1-3H3",CCCCCC(C)C,CCCCCC(C)C,Alkanes,114.141,NONPOLAR,10.1021/acs.iecr.3c02255,3.67088,3.88394,242.29289,0.0,0.0,0.0,0,0,233.149994,559.56,273.149994,523.150024,273.149994,523.150024,233.149994,559.56,573.0310312455382,2.9904336888211453e6,0.000490220552787925,0.8,-1.0,0.76,0.9,0.32,-1.0,147,-1,115,87,28,-1
"2,2-dimethylhexane","2,2-dimethylhexane",590-73-8,"InChI=1S/C8H18/c1-5-6-7-8(2,3)4/h5-7H2,1-4H3",CCCCC(C)(C)C,CCCCC(C)(C)C,Alkanes,114.141,NONPOLAR,10.1021/acs.iecr.3c02255,3.38678,3.98505,245.3169,0.0,0.0,0.0,0,0,304.96,549.8,273.15,513.150024,304.96,513.150024,273.15,549.8,561.6646307768208,2.9676760024048993e6,0.0004852677711048619,0.54,-1.0,0.25,0.07,0.27,-1.0,96,-1,29,3,26,-1
"2,5-dimethylhexane","2,5-dimethylhexane",592-13-2,"InChI=1S/C8H18/c1-7(2)5-6-8(3)4/h7-8H,5-6H2,1-4H3",CC(C)CCC(C)C,CC(C)CCC(C)C,Alkanes,114.141,NONPOLAR,10.1021/acs.iecr.3c02255,3.55926,3.92102,240.5764,0.0,0.0,0.0,0,0,276.7,549.99,273.15,513.150024,276.7,513.150024,273.15,549.99,562.020120104086,2.9505693258271604e6,0.000487737142111132,1.11,-1.0,0.22,0.07,0.26,-1.0,201,-1,61,12,49,-1
"2,3-dimethylhexane","2,3-dimethylhexane",584-94-1,"InChI=1S/C8H18/c1-5-6-8(4)7(2)3/h7-8H,5-6H2,1-4H3",CCCC(C)C(C)C,CCCC(C)C(C)C,Alkanes,114.141,NONPOLAR,10.1021/acs.iecr.3c02255,3.43277,3.94351,250.15718,0.0,0.0,0.0,0,0,312.39,563.42,273.15,533.150024,312.39,533.150024,273.15,563.42,575.9143584623614,3.093766364274835e6,0.0004771325945409653,0.59,-1.0,0.31,0.06,0.33,-1.0,114,-1,33,3,30,-1
"2,2,3-trimethylpentane","2,2,3-trimethylpentane",564-02-3,"InChI=1S/C8H18/c1-6-7(2)8(3,4)5/h7H,6H2,1-5H3",CCC(C)C(C)(C)C,CCC(C)C(C)(C)C,Alkanes,114.141,NONPOLAR,10.1021/acs.iecr.3c02255,3.07212,4.0839,261.52779,0.0,0.0,0.0,0,0,306.24,563.43,273.15,533.150024,306.24,533.150024,273.15,563.43,574.8036410824926,3.138556000624489e6,0.00047066347366768175,0.5,0.66,1.11,0.53,1.31,-1.0,99,100,40,10,30,-1
"3,3-dimethylhexane","3,3-dimethylhexane",563-16-6,"InChI=1S/C8H18/c1-5-7-8(3,4)6-2/h5-7H2,1-4H3",CCCC(C)(C)CC,CCCC(C)(C)CC,Alkanes,114.141,NONPOLAR,10.1021/acs.iecr.3c02255,3.21937,4.03238,256.20469,0.0,0.0,0.0,0,0,308.55,561.950012,273.15,533.150024,308.55,533.150024,273.15,561.950012,574.3861130149965,3.0966270253987745e6,0.00047618455040605916,0.58,-1.0,2.3,0.29,2.5,-1.0,80,-1,33,3,30,-1
2-methyl-3-ethyl-pentane,3-ethyl-2-methylpentane,609-26-7,"InChI=1S/C8H18/c1-5-8(6-2)7(3)4/h7-8H,5-6H2,1-4H3",CCC(CC)C(C)C,CCC(CC)C(C)C,Alkanes,114.141,NONPOLAR,10.1021/acs.iecr.3c02255,3.3049,3.98271,255.59118,0.0,0.0,0.0,0,0,312.049988,567.02002,273.15,533.150024,312.049988,533.150024,273.15,567.02002,579.3113521483178,3.149897549240617e6,0.00047184885964967997,0.54,-1.0,1.46,0.35,1.66,-1.0,116,-1,33,5,28,-1
3-methyl-3-ethylpentane,3-ethyl-3-methylpentane,1067-08-9,"InChI=1S/C8H18/c1-5-8(4,6-2)7-3/h5-7H2,1-4H3",CCC(C)(CC)CC,CCC(C)(CC)CC,Alkanes,114.141,NONPOLAR,10.1021/acs.iecr.3c02255,3.09421,4.06572,266.92626,0.0,0.0,0.0,0,0,283.049988,576.51,273.149994,543.15,283.049988,543.15,273.149994,576.51,588.4675757335015,3.2313354402719657e6,0.00046794282686887236,0.43,-1.0,0.39,0.29,0.45,-1.0,77,-1,25,9,16,-1
"2,3,3-trimethylpentane","2,3,3-trimethylpentane",560-21-4,"InChI=1S/C8H18/c1-6-8(4,5)7(2)3/h7H,6H2,1-5H3",CCC(C)(C)C(C)C,CCC(C)(C)C(C)C,Alkanes,114.141,NONPOLAR,10.1021/acs.iecr.3c02255,3.01529,4.10282,267.9794,0.0,0.0,0.0,0,0,309.9,573.49,273.15,543.150024,309.9,543.150024,273.15,573.49,584.2777293949963,3.2103472991460077e6,0.0004679119571834523,0.74,-1.0,0.38,0.16,0.46,-1.0,102,-1,43,11,32,-1
3-ethylhexane,3-ethylhexane,619-99-8,"InChI=1S/C8H18/c1-4-7-8(5-2)6-3/h8H,4-7H2,1-3H3",CCCC(CC)CC,CCCC(CC)CC,Alkanes,114.141,NONPOLAR,10.1021/acs.iecr.3c02255,3.53517,3.90208,248.39319,0.0,0.0,0.0,0,0,293.0,565.42,273.15,533.150024,293.0,533.150024,273.15,565.42,578.7007652085472,3.1059723921571e6,0.00047717663854623645,0.57,-1.0,0.88,0.29,1.02,-1.0,99,-1,37,7,30,-1
chlorotrifluoroethylene,"1-chloro-1,2,2-trifluoroethene",79-38-9,InChI=1S/C2ClF3/c3-1(4)2(5)6,FC(F)=C(F)Cl,FC(F)=C(F)Cl,Halogenated compounds,115.964,NONPOLAR,10.1021/acs.iecr.3c02255,2.55275,3.37703,191.75837,0.0,0.0,0.0,0,0,194.6,377.45,212.75,348.15,212.75,348.15,194.6,377.45,388.18494027609694,4.563745616751111e6,0.00021943735181565767,1.56,2.33,1.2,1.2,1.2,19.99,59,61,24,18,6,48
dichlorodifluoromethane,dichloro(difluoro)methane,75-71-8,"InChI=1S/CCl2F2/c2-1(3,4)5",FC(F)(Cl)Cl,FC(F)(Cl)Cl,Halogenated compounds,119.935,NONPOLAR,10.1021/acs.iecr.3c02255,2.20725,3.5654,206.85391,0.0,0.0,0.0,0,0,170.929993,385.149994,150.0,364.25,170.929993,364.25,150.0,385.149994,391.03881872994265,4.542157253506125e6,0.00022284238313521976,0.41,0.53,0.34,0.36,0.27,3.13,348,350,392,284,108,554
"1,4-dichloro-trans-2-butene","(e)-1,4-dichlorobut-2-ene",110-57-6,"InChI=1S/C4H6Cl2/c5-3-1-2-4-6/h1-2H,3-4H2/b2-1+",ClC/C=C/CCl,ClCC=CCCl,Chlorides,123.985,NONPOLAR,10.1021/acs.iecr.3c02255,3.83059,3.33815,274.10452,0.0,0.0,0.0,0,0,343.149994,432.15,293.149994,298.149994,343.149994,298.149994,293.149994,432.15,659.1588355491874,5.1644745583172655e6,0.0003260815119407794,5.07,10.4,0.26,0.26,-1.0,-1.0,7,9,3,3,-1,-1
"1,2-dichlorobutane","1,2-dichlorobutane",616-21-7,"InChI=1S/C4H8Cl2/c1-2-4(6)3-5/h4H,2-3H2,1H3",CCC(Cl)CCl,CCC(Cl)CCl,Chlorides,126.0,NONPOLAR,10.1021/acs.iecr.3c02255,2.87411,3.76535,291.44147,0.0,0.0,0.0,0,0,312.58,397.17,273.149994,298.149994,312.58,298.149994,273.149994,397.17,622.299157379034,4.656721135953721e6,0.00034391699656525376,1.22,2.13,0.54,0.54,-1.0,-1.0,19,20,9,9,-1,-1
"2,3-dichlorobutane","2,3-dichlorobutane",7581-97-7,"InChI=1S/C4H8Cl2/c1-3(5)4(2)6/h3-4H,1-2H3",CC(Cl)C(C)Cl,CC(Cl)C(C)Cl,Chlorides,126.0,NONPOLAR,10.1021/acs.iecr.3c02255,2.94526,3.72785,282.71327,0.0,0.0,0.0,0,0,310.15,392.65,273.149994,298.149994,310.15,298.149994,273.149994,392.65,610.156755748634,4.5836057097329255e6,0.0003424109702312865,2.48,3.46,0.06,0.06,-1.0,-1.0,12,13,6,6,-1,-1
"2,2,5-trimethylhexane","2,2,5-trimethylhexane",3522-94-9,"InChI=1S/C9H20/c1-8(2)6-7-9(3,4)5/h8H,6-7H2,1-5H3",CC(C)CCC(C)(C)C,CC(C)CCC(C)(C)C,Alkanes,128.157,NONPOLAR,10.1021/acs.iecr.3c02255,3.79634,3.9655,239.72328,0.0,0.0,0.0,0,0,188.449997,398.200012,288.149994,533.15,288.149994,398.200012,188.449997,533.15,574.4737657283968,2.7122932367403186e6,0.0005412822331407612,2.01,-1.0,0.3,0.28,0.32,-1.0,87,-1,30,15,15,-1
nonane,nonane,111-84-2,"InChI=1S/C9H20/c1-3-5-7-9-8-6-4-2/h3-9H2,1-2H3",CCCCCCCCC,CCCCCCCCC,Alkanes,128.157,NONPOLAR,10.1021/acs.iecr.3c02255,4.3188,3.79721,241.29275,0.0,0.0,0.0,0,0,236.83,510.929993,223.149994,510.93,236.83,510.929993,223.149994,510.93,607.0336965296772,2.8163204353302117e6,0.0005481772806649005,0.92,1.56,0.85,0.85,0.89,-1.0,420,432,1795,1784,11,-1
2-methyloctane,2-methyloctane,3221-61-2,"InChI=1S/C9H20/c1-4-5-6-7-8-9(2)3/h9H,4-8H2,1-3H3",CCCCCCC(C)C,CCCCCCC(C)C,Alkanes,128.157,NONPOLAR,10.1021/acs.iecr.3c02255,4.10474,3.87073,242.55508,0.0,0.0,0.0,0,0,305.149994,581.4,283.15,373.15,305.149994,373.15,283.15,581.4,598.8487162235496,2.78155580816837e6,0.0005486787238214199,1.11,2.5,0.14,0.14,-1.0,-1.0,42,43,39,39,-1,-1
"3,3-diethylpentane","3,3-diethylpentane",1067-20-5,"InChI=1S/C9H20/c1-5-9(6-2,7-3)8-4/h5-8H2,1-4H3",CCC(CC)(CC)CC,CCC(CC)(CC)CC,Alkanes,128.157,NONPOLAR,10.1021/acs.iecr.3c02255,3.24028,4.14875,277.80264,0.0,0.0,0.0,0,0,273.15,420.34,288.149994,423.15,288.149994,420.34,273.15,423.15,624.4978466792277,3.069593638396556e6,0.0005222086269929953,0.68,-1.0,0.69,0.69,-1.0,-1.0,39,-1,42,42,-1,-1
"2,4,4-trimethylhexane","2,4,4-trimethylhexane",16747-30-1,"InChI=1S/C9H20/c1-6-9(4,5)7-8(2)3/h8H,6-7H2,1-5H3",CCC(C)(C)CC(C)C,CCC(C)(C)CC(C)C,Alkanes,128.157,NONPOLAR,10.1021/acs.iecr.3c02255,3.44197,4.08813,257.53965,0.0,0.0,0.0,0,0,323.8,404.79,283.149994,323.149994,323.8,323.149994,283.149994,404.79,593.5572509946413,2.853530161337914e6,0.0005331116451493815,0.08,-1.0,0.02,0.02,-1.0,-1.0,19,-1,12,12,-1,-1
"2,2,3,4-tetramethylpentane","2,2,3,4-tetramethylpentane",1186-53-4,"InChI=1S/C9H20/c1-7(2)8(3)9(4,5)6/h7-8H,1-6H3",CC(C)C(C)C(C)(C)C,CC(C)C(C)C(C)(C)C,Alkanes,128.157,NONPOLAR,10.1021/acs.iecr.3c02255,3.24524,4.14986,267.96763,0.0,0.0,0.0,0,0,325.18,407.17,288.149994,298.15,325.18,298.15,288.149994,407.17,602.774227310607,2.955498491095316e6,0.0005234824814485926,0.09,-1.0,0.03,0.03,-1.0,-1.0,23,-1,7,7,-1,-1
"2,3,3,4-tetramethylpentane","2,3,3,4-tetramethylpentane",16747-38-9,"InChI=1S/C9H20/c1-7(2)9(5,6)8(3)4/h7-8H,1-6H3",CC(C)C(C)(C)C(C)C,CC(C)C(C)(C)C(C)C,Alkanes,128.157,NONPOLAR,10.1021/acs.iecr.3c02255,3.23656,4.13476,274.92506,0.0,0.0,0.0,0,0,332.16,415.72,283.149994,323.149994,332.16,323.149994,283.149994,415.72,617.7321169056584,3.0711114838671647e6,0.0005163098318598156,0.11,-1.0,0.04,0.04,-1.0,-1.0,22,-1,14,14,-1,-1
"2,2,3,3-tetramethylpentane","2,2,3,3-tetramethylpentane",7154-79-2,"InChI=1S/C9H20/c1-7-9(5,6)8(2,3)4/h7H2,1-6H3",CCC(C)(C)C(C)(C)C,CCC(C)(C)C(C)(C)C,Alkanes,128.157,NONPOLAR,10.1021/acs.iecr.3c02255,3.17527,4.15862,276.93581,0.0,0.0,0.0,0,0,330.98,414.45,288.149994,298.15,330.98,298.15,288.149994,414.45,617.2708551633169,3.079779508133053e6,0.0005147014436020352,0.04,-1.0,0.03,0.03,-1.0,-1.0,24,-1,8,8,-1,-1
"2,2,4,4-tetramethylpentane","2,2,4,4-tetramethylpentane",1070-87-7,"InChI=1S/C9H20/c1-8(2,3)7-9(4,5)6/h7H2,1-6H3",CC(C)(C)CC(C)(C)C,CC(C)(C)CC(C)(C)C,Alkanes,128.157,NONPOLAR,10.1021/acs.iecr.3c02255,3.23856,4.1762,259.96116,0.0,0.0,0.0,0,0,316.11,425.850006,288.149994,303.149994,316.11,303.149994,288.149994,425.850006,584.2605713616892,2.8171902908324744e6,0.0005323409091488882,0.07,-1.0,0.04,0.04,-1.0,-1.0,52,-1,8,8,-1,-1
"2,3-dimethylheptane","2,3-dimethylheptane",3074-71-3,"InChI=1S/C9H20/c1-5-6-7-9(4)8(2)3/h8-9H,5-7H2,1-4H3",CCCCC(C)C(C)C,CCCCC(C)C(C)C,Alkanes,128.157,NONPOLAR,10.1021/acs.iecr.3c02255,3.81174,3.94908,250.6705,0.0,0.0,0.0,0,0,310.149994,441.149994,283.149994,313.149994,310.149994,313.149994,283.149994,441.149994,601.6534435819141,2.86308123206038e6,0.0005369645016924641,0.73,-1.0,0.11,0.11,-1.0,-1.0,36,-1,19,19,-1,-1
"1,1,1,2,2-pentafluoropropane","1,1,1,2,2-pentafluoropropane",1814-88-6,"InChI=1S/C3H3F5/c1-2(4,5)3(6,7)8/h1H3",CC(F)(F)C(F)(F)F,CC(F)(F)C(F)(F)F,Fluorides,134.015,NONPOLAR,10.1021/acs.iecr.3c02255,3.1076,3.39587,175.68124,0.0,0.0,0.0,0,0,232.25,381.65,233.149994,357.79,233.149994,357.79,232.25,381.65,388.02168946254017,3.63952889153679e6,0.00027391858528597247,0.64,-1.0,0.16,0.16,0.2,1.25,152,-1,881,854,27,119
trichlorofluoromethane,trichloro(fluoro)methane,75-69-4,"InChI=1S/CCl3F/c2-1(3,4)5",FC(Cl)(Cl)Cl,FC(Cl)(Cl)Cl,Halogenated compounds,135.905,NONPOLAR,10.1021/acs.iecr.3c02255,2.2745,3.68634,249.68309,0.0,0.0,0.0,0,0,166.479996,471.149994,162.039993,444.26001,166.479996,444.26001,162.039993,471.149994,478.83963308575034,4.879134152813288e6,0.00025384220669268635,0.55,-1.0,0.27,0.27,0.3,5.57,297,-1,808,705,103,197
"1-chloro-1,2,2,2-tetrafluoroethane","2-chloro-1,1,1,2-tetrafluoroethane",2837-89-0,"InChI=1S/C2HClF4/c3-1(4)2(5,6)7/h1H",FC(Cl)C(F)(F)F,FC(Cl)C(F)(F)F,Halogenated compounds,135.97,NONPOLAR,10.1021/acs.iecr.3c02255,3.01737,3.32343,184.87384,0.0,0.0,0.0,0,0,159.99,395.3,104.0,375.81,159.99,375.81,104.0,395.3,403.20185878367033,4.165053707305855e6,0.0002488813272489027,0.54,1.1,0.27,0.28,0.13,5.84,477,481,1671,1592,79,327
hexafluoroethane,"1,1,1,2,2,2-hexafluoroethane",76-16-4,"InChI=1S/C2F6/c3-1(4,5)2(6,7)8",FC(F)(F)C(F)(F)F,FC(F)(F)C(F)(F)F,Fluorides,137.99,NONPOLAR,10.1021/acs.iecr.3c02255,2.81452,3.31739,140.26853,0.0,0.0,0.0,0,0,173.11,292.22,172.039993,277.589996,173.11,277.589996,172.039993,292.22,296.749774063461,3.3203776988653587e6,0.00023010427089546144,0.56,-1.0,0.54,0.17,0.66,3.79,174,-1,29,7,22,123
decane,decane,124-18-5,"InChI=1S/C10H22/c1-3-5-7-9-10-8-6-4-2/h3-10H2,1-2H3",CCCCCCCCCC,CCCCCCCCCC,Alkanes,142.172,NONPOLAR,10.1021/acs.iecr.3c02255,4.6267,3.84109,244.92287,0.0,0.0,0.0,0,0,243.96,588.13,243.15,583.15,243.96,583.15,243.15,588.13,631.573653571485,2.611808649789291e6,0.0006130448401776409,1.36,4.32,0.35,0.35,0.44,9.46,716,773,11903,11842,61,50
"2,7-dimethyloctane","2,7-dimethyloctane",1072-16-8,"InChI=1S/C10H22/c1-9(2)7-5-6-8-10(3)4/h9-10H,5-8H2,1-4H3",CC(C)CCCCC(C)C,CC(C)CCCCC(C)C,Alkanes,142.172,NONPOLAR,10.1021/acs.iecr.3c02255,4.309,3.93099,245.07869,0.0,0.0,0.0,0,0,270.899994,433.65,273.149994,393.15,273.149994,393.15,270.899994,433.65,616.0469070255475,2.582950463806596e6,0.000606638915300297,1.9,3.42,0.28,0.28,-1.0,-1.0,50,55,31,31,-1,-1
"2,6-dimethyloctane","2,6-dimethyloctane",2051-30-1,"InChI=1S/C10H22/c1-5-10(4)8-6-7-9(2)3/h9-10H,5-8H2,1-4H3",CCC(C)CCCC(C)C,CCC(C)CCCC(C)C,Alkanes,142.172,NONPOLAR,10.1021/acs.iecr.3c02255,4.25771,3.93753,246.48391,0.0,0.0,0.0,0,0,317.649994,432.15,284.149994,298.149994,317.649994,298.149994,284.149994,432.15,616.8659739836451,2.609475562246244e6,0.0006015747314968042,4.69,-1.0,0.4,0.4,-1.0,-1.0,10,-1,12,12,-1,-1
"2,2,5,5-tetramethylhexane","2,2,5,5-tetramethylhexane",1071-81-4,"InChI=1S/C10H22/c1-9(2,3)7-8-10(4,5)6/h7-8H2,1-6H3",CC(C)(C)CCC(C)(C)C,CC(C)(C)CCC(C)(C)C,Alkanes,142.172,NONPOLAR,10.1021/acs.iecr.3c02255,3.62094,4.16831,252.17979,0.0,0.0,0.0,0,0,318.559998,410.61,293.149994,303.149994,318.559998,303.149994,293.149994,410.61,593.1834851279917,2.542955527573391e6,0.0005970009067007076,0.92,6.19,0.07,0.07,-1.0,-1.0,6,7,8,8,-1,-1
trifluorobromomethane,bromo(trifluoro)methane,75-63-8,"InChI=1S/CBrF3/c2-1(3,4)5",FC(F)(F)Br,FC(F)(F)Br,Halogenated compounds,147.914,NONPOLAR,10.1021/acs.iecr.3c02255,2.1497,3.50014,185.06937,0.0,0.0,0.0,0,0,160.17,340.149994,107.150002,323.15,160.17,323.15,107.150002,340.149994,345.4221725279281,4.3576662976384815e6,0.00020532161458759957,0.72,1.83,0.6,0.62,0.58,4.11,198,211,149,62,87,148
"1,1,1,3,3-pentafluorobutane","1,1,1,3,3-pentafluorobutane",406-58-6,"InChI=1S/C4H5F5/c1-3(5,6)2-4(7,8)9/h2H2,1H3",CC(F)(F)CC(F)(F)F,CC(F)(F)CC(F)(F)F,Fluorides,148.031,NONPOLAR,10.1021/acs.iecr.3c02255,4.03959,3.25784,189.37775,0.0,0.0,0.0,0,0,253.15,447.89,237.49,490.02,253.15,447.89,237.49,490.02,464.75476029804975,3.687623780014328e6,0.0003213875445526401,2.13,-1.0,1.72,1.87,0.17,-1.0,171,-1,757,691,66,-1
perfluoropropylene,"1,1,2,3,3,3-hexafluoroprop-1-ene",116-15-4,"InChI=1S/C3F6/c4-1(2(5)6)3(7,8)9",FC(F)=C(F)C(F)(F)F,FC(F)=C(F)C(F)(F)F,Fluorides,149.99,NONPOLAR,10.1021/acs.iecr.3c02255,3.40869,3.22719,159.26613,0.0,0.0,0.0,0,0,232.449997,358.76,208.66,340.74,232.449997,340.74,208.66,358.76,365.61166043688365,3.6116018655877956e6,0.00025951876846999904,1.49,1.57,0.2,0.2,0.03,3.75,201,202,842,838,4,1964
tetrachloromethane,tetrachloromethane,56-23-5,"InChI=1S/CCl4/c2-1(3,4)5",ClC(Cl)(Cl)Cl,ClC(Cl)(Cl)Cl,Chlorides,151.875,NONPOLAR,10.1021/acs.iecr.3c02255,2.32199,3.79797,292.54982,0.0,0.0,0.0,0,0,251.75,557.75,255.15,524.6,255.15,524.6,251.75,557.75,566.5897625161783,5.167554202930239e6,0.00028345631497659767,0.99,1.16,0.59,0.61,0.13,6.25,955,963,924,875,49,31
chloroperfluoroethane,"1-chloro-1,1,2,2,2-pentafluoroethane",76-15-3,"InChI=1S/C2ClF5/c3-1(4,5)2(6,7)8",FC(F)(F)C(F)(F)Cl,FC(F)(F)C(F)(F)Cl,Halogenated compounds,153.961,NONPOLAR,10.1021/acs.iecr.3c02255,2.76582,3.5012,170.66862,0.0,0.0,0.0,0,0,177.839996,353.15,194.649994,333.15,194.649994,333.15,177.839996,353.15,358.270936968645,3.4737039214751357e6,0.00026564123849432227,1.07,1.15,0.28,0.26,0.31,4.87,239,241,45,29,16,264
n-undecane,undecane,1120-21-4,"InChI=1S/C11H24/c1-3-5-7-9-11-10-8-6-4-2/h3-11H2,1-2H3",CCCCCCCCCCC,CCCCCCCCCCC,Alkanes,156.188,NONPOLAR,10.1021/acs.iecr.3c02255,4.91136,3.82029,249.50624,0.0,0.0,0.0,0,0,254.29,470.42,240.35,473.15,254.29,470.42,240.35,473.15,656.8570513811168,2.572186473176579e6,0.0006453807927589124,1.33,2.09,4.93,4.94,0.01,-1.0,133,141,640,639,1,-1
2-methyldecane,2-methyldecane,6975-98-0,"InChI=1S/C11H24/c1-4-5-6-7-8-9-10-11(2)3/h11H,4-10H2,1-3H3",CCCCCCCCC(C)C,CCCCCCCCC(C)C,Alkanes,156.188,NONPOLAR,10.1021/acs.iecr.3c02255,4.87058,3.88386,245.87139,0.0,0.0,0.0,0,0,273.15,463.05,273.149994,373.15,273.15,373.15,273.149994,463.05,645.4434897512958,2.4294493979871534e6,0.0006717347444594379,2.36,8.18,0.5,0.5,-1.0,-1.0,41,47,28,28,-1,-1
3-methyldecane,3-methyldecane,13151-34-3,"InChI=1S/C11H24/c1-4-6-7-8-9-10-11(3)5-2/h11H,4-10H2,1-3H3",CCCCCCCC(C)CC,CCCCCCCC(C)CC,Alkanes,156.188,NONPOLAR,10.1021/acs.iecr.3c02255,4.1835,4.09797,266.95381,0.0,0.0,0.0,0,0,340.85,464.05,293.15,353.15,340.85,353.15,293.15,464.05,663.7716420177969,2.5419458961658655e6,0.0006649923501799306,2.31,-1.0,0.06,0.06,-1.0,-1.0,11,-1,4,4,-1,-1
"2,3-dimethylnonane","2,3-dimethylnonane",2884-06-2,"InChI=1S/C11H24/c1-5-6-7-8-9-11(4)10(2)3/h10-11H,5-9H2,1-4H3",CCCCCCC(C)C(C)C,CCCCCCC(C)C(C)C,Alkanes,156.188,NONPOLAR,10.1021/acs.iecr.3c02255,4.01644,4.1442,270.37498,0.0,0.0,0.0,0,0,336.85,459.95,293.149994,353.15,336.85,353.15,293.149994,459.95,662.0916473128281,2.5689852270208243e6,0.0006573559209685944,2.6,-1.0,0.08,0.08,-1.0,-1.0,15,-1,10,10,-1,-1
"perfluoro-1,3-butadiene","1,1,2,3,4,4-hexafluorobuta-1,3-diene",685-63-2,InChI=1S/C4F6/c5-1(3(7)8)2(6)4(9)10,FC(F)=C(F)C(F)=C(F)F,FC(F)=C(F)C(F)=C(F)F,Fluorides,161.99,NONPOLAR,10.1021/acs.iecr.3c02255,4.05667,3.15239,167.30802,0.0,0.0,0.0,0,0,273.15,343.15,253.149994,342.98,273.15,342.98,253.149994,343.15,411.2467212732744,3.584242992676598e6,0.00029254206683379085,1.64,-1.0,0.09,0.09,-1.0,-1.0,18,-1,81,81,-1,-1
tetrachloroethylene,"1,1,2,2-tetrachloroethene",127-18-4,InChI=1S/C2Cl4/c3-1(4)2(5)6,ClC(Cl)=C(Cl)Cl,ClC(Cl)=C(Cl)Cl,Chlorides,163.875,NONPOLAR,10.1021/acs.iecr.3c02255,2.69164,3.71137,303.51594,0.0,0.0,0.0,0,0,273.15,394.95,273.149994,323.15,273.15,323.15,273.149994,394.95,629.4223085650351,5.2729664428557595e6,0.00030761311643093465,1.05,-1.0,0.05,0.05,-1.0,-1.0,234,-1,67,67,-1,-1
bromochlorodifluoromethane,bromo-chloro-difluoromethane,353-59-3,"InChI=1S/CBrClF2/c2-1(3,4)5",FC(F)(Cl)Br,FC(F)(Cl)Br,Halogenated compounds,163.884,NONPOLAR,10.1021/acs.iecr.3c02255,2.20487,3.63702,229.87484,0.0,0.0,0.0,0,0,177.809998,373.149994,233.149994,373.149994,233.149994,373.149994,177.809998,373.149994,434.33228261954093,4.758106513002023e6,0.0002362870753316144,0.56,0.89,0.39,0.3,0.42,-1.0,71,73,10,2,8,-1
"1,2-dichlorotetrafluoroethane","1,2-dichloro-1,1,2,2-tetrafluoroethane",76-14-2,"InChI=1S/C2Cl2F4/c3-1(5,6)2(4,7)8",FC(F)(Cl)C(F)(F)Cl,FC(F)(Cl)C(F)(F)Cl,Halogenated compounds,169.931,NONPOLAR,10.1021/acs.iecr.3c02255,2.7784,3.64165,202.49941,0.0,0.0,0.0,0,0,202.589996,418.87,195.96,397.55,202.589996,397.55,195.96,418.87,425.95194404589733,3.652654399608945e6,0.0003003229358563464,0.83,0.85,0.34,0.38,0.29,4.34,465,466,274,170,104,242
"1,1-dichloro tetrafluoro ethane","1,1-dichloro-1,2,2,2-tetrafluoroethane",374-07-2,"InChI=1S/C2Cl2F4/c3-1(4,5)2(6,7)8",FC(F)(F)C(F)(Cl)Cl,FC(F)(F)C(F)(Cl)Cl,Halogenated compounds,169.931,NONPOLAR,10.1021/acs.iecr.3c02255,2.68124,3.68922,206.24136,0.0,0.0,0.0,0,0,276.75,422.3,228.729996,390.35,276.75,390.35,228.729996,422.3,426.950649595493,3.656476145373326e6,0.0003009310821276291,1.56,-1.0,0.56,0.97,0.43,2.98,6,-1,17,4,13,62
dodecane,dodecane,112-40-3,"InChI=1S/C12H26/c1-3-5-7-9-11-12-10-8-6-4-2/h3-12H2,1-2H3",CCCCCCCCCCCC,CCCCCCCCCCCC,Alkanes,170.203,NONPOLAR,10.1021/acs.iecr.3c02255,5.49496,3.83291,244.83939,0.0,0.0,0.0,0,0,263.67,633.0,263.149994,623.15,263.67,623.15,263.149994,633.0,669.0108787550438,2.264772771575584e6,0.0007413845155946415,1.86,5.57,0.39,0.4,0.38,-1.0,397,456,1526,1493,33,-1
2-methylundecane,2-methylundecane,7045-71-8,"InChI=1S/C12H26/c1-4-5-6-7-8-9-10-11-12(2)3/h12H,4-11H2,1-3H3",CCCCCCCCCC(C)C,CCCCCCCCCC(C)C,Alkanes,170.203,NONPOLAR,10.1021/acs.iecr.3c02255,4.81946,4.01748,257.96331,0.0,0.0,0.0,0,0,356.95,483.5,293.0,353.15,356.95,353.15,293.0,483.5,674.7333392127048,2.3236273090854143e6,0.0007346178316603421,2.36,-1.0,0.03,0.03,-1.0,-1.0,19,-1,6,6,-1,-1
3-methylundecane,3-methylundecane,1002-43-3,"InChI=1S/C12H26/c1-4-6-7-8-9-10-11-12(3)5-2/h12H,4-11H2,1-3H3",CCCCCCCCC(C)CC,CCCCCCCCC(C)CC,Alkanes,170.203,NONPOLAR,10.1021/acs.iecr.3c02255,4.59616,4.07712,265.03999,0.0,0.0,0.0,0,0,357.45,484.35,283.15,373.15,357.45,373.15,283.15,484.35,681.8533860098423,2.376284864337275e6,0.00072768511324269,2.89,3.56,0.08,0.08,-1.0,-1.0,12,13,22,22,-1,-1
"2,3-dimethyldecane","2,3-dimethyldecane",17312-44-6,"InChI=1S/C12H26/c1-5-6-7-8-9-10-12(4)11(2)3/h11-12H,5-10H2,1-4H3",CCCCCCCC(C)C(C)C,CCCCCCCC(C)C(C)C,Alkanes,170.203,NONPOLAR,10.1021/acs.iecr.3c02255,4.61803,4.05824,262.03675,0.0,0.0,0.0,0,0,354.149994,479.95,293.149994,353.15,354.149994,353.15,293.149994,479.95,675.2579988647936,2.3729968672765996e6,0.0007214768539318514,2.98,-1.0,0.11,0.11,-1.0,-1.0,16,-1,8,8,-1,-1
tridecane,tridecane,629-50-5,"InChI=1S/C13H28/c1-3-5-7-9-11-13-12-10-8-6-4-2/h3-13H2,1-2H3",CCCCCCCCCCCCC,CCCCCCCCCCCCC,Alkanes,184.219,NONPOLAR,10.1021/acs.iecr.3c02255,5.6357,3.82246,252.01401,0.0,0.0,0.0,0,0,283.65,533.15,263.15,492.15,283.65,492.15,263.15,533.15,694.1989268449071,2.296975846412052e6,0.0007571777774204183,2.16,4.43,6.67,6.69,0.02,-1.0,140,155,338,337,1,-1
2-methyldodecane,2-methyldodecane,1560-97-0,"InChI=1S/C13H28/c1-4-5-6-7-8-9-10-11-12-13(2)3/h13H,4-12H2,1-3H3",CCCCCCCCCCC(C)C,CCCCCCCCCCC(C)C,Alkanes,184.219,NONPOLAR,10.1021/acs.iecr.3c02255,5.383,3.96526,253.72926,0.0,0.0,0.0,0,0,373.45,502.55,293.149994,353.15,373.45,353.15,293.149994,502.55,688.7026627636175,2.1592792182455943e6,0.0008015975772636788,2.72,-1.0,0.06,0.06,-1.0,-1.0,19,-1,9,9,-1,-1
3-methyldodecane,3-methyldodecane,17312-57-1,"InChI=1S/C13H28/c1-4-6-7-8-9-10-11-12-13(3)5-2/h13H,4-12H2,1-3H3",CCCCCCCCCC(C)CC,CCCCCCCCCC(C)CC,Alkanes,184.219,NONPOLAR,10.1021/acs.iecr.3c02255,5.09082,4.03664,261.16021,0.0,0.0,0.0,0,0,372.95,503.35,293.149994,353.15,372.95,353.15,293.149994,503.35,695.934502480291,2.212817227570691e6,0.0007931831808325228,3.05,4.24,0.07,0.07,-1.0,-1.0,13,14,9,9,-1,-1
"2,3-dimethylundecane","2,3-dimethylundecane",17312-77-5,"InChI=1S/C13H28/c1-5-6-7-8-9-10-11-13(4)12(2)3/h12-13H,5-11H2,1-4H3",CCCCCCCCC(C)C(C)C,CCCCCCCCC(C)C(C)C,Alkanes,184.219,NONPOLAR,10.1021/acs.iecr.3c02255,4.88341,4.08206,264.31308,0.0,0.0,0.0,0,0,369.549988,499.45,293.149994,353.15,369.549988,353.15,293.149994,499.45,694.4811570358027,2.244401510541569e6,0.0007822483498750485,2.44,-1.0,0.3,0.3,-1.0,-1.0,11,-1,6,6,-1,-1
"1,1,2-trichloro-1,2,2-trifluoroethane","1,1,2-trichloro-1,2,2-trifluoroethane",76-13-1,"InChI=1S/C2Cl3F3/c3-1(4,6)2(5,7)8",FC(F)(Cl)C(F)(Cl)Cl,FC(F)(Cl)C(F)(Cl)Cl,Halogenated compounds,185.902,NONPOLAR,10.1021/acs.iecr.3c02255,2.8049,3.74996,234.58027,0.0,0.0,0.0,0,0,238.710007,483.77,238.15,461.8,238.710007,461.8,238.15,483.77,495.52084755077203,3.852554337730402e6,0.00033118096667113993,1.39,1.58,0.34,0.38,0.2,2.28,332,338,599,465,134,315
"1,1,1-trichloro-2,2,2-trifluoro ethane","1,1,1-trichloro-2,2,2-trifluoroethane",354-58-5,"InChI=1S/C2Cl3F3/c3-1(4,5)2(6,7)8",FC(F)(F)C(Cl)(Cl)Cl,FC(F)(F)C(Cl)(Cl)Cl,Halogenated compounds,185.902,NONPOLAR,10.1021/acs.iecr.3c02255,2.73686,3.77704,236.46641,0.0,0.0,0.0,0,0,288.2,383.15,293.149994,303.149994,293.149994,303.149994,288.2,383.15,494.06357088340445,3.8583366930977902e6,0.00032987750471168376,0.9,-1.0,0.12,0.12,-1.0,-1.0,40,-1,13,13,-1,-1
hexafluorobenzene,"1,2,3,4,5,6-hexafluorobenzene",392-56-3,InChI=1S/C6F6/c7-1-2(8)4(10)6(12)5(11)3(1)9,Fc1c(F)c(F)c(F)c(F)c1F,Fc1c(F)c(F)c(F)c(F)c1F,Fluorides,185.99,NONPOLAR,10.1021/acs.iecr.3c02255,3.78235,3.39118,221.62509,0.0,0.0,0.0,0,0,278.35,516.71,288.15,490.0,288.15,490.0,278.35,516.71,530.3404008850939,4.02042022278563e6,0.00033715170496676216,0.57,0.77,2.93,3.45,0.59,15.15,365,369,155,127,28,114
perfluoropropane,"1,1,1,2,2,3,3,3-octafluoropropane",76-19-7,"InChI=1S/C3F8/c4-1(5,2(6,7)8)3(9,10)11",FC(F)(F)C(F)(F)C(F)(F)F,FC(F)(F)C(F)(F)C(F)(F)F,Fluorides,187.987,NONPOLAR,10.1021/acs.iecr.3c02255,3.32385,3.43936,153.90597,0.0,0.0,0.0,0,0,126.150002,345.049988,203.51,326.05,203.51,326.05,126.150002,345.049988,349.6632526027827,2.933689489419988e6,0.0003057468295307175,1.71,2.15,0.6,0.6,0.55,1.58,152,153,1440,1398,42,164
bromotrichloromethane,bromo(trichloro)methane,75-62-7,"InChI=1S/CBrCl3/c2-1(3,4)5",ClC(Cl)(Cl)Br,ClC(Cl)(Cl)Br,Halogenated compounds,195.825,NONPOLAR,10.1021/acs.iecr.3c02255,2.19573,3.90927,328.03159,0.0,0.0,0.0,0,0,273.15,403.149994,233.149994,313.15,273.15,313.15,233.149994,403.149994,618.553930870891,5.480186685978236e6,0.0002922001012544419,1.75,-1.0,2.98,2.98,-1.0,-1.0,39,-1,50,50,-1,-1
"2-bromo-2-chloro-1,1,1-trifluoroethane","2-bromo-2-chloro-1,1,1-trifluoroethane",151-67-7,"InChI=1S/C2HBrClF3/c3-1(4)2(5,6)7/h1H",FC(F)(F)C(Cl)Br,FC(F)(F)C(Cl)Br,Halogenated compounds,195.89,NONPOLAR,10.1021/acs.iecr.3c02255,3.07638,3.48889,227.52797,0.0,0.0,0.0,0,0,222.449997,328.5,291.149994,314.149994,291.149994,314.149994,222.449997,328.5,500.37305851522234,4.375397852523806e6,0.0002938894679976229,1.9,-1.0,0.14,0.14,-1.0,-1.0,186,-1,24,24,-1,-1
tetradecane,tetradecane,629-59-4,"InChI=1S/C14H30/c1-3-5-7-9-11-13-14-12-10-8-6-4-2/h3-14H2,1-2H3",CCCCCCCCCCCCCC,CCCCCCCCCCCCCC,Alkanes,198.235,NONPOLAR,10.1021/acs.iecr.3c02255,6.01753,3.82609,252.65629,0.0,0.0,0.0,0,0,292.15,588.13,278.74,511.15,292.15,511.15,278.74,588.13,710.3267823445757,2.160816583006501e6,0.0008195473554932183,1.55,36.78,6.29,6.3,0.01,-1.0,265,291,801,800,1,-1
2-methyltridecane,2-methyltridecane,1560-96-9,"InChI=1S/C14H30/c1-4-5-6-7-8-9-10-11-12-13-14(2)3/h14H,4-13H2,1-3H3",CCCCCCCCCCCC(C)C,CCCCCCCCCCCC(C)C,Alkanes,198.235,NONPOLAR,10.1021/acs.iecr.3c02255,5.74411,3.97091,254.45835,0.0,0.0,0.0,0,0,388.350006,520.55,293.149994,353.15,388.350006,353.15,293.149994,520.55,705.1583315511357,2.0329009654851812e6,0.0008678466528367094,3.32,-1.0,0.03,0.03,-1.0,-1.0,15,-1,5,5,-1,-1
3-methyltridecane,3-methyltridecane,6418-41-3,"InChI=1S/C14H30/c1-4-6-7-8-9-10-11-12-13-14(3)5-2/h14H,4-13H2,1-3H3",CCCCCCCCCCC(C)CC,CCCCCCCCCCC(C)CC,Alkanes,198.235,NONPOLAR,10.1021/acs.iecr.3c02255,5.51058,4.02287,260.30624,0.0,0.0,0.0,0,0,379.149994,521.55,293.149994,353.15,379.149994,353.15,293.149994,521.55,711.9222181587611,2.0772702061507152e6,0.0008599839030825432,3.73,4.4,0.08,0.08,-1.0,-1.0,15,16,8,8,-1,-1
"2,3-dimethyldodecane","2,3-dimethyldodecane",6117-98-2,"InChI=1S/C14H30/c1-5-6-7-8-9-10-11-12-14(4)13(2)3/h13-14H,5-12H2,1-4H3",CCCCCCCCCC(C)C(C)C,CCCCCCCCCC(C)C(C)C,Alkanes,198.235,NONPOLAR,10.1021/acs.iecr.3c02255,5.30002,4.06949,263.54957,0.0,0.0,0.0,0,0,385.149994,519.05,293.149994,353.15,385.149994,353.15,293.149994,519.05,711.7387469637428,2.1037662865935084e6,0.0008511266950030702,3.62,-1.0,0.27,0.27,-1.0,-1.0,17,-1,13,13,-1,-1
perfluorocyclobutane,"1,1,2,2,3,3,4,4-octafluorocyclobutane",115-25-3,"InChI=1S/C4F8/c5-1(6)2(7,8)4(11,12)3(1,9)10",FC1(F)C(F)(F)C(F)(F)C1(F)F,FC1(F)C(F)(F)C(F)(F)C1(F)F,Fluorides,199.987,NONPOLAR,10.1021/acs.iecr.3c02255,3.62556,3.40444,167.17625,0.0,0.0,0.0,0,0,233.0,388.37,233.05,368.19,233.05,368.19,233.0,388.37,393.43551327771524,3.091344886729609e6,0.00032571257724346524,1.48,1.57,0.88,1.01,0.61,1.58,288,290,178,121,57,77
"1,1,2,2-tetrachloro-1,2-difluoroethane","1,1,2,2-tetrachloro-1,2-difluoroethane",76-12-0,"InChI=1S/C2Cl4F2/c3-1(4,7)2(5,6)8",FC(Cl)(Cl)C(F)(Cl)Cl,FC(Cl)(Cl)C(F)(Cl)Cl,Halogenated compounds,201.872,NONPOLAR,10.1021/acs.iecr.3c02255,3.21681,3.66966,248.97891,0.0,0.0,0.0,0,0,301.25,394.299988,298.15,363.15,301.25,363.15,298.15,394.299988,558.0003548091225,3.9948729429736496e6,0.0003585914003586454,2.37,3.82,0.06,0.06,-1.0,-1.0,62,67,15,15,-1,-1
dibromodifluoromethane,dibromo(difluoro)methane,75-61-6,"InChI=1S/CBr2F2/c2-1(3,4)5",FC(F)(Br)Br,FC(F)(Br)Br,Halogenated compounds,207.833,NONPOLAR,10.1021/acs.iecr.3c02255,2.06713,3.80477,263.97546,0.0,0.0,0.0,0,0,221.75,298.15,203.15,293.15,221.75,293.15,203.15,298.15,483.3865395859016,4.942146241148723e6,0.00025362067730634835,1.67,-1.0,0.3,0.34,0.27,-1.0,23,-1,16,6,10,-1
pentadecane,pentadecane,629-62-9,"InChI=1S/C15H32/c1-3-5-7-9-11-13-15-14-12-10-8-6-4-2/h3-15H2,1-2H3",CCCCCCCCCCCCCCC,CCCCCCCCCCCCCCC,Alkanes,212.25,NONPOLAR,10.1021/acs.iecr.3c02255,6.50721,3.79059,251.06259,0.0,0.0,0.0,0,0,293.83,543.95,283.05,533.15,293.83,533.15,283.05,543.95,722.5734488878668,2.048490345605063e6,0.0008736349006687323,2.32,13.82,7.87,7.95,0.05,-1.0,69,80,103,102,1,-1
hexadecane,hexadecane,544-76-3,"InChI=1S/C16H34/c1-3-5-7-9-11-13-15-16-14-12-10-8-6-4-2/h3-16H2,1-2H3",CCCCCCCCCCCCCCCC,CCCCCCCCCCCCCCCC,Alkanes,226.266,NONPOLAR,10.1021/acs.iecr.3c02255,6.90909,3.87837,250.17195,0.0,0.0,0.0,0,0,293.15,589.0,290.649994,564.15,293.15,564.15,290.649994,589.0,732.5463354717438,1.7960805621571548e6,0.0010045606972543296,3.6,10.27,1.06,1.05,1.49,-1.0,295,369,1636,1627,9,-1
"2,2,4,4,6,8,8-heptamethylnonane","2,2,4,4,6,8,8-heptamethylnonane",4390-04-9,"InChI=1S/C16H34/c1-13(10-14(2,3)4)11-16(8,9)12-15(5,6)7/h13H,10-12H2,1-9H3",CC(CC(C)(C)C)CC(C)(C)CC(C)(C)C,CC(CC(C)(C)C)CC(C)(C)CC(C)(C)C,Alkanes,226.266,NONPOLAR,10.1021/acs.iecr.3c02255,5.44878,4.19257,255.98331,0.0,0.0,0.0,0,0,313.15,545.42,253.15,522.5,313.15,522.5,253.15,545.42,697.561214029039,1.8230532998725253e6,0.0009608727105875667,4.37,4.77,0.9,0.9,-1.0,-1.0,20,21,284,284,-1,-1
p-dibromobenzene,"1,4-dibromobenzene",106-37-6,InChI=1S/C6H4Br2/c7-5-1-2-6(8)4-3-5/h1-4H,Brc1ccc(Br)cc1,Brc1ccc(Br)cc1,Halogenated compounds,233.868,NONPOLAR,10.1021/acs.iecr.3c02255,3.13662,3.80234,347.91066,0.0,0.0,0.0,0,0,361.529999,493.4,360.200012,482.15,361.529999,482.15,360.200012,493.4,771.4612500225732,5.103040041924116e6,0.00038833395979068295,1.02,1.79,0.93,0.93,-1.0,-1.0,24,25,21,21,-1,-1
perfluorobutane,"1,1,1,2,2,3,3,4,4,4-decafluorobutane",355-25-9,"InChI=1S/C4F10/c5-1(6,3(9,10)11)2(7,8)4(12,13)14",FC(F)(F)C(F)(F)C(F)(F)C(F)(F)F,FC(F)(F)C(F)(F)C(F)(F)C(F)(F)F,Fluorides,237.984,NONPOLAR,10.1021/acs.iecr.3c02255,3.75759,3.56412,163.97853,0.0,0.0,0.0,0,0,192.41,383.040009,233.149994,358.15,233.149994,358.15,192.41,383.040009,391.3899173695941,2.574757958689504e6,0.00038860340130639643,1.05,1.29,0.97,0.2,1.09,4.71,324,329,30,4,26,46
heptadecane,heptadecane,629-78-7,"InChI=1S/C17H36/c1-3-5-7-9-11-13-15-17-16-14-12-10-8-6-4-2/h3-17H2,1-2H3",CCCCCCCCCCCCCCCCC,CCCCCCCCCCCCCCCCC,Alkanes,240.282,NONPOLAR,10.1021/acs.iecr.3c02255,7.42946,3.87719,248.12528,0.0,0.0,0.0,0,0,298.15,593.15,273.149994,573.15,298.15,573.15,273.149994,593.15,741.3415716821779,1.6560234914770867e6,0.0010944997517868037,3.32,14.53,0.67,0.67,-1.0,-1.0,75,92,301,301,-1,-1
octadecane,octadecane,593-45-3,"InChI=1S/C18H38/c1-3-5-7-9-11-13-15-17-18-16-14-12-10-8-6-4-2/h3-18H2,1-2H3",CCCCCCCCCCCCCCCCCC,CCCCCCCCCCCCCCCCCC,Alkanes,254.297,NONPOLAR,10.1021/acs.iecr.3c02255,7.77756,3.88349,248.90088,0.0,0.0,0.0,0,0,303.15,750.150024,273.149994,573.150024,303.15,573.150024,273.149994,750.150024,752.851732213876,1.5760404654447858e6,0.001162053939745902,2.94,9.59,0.52,0.52,-1.0,-1.0,128,143,248,248,-1,-1
"1,2-dibromotetrafluoroethane","1,2-dibromo-1,1,2,2-tetrafluoroethane",124-73-2,"InChI=1S/C2Br2F4/c3-1(5,6)2(4,7)8",FC(F)(Br)C(F)(F)Br,FC(F)(Br)C(F)(F)Br,Halogenated compounds,257.83,NONPOLAR,10.1021/acs.iecr.3c02255,2.72195,3.79323,238.22957,0.0,0.0,0.0,0,0,227.589996,485.22,213.15,461.45,227.589996,461.45,213.15,485.22,496.5291559002285,3.850328652242631e6,0.0003322502794822411,1.25,-1.0,0.37,0.35,0.42,3.47,98,-1,93,67,26,168
nonadecane,nonadecane,629-92-5,"InChI=1S/C19H40/c1-3-5-7-9-11-13-15-17-19-18-16-14-12-10-8-6-4-2/h3-19H2,1-2H3",CCCCCCCCCCCCCCCCCCC,CCCCCCCCCCCCCCCCCCC,Alkanes,268.313,NONPOLAR,10.1021/acs.iecr.3c02255,8.17602,3.87621,249.28432,0.0,0.0,0.0,0,0,306.15,613.150024,273.149994,670.0,306.15,613.150024,273.149994,670.0,763.9120311047446,1.5052458970743287e6,0.0012274328345316583,3.58,10.09,0.43,0.43,-1.0,-1.0,72,88,52,52,-1,-1
eicosane,icosane,112-95-8,"InChI=1S/C20H42/c1-3-5-7-9-11-13-15-17-19-20-18-16-14-12-10-8-6-4-2/h3-20H2,1-2H3",CCCCCCCCCCCCCCCCCCCC,CCCCCCCCCCCCCCCCCCCC,Alkanes,282.329,NONPOLAR,10.1021/acs.iecr.3c02255,8.46943,3.9001,250.82494,0.0,0.0,0.0,0,0,313.15,625.99,273.149994,573.150024,313.15,573.150024,273.149994,625.99,775.5696711272367,1.431257867639685e6,0.0013049469187904276,7.86,14.81,0.28,0.28,-1.0,-1.0,282,353,103,103,-1,-1
perfluoropentane,"1,1,1,2,2,3,3,4,4,5,5,5-dodecafluoropentane",678-26-2,"InChI=1S/C5F12/c6-1(7,2(8,9)4(12,13)14)3(10,11)5(15,16)17",FC(F)(F)C(F)(F)C(F)(F)C(F)(F)C(F)(F)F,FC(F)(F)C(F)(F)C(F)(F)C(F)(F)C(F)(F)F,Fluorides,287.981,NONPOLAR,10.1021/acs.iecr.3c02255,4.29377,3.62194,169.55361,0.0,0.0,0.0,0,0,221.169998,421.850006,184.96,395.0,221.169998,395.0,184.96,421.850006,425.6502451037318,2.2909768879011474e6,0.00047263971347072934,2.47,3.51,1.81,1.63,2.09,2.27,86,87,87,54,33,71
perfluorohexane,"1,1,1,2,2,3,3,4,4,5,5,6,6,6-tetradecafluorohexane",355-42-0,"InChI=1S/C6F14/c7-1(8,3(11,12)5(15,16)17)2(9,10)4(13,14)6(18,19)20",FC(F)(F)C(F)(F)C(F)(F)C(F)(F)C(F)(F)C(F)(F)F,FC(F)(F)C(F)(F)C(F)(F)C(F)(F)C(F)(F)C(F)(F)F,Fluorides,337.978,NONPOLAR,10.1021/acs.iecr.3c02255,4.71463,3.68131,176.00639,0.0,0.0,0.0,0,0,256.43,451.65,233.0,415.48,256.43,415.48,233.0,451.65,456.8668794203568,2.0989762782901153e6,0.0005512890822116324,1.08,1.29,1.33,1.35,0.83,-1.0,171,174,160,154,6,-1
tetracosane,tetracosane,646-31-1,"InChI=1S/C24H50/c1-3-5-7-9-11-13-15-17-19-21-23-24-22-20-18-16-14-12-10-8-6-4-2/h3-24H2,1-2H3",CCCCCCCCCCCCCCCCCCCCCCCC,CCCCCCCCCCCCCCCCCCCCCCCC,Alkanes,338.391,NONPOLAR,10.1021/acs.iecr.3c02255,9.99477,3.91337,251.29758,0.0,0.0,0.0,0,0,328.15,667.15,273.149994,393.15,328.15,393.15,273.149994,667.15,808.6206973413105,1.1783417420136032e6,0.0016155639937495143,10.49,19.19,0.31,0.31,-1.0,-1.0,214,268,75,75,-1,-1
heptacosane,heptacosane,593-49-7,"InChI=1S/C27H56/c1-3-5-7-9-11-13-15-17-19-21-23-25-27-26-24-22-20-18-16-14-12-10-8-6-4-2/h3-27H2,1-2H3",CCCCCCCCCCCCCCCCCCCCCCCCCCC,CCCCCCCCCCCCCCCCCCCCCCCCCCC,Alkanes,380.438,NONPOLAR,10.1021/acs.iecr.3c02255,11.1418,3.91534,250.82568,0.0,0.0,0.0,0,0,351.25,575.15,293.149994,372.149994,351.25,372.149994,293.149994,575.15,826.8383662805394,1.0328416768544008e6,0.0018527318234530387,11.22,26.79,0.15,0.15,-1.0,-1.0,48,60,6,6,-1,-1
octacosane,octacosane,630-02-4,"InChI=1S/C28H58/c1-3-5-7-9-11-13-15-17-19-21-23-25-27-28-26-24-22-20-18-16-14-12-10-8-6-4-2/h3-28H2,1-2H3",CCCCCCCCCCCCCCCCCCCCCCCCCCCC,CCCCCCCCCCCCCCCCCCCCCCCCCCCC,Alkanes,394.454,NONPOLAR,10.1021/acs.iecr.3c02255,11.85246,3.88288,248.46039,0.0,0.0,0.0,0,0,339.02,588.130005,273.149994,573.15,339.02,573.15,273.149994,588.130005,829.8349558620611,972886.0446228106,0.0019533255763004797,8.45,15.5,0.45,0.45,-1.0,-1.0,187,234,92,92,-1,-1
squalane,"2,6,10,15,19,23-hexamethyltetracosane",111-01-3,"InChI=1S/C30H62/c1-25(2)15-11-19-29(7)23-13-21-27(5)17-9-10-18-28(6)22-14-24-30(8)20-12-16-26(3)4/h25-30H,9-24H2,1-8H3",CC(C)CCCC(C)CCCC(C)CCCCC(C)CCCC(C)CCCC(C)C,CC(C)CCCC(C)CCCC(C)CCCCC(C)CCCC(C)CCCC(C)C,Alkanes,422.485,NONPOLAR,10.1021/acs.iecr.3c02255,10.56751,4.14394,254.15269,0.0,0.0,0.0,0,0,368.15,795.9,273.149994,561.6,368.15,561.6,273.149994,795.9,828.1601552909661,940281.6529710492,0.002055876039496021,3.24,13.54,0.88,0.88,-1.0,-1.0,56,71,463,463,-1,-1
perfluoro-n-octane,"1,1,1,2,2,3,3,4,4,5,5,6,6,7,7,8,8,8-octadecafluorooctane",307-34-6,"InChI=1S/C8F18/c9-1(10,3(13,14)5(17,18)7(21,22)23)2(11,12)4(15,16)6(19,20)8(24,25)26",FC(F)(F)C(F)(F)C(F)(F)C(F)(F)C(F)(F)C(F)(F)C(F)(F)C(F)(F)F,FC(F)(F)C(F)(F)C(F)(F)C(F)(F)C(F)(F)C(F)(F)C(F)(F)C(F)(F)F,Fluorides,437.971,NONPOLAR,10.1021/acs.iecr.3c02255,5.67921,3.76137,183.04033,0.0,0.0,0.0,0,0,277.72,502.25,273.149994,473.19,277.72,473.19,273.149994,502.25,505.4324129213665,1.7386555055398317e6,0.0007279153464797543,1.59,5.37,1.64,1.87,1.05,-1.0,136,146,168,121,47,-1
perfluorononane,"1,1,1,2,2,3,3,4,4,5,5,6,6,7,7,8,8,9,9,9-icosafluorononane",375-96-2,"InChI=1S/C9F20/c10-1(11,2(12,13)4(16,17)6(20,21)8(24,25)26)3(14,15)5(18,19)7(22,23)9(27,28)29",FC(F)(F)C(F)(F)C(F)(F)C(F)(F)C(F)(F)C(F)(F)C(F)(F)C(F)(F)C(F)(F)F,FC(F)(F)C(F)(F)C(F)(F)C(F)(F)C(F)(F)C(F)(F)C(F)(F)C(F)(F)C(F)(F)F,Fluorides,487.968,NONPOLAR,10.1021/acs.iecr.3c02255,6.50662,3.72925,180.65081,0.0,0.0,0.0,0,0,288.18,523.950012,283.15,343.15,288.18,343.15,283.15,523.950012,519.9102423770264,1.5480543449605585e6,0.000831816572411859,5.44,13.89,0.95,0.95,-1.0,-1.0,45,56,139,139,-1,-1
perfluorodecane,"1,1,1,2,2,3,3,4,4,5,5,6,6,7,7,8,8,9,9,10,10,10-docosafluorodecane",307-45-9,"InChI=1S/C10F22/c11-1(12,3(15,16)5(19,20)7(23,24)9(27,28)29)2(13,14)4(17,18)6(21,22)8(25,26)10(30,31)32",FC(F)(F)C(F)(F)C(F)(F)C(F)(F)C(F)(F)C(F)(F)C(F)(F)C(F)(F)C(F)(F)C(F)(F)F,FC(F)(F)C(F)(F)C(F)(F)C(F)(F)C(F)(F)C(F)(F)C(F)(F)C(F)(F)C(F)(F)C(F)(F)F,Fluorides,537.965,NONPOLAR,10.1021/acs.iecr.3c02255,6.3228,3.85218,190.43719,0.0,0.0,0.0,0,0,417.35,542.35,273.149994,513.150024,417.35,513.150024,273.149994,542.35,543.4570484266571,1.522339079941919e6,0.0008863856642208095,5.23,6.66,1.55,1.71,1.42,-1.0,13,14,20,9,11,-1
