1;2,5-dimethylhexane;114.141;3.694307327270508;4.188930511474609;6.0;14.118376970291138;258.51407051086426
1;2-methylheptane;114.141;3.851144313812256;4.245520114898682;6.0;13.97371768951416;262.1266841888428
1;3-methyldecane;156.188;4.550877571105957;5.160003662109375;6.0;14.231811761856079;320.4171657562256
1;hexadecane;226.266;7.5398850440979;5.360388278961182;6.0;17.3883056640625;340.421462059021
1;3,3-dimethylhexane;114.141;3.405162811279297;4.226067543029785;6.0;14.002981185913086;260.29212474823
1;3-methyltridecane;198.235;5.93676233291626;5.37945556640625;6.0;15.880351066589355;337.76586055755615
1;nonane;128.157;4.629254341125488;4.371011734008789;6.0;14.421073198318481;271.5322732925415
1;2-methylbutane;72.094;2.6908864974975586;3.6448988914489746;6.0;13.913593292236328;222.92852401733398
1;heptacosane;380.438;12.486645698547363;6.148397445678711;6.0;18.544868230819702;397.9229927062988
1;2,2-dimethylpropane;72.094;2.5261757373809814;3.6929728984832764;6.0;14.355868101119995;226.12628936767578
1;2,4,4-trimethylhexane;128.157;3.536613941192627;4.351659297943115;6.0;13.9532470703125;268.2641267776489
1;octadecane;254.297;8.467865943908691;5.479320049285889;6.0;17.910032272338867;349.711012840271
1;heptadecane;240.282;8.075629234313965;5.403436183929443;6.0;17.92307734489441;344.4206714630127
1;n-undecane;156.188;5.37289571762085;4.857065200805664;6.0;15.586150884628296;304.08191680908203
1;nonadecane;268.313;8.909660339355469;5.585515022277832;6.0;18.02308201789856;357.0892333984375
1;2,2,4,4,6,8,8-heptamethylnonane;226.266;5.939028263092041;5.401325225830078;6.0;14.643046855926514;337.8983974456787
1;3-methyldodecane;184.219;5.52721643447876;5.328334808349609;6.0;15.224206447601318;333.32653045654297
1;3,4-dimethylhexane;114.141;3.546177387237549;4.256544589996338;6.0;14.170706272125244;262.5653028488159
1;3-methylheptane;114.141;3.8306667804718018;4.25598669052124;6.0;13.924492597579956;262.7002239227295
1;n-butane;58.078;2.4762940406799316;3.6503443717956543;6.0;13.817408084869385;212.01796531677246
1;2,2,5,5-tetramethylhexane;142.172;3.7191479206085205;4.533196449279785;6.0;13.881839513778687;279.776930809021
1;tridecane;184.219;6.195074558258057;5.143948554992676;6.0;16.18864417076111;323.7682342529297
1;2,2,3-trimethylpentane;114.141;3.168351173400879;4.07621431350708;6.0;14.109723567962646;250.7106065750122
1;decane;142.172;5.004065990447998;4.6105546951293945;6.0;15.036455392837524;287.6270532608032
1;3-ethylpentane;100.125;3.328900098800659;4.1291046142578125;6.0;14.234367609024048;254.36663627624512
1;2,3-dimethyldodecane;198.235;5.666738986968994;5.439472198486328;6.0;15.245510339736938;340.48004150390625
1;3-methylundecane;170.203;4.992863178253174;5.305852890014648;6.0;14.96705412864685;330.88839054107666
1;2-methyldecane;156.188;5.2877726554870605;4.908073902130127;6.0;15.250585079193115;306.8030118942261
1;3-methylpentane;86.11;3.1204609870910645;3.862200975418091;6.0;14.211437702178955;237.39991188049316
1;octane;114.141;4.086808204650879;4.238126277923584;6.0;13.701499700546265;261.7382049560547
1;2-methyldodecane;184.219;5.9134602546691895;5.24868631362915;6.0;16.0856032371521;329.7840118408203
1;2,6-dimethyloctane;142.172;4.568816184997559;4.618151664733887;6.0;14.189506769180298;286.62052154541016
1;2,2,3,4-tetramethylpentane;128.157;3.2667250633239746;4.354637145996094;6.0;14.19324517250061;268.29521656036377
1;3,3-diethylpentane;128.157;3.2055835723876953;4.478417873382568;6.0;14.090907573699951;275.8207321166992
1;2,3,4-trimethyl pentane;114.141;3.33689284324646;4.295890808105469;6.0;14.399025440216064;264.9404525756836
1;2-methylhexane;100.125;3.4729743003845215;4.062808036804199;6.0;14.182401895523071;250.39198398590088
1;2,2,3-trimethylbutane;100.125;2.871983528137207;3.915407419204712;6.0;14.165228605270386;240.30816555023193
1;3-methyl-3-ethylpentane;114.141;3.187211275100708;4.235847473144531;6.0;14.184916019439697;260.76512336730957
1;pentadecane;212.25;7.115462779998779;5.247390270233154;6.0;17.095190286636353;332.4648857116699
1;hexane;86.11;3.263150453567505;3.9433677196502686;6.0;14.187204837799072;242.64419078826904
1;2-methyloctane;128.157;4.367500305175781;4.451775550842285;6.0;13.996801376342773;275.7620096206665
1;octacosane;394.454;13.143292427062988;6.148861408233643;6.0;18.969180583953857;399.3337154388428
1;2,2,4,4-tetramethylpentane;128.157;3.2655630111694336;4.481846809387207;6.0;14.136791229248047;276.1678218841553
1;2-methyl-3-ethyl-pentane;114.141;3.463685989379883;4.266359329223633;6.0;14.178047180175781;263.0640506744385
1;2-methylpentane;86.11;3.1664586067199707;3.893328905105591;6.0;14.36200737953186;239.55786228179932
1;2,3,3,4-tetramethylpentane;128.157;3.25797700881958;4.40262508392334;6.0;14.4585120677948;271.53873443603516
1;2,3-dimethyldecane;170.203;4.922713756561279;5.24950647354126;6.0;14.85058069229126;327.15702056884766
1;ethane;30.047;1.668567180633545;3.6777145862579346;6.0;14.731733798980713;185.93937158584595
1;2,3-dimethylpentane;100.125;3.218899726867676;4.081966400146484;6.0;14.350321292877197;251.38297080993652
1;2,3-dimethylundecane;184.219;5.211452960968018;5.371223449707031;6.0;14.727785587310791;335.0442409515381
1;pentane;72.094;2.941420793533325;3.6127710342407227;6.0;13.523720502853394;220.65696716308594
1;tetradecane;198.235;6.595448017120361;5.21797513961792;6.0;16.58623695373535;329.3642997741699
1;2-methylundecane;170.203;5.280579090118408;5.24880313873291;6.0;15.221834182739258;328.00588607788086
1;squalane;422.485;11.52393627166748;6.765101432800293;6.0;18.91401171684265;435.3330135345459
1;2,2-dimethylbutane;86.11;2.8869290351867676;3.8168561458587646;6.0;14.103283882141113;234.12420749664307
1;2-methylpropane;58.078;2.373061418533325;3.6035001277923584;6.0;13.873409032821655;208.3670139312744
1;3-ethylhexane;114.141;3.704935073852539;4.281440734863281;6.0;14.049074649810791;264.2277956008911
1;2,3,3-trimethylpentane;114.141;3.195627212524414;4.143222808837891;6.0;14.135936498641968;254.95405197143555
1;2,2-dimethylhexane;114.141;3.5431458950042725;4.202910900115967;6.0;14.018452167510986;259.06529426574707
1;2,2,5-trimethylhexane;128.157;3.9340262413024902;4.311526298522949;6.0;14.073489904403687;266.4621829986572
1;2,2,4-trimethylpentane;114.141;3.1887993812561035;4.109631538391113;6.0;14.124568700790405;252.83856391906738
1;2,4-dimethylhexane;114.141;3.6096596717834473;4.224872589111328;6.0;14.20522928237915;260.71786880493164
1;3-methylhexane;100.125;3.479623317718506;4.05295991897583;6.0;14.10312533378601;249.7086763381958
1;dodecane;170.203;5.993730068206787;4.980898380279541;6.0;16.47949457168579;313.5993957519531
1;eicosane;282.329;9.252004623413086;5.6979265213012695;6.0;17.981092929840088;364.55516815185547
1;2,3-dimethylheptane;128.157;4.037940979003906;4.471900939941406;6.0;14.04398798942566;276.582670211792
1;2,7-dimethyloctane;142.172;4.608854293823242;4.569822311401367;6.0;13.922159671783447;283.39927196502686
1;4-methylheptane;114.141;3.801929473876953;4.2447686195373535;6.0;13.993004560470581;262.0272159576416
1;tetracosane;338.391;11.064813613891602;5.98753023147583;6.0;18.347890377044678;385.62207221984863
1;methane;16.031;0.9998831016520077;3.621236562728882;6.0;15.19505500793457;153.48457098007202
1;3,3-dimethylpentane;100.125;3.03070068359375;4.030226230621338;6.0;14.10206913948059;247.63498306274414
1;2,2,3,3-tetramethylpentane;128.157;3.38047194480896;4.517244815826416;6.0;14.14438247680664;278.5499334335327
1;2,2-dimethylpentane;100.125;3.1574156284332275;3.997007131576538;6.0;14.173403978347778;245.82011699676514
1;2-methyltridecane;198.235;6.2684125900268555;5.305009841918945;6.0;16.07653021812439;333.80448818206787
1;2,3-dimethylhexane;114.141;3.644176959991455;4.210383415222168;6.0;14.135124683380127;259.7950220108032
1;2,3-dimethylbutane;86.11;2.9319119453430176;3.862450122833252;6.0;14.235519170761108;237.16423511505127
1;2,3-dimethylnonane;156.188;4.314555644989014;5.082629680633545;6.0;13.785405158996582;314.8031711578369
1;propane;44.063;2.1057181358337402;3.716956853866577;6.0;14.603582620620728;199.9691367149353
1;heptane;100.125;3.6632003784179688;4.08804988861084;6.0;13.923410177230835;251.98500156402588
1;2,4-dimethylpentane;100.125;3.26957106590271;4.086354732513428;6.0;14.393237829208374;251.7733335494995
2;2,5-dimethylhexane;114.141;2.925264358520508;3.530763626098633;6.0;16.357083320617676;211.00304126739502
2;2-methylheptane;114.141;3.136752128601074;3.7122702598571777;6.0;16.24571919441223;222.24915027618408
2;3-methyldecane;156.188;3.818528652191162;4.586813449859619;6.0;16.184439659118652;276.36332511901855
2;hexadecane;226.266;6.4818830490112305;4.636994361877441;6.0;18.5599422454834;285.2588891983032
2;3-methyltridecane;198.235;5.115694999694824;4.7285590171813965;6.0;17.51036286354065;287.9762649536133
2;3,3-dimethylhexane;114.141;2.8233184814453125;3.7089498043060303;6.0;16.336827278137207;221.67832851409912
2;nonane;128.157;3.9257869720458984;3.894214391708374;6.0;15.82576870918274;234.08057689666748
2;2-methylbutane;72.094;2.2409210205078125;3.792325258255005;6.0;17.61452555656433;215.5405044555664
2;heptacosane;380.438;10.85467529296875;5.038493633270264;6.0;20.066134929656982;317.21479892730713
2;2,2-dimethylpropane;72.094;2.0471558570861816;3.4070932865142822;6.0;16.543060541152954;200.03361701965332
2;2,4,4-trimethylhexane;128.157;2.9455490112304688;3.793484687805176;6.0;16.587440967559814;227.21009254455566
2;octadecane;254.297;7.302021026611328;4.6858344078063965;6.0;19.153541326522827;289.91031646728516
2;heptadecane;240.282;6.963243007659912;4.645381450653076;6.0;19.142460823059082;286.9568347930908
2;n-undecane;156.188;4.577888488769531;4.316864967346191;6.0;16.608248949050903;261.3917350769043
2;nonadecane;268.313;7.69053840637207;4.754992961883545;6.0;19.29478645324707;294.7927236557007
2;2,2,4,4,6,8,8-heptamethylnonane;226.266;5.2065629959106445;4.705905914306641;6.0;16.910667419433594;286.21227741241455
2;3-methyldodecane;184.219;4.751974105834961;4.708741664886475;6.0;16.840362548828125;285.67564487457275
2;3,4-dimethylhexane;114.141;2.768953800201416;3.5965116024017334;6.0;16.39230728149414;214.80939388275146
2;3-methylheptane;114.141;3.1222734451293945;3.717755079269409;6.0;16.193270683288574;222.51698970794678
2;n-butane;58.078;2.1231021881103516;3.833822011947632;6.0;17.021050453186035;208.46781730651855
2;2,2,5,5-tetramethylhexane;142.172;3.1376523971557617;4.018941402435303;6.0;16.733304262161255;241.32306575775146
2;tridecane;184.219;5.292753219604492;4.528768062591553;6.0;17.262485027313232;275.8634090423584
2;2,2,3-trimethylpentane;114.141;2.649022102355957;3.562535524368286;6.0;16.4004385471344;212.57867813110352
2;decane;142.172;4.267573356628418;4.113735198974609;6.0;16.0104238986969;248.07941913604736
2;3-ethylpentane;100.125;2.6407241821289062;3.559175968170166;6.0;16.27745747566223;212.25671768188477
2;2,3-dimethyldodecane;198.235;4.901956558227539;4.734798908233643;6.0;17.073068618774414;287.6746892929077
2;3-methylundecane;170.203;4.259284019470215;4.724355220794678;6.0;16.52620792388916;285.65216064453125
2;2-methyldecane;156.188;4.491456985473633;4.3568620681762695;6.0;16.246899366378784;263.3904695510864
2;3-methylpentane;86.11;2.535763740539551;3.5236315727233887;6.0;16.577430963516235;207.9904317855835
2;octane;114.141;3.3855724334716797;3.759566068649292;6.0;15.953611135482788;225.22974014282227
2;2-methyldodecane;184.219;5.006155490875244;4.615210056304932;6.0;17.09535837173462;280.5685758590698
2;2,6-dimethyloctane;142.172;3.7770657539367676;4.052308082580566;6.0;16.317061185836792;243.90695095062256
2;2,2,3,4-tetramethylpentane;128.157;2.73464298248291;3.8246872425079346;6.0;16.82510018348694;229.01146411895752
2;3,3-diethylpentane;128.157;2.58735990524292;3.898076057434082;6.0;16.58344268798828;233.0573558807373
2;2,3,4-trimethyl pentane;114.141;2.534722328186035;3.5847325325012207;6.0;16.61406636238098;213.94944190979004
2;2-methylhexane;100.125;2.817776679992676;3.546970844268799;6.0;16.307920217514038;211.7931842803955
2;2,2,3-trimethylbutane;100.125;2.4157285690307617;3.5307791233062744;6.0;16.50934338569641;210.4079008102417
2;3-methyl-3-ethylpentane;114.141;2.5860390663146973;3.6465182304382324;6.0;16.37051224708557;217.5713300704956
2;pentadecane;212.25;6.111235618591309;4.560537815093994;6.0;18.231757879257202;279.79729175567627
2;hexane;86.11;2.7037129402160645;3.655886173248291;6.0;16.666311025619507;215.10353088378906
2;2-methyloctane;128.157;3.612926959991455;3.9208590984344482;6.0;16.245037317276;235.6154203414917
2;octacosane;394.454;11.453455924987793;5.00161075592041;6.0;20.52079200744629;316.2168025970459
2;2,2,4,4-tetramethylpentane;128.157;2.7544960975646973;3.998164415359497;6.0;16.886764764785767;239.64457511901855
2;2-methyl-3-ethyl-pentane;114.141;2.656379222869873;3.548311710357666;6.0;16.3413405418396;211.6731882095337
2;2-methylpentane;86.11;2.581890106201172;3.4736948013305664;6.0;16.420562267303467;206.69186115264893
2;2,3,3,4-tetramethylpentane;128.157;2.7615389823913574;3.8961181640625;6.0;17.209527492523193;233.7252378463745
2;2,3-dimethyldecane;170.203;4.210868835449219;4.628566265106201;6.0;16.3619863986969;279.6154737472534
2;ethane;30.047;1.4793351888656616;3.826443672180176;6.0;16.75959348678589;185.39791107177734
2;2,3-dimethylpentane;100.125;2.5177040100097656;3.511218309402466;6.0;16.452285051345825;209.31451320648193
2;2,3-dimethylundecane;184.219;4.493044853210449;4.7101640701293945;6.0;16.508885622024536;285.1076364517212
2;pentane;72.094;2.5080676078796387;3.8112006187438965;6.0;17.327818870544434;215.49129486083984
2;tetradecane;198.235;5.639484405517578;4.5653486251831055;6.0;17.7051043510437;278.963828086853
2;2-methylundecane;170.203;4.474867343902588;4.658845901489258;6.0;16.45097255706787;281.91044330596924
2;squalane;422.485;10.190093040466309;5.920566558837891;6.0;21.578447818756104;371.2193250656128
2;2,2-dimethylbutane;86.11;2.314718723297119;3.4040372371673584;6.0;16.213817596435547;202.30050086975098
2;2-methylpropane;58.078;2.021871566772461;3.7817001342773438;6.0;17.04691171646118;204.693865776062
2;3-ethylhexane;114.141;2.954679012298584;3.65303111076355;6.0;16.27173662185669;218.40851306915283
2;2,3,3-trimethylpentane;114.141;2.6715002059936523;3.65840744972229;6.0;16.654295921325684;218.66049766540527
2;2,2-dimethylhexane;114.141;2.967437744140625;3.7072150707244873;6.0;16.362793445587158;221.80078029632568
2;2,2,5-trimethylhexane;128.157;3.2726573944091797;3.7874224185943604;6.0;16.672977209091187;227.38165855407715
2;2,4-dimethylhexane;114.141;2.843982696533203;3.567486047744751;6.0;16.45396590232849;213.204026222229
2;2,2,4-trimethylpentane;114.141;2.672086238861084;3.623349666595459;6.0;16.507084369659424;216.40231609344482
2;3-methylhexane;100.125;2.8263511657714844;3.5171942710876465;6.0;16.152409315109253;209.86051559448242
2;dodecane;170.203;5.134811878204346;4.401389122009277;6.0;17.43659257888794;268.03996562957764
2;eicosane;282.329;7.981004238128662;4.832606792449951;6.0;19.285436868667603;299.9200105667114
2;2,3-dimethylheptane;128.157;3.257164478302002;3.8978536128997803;6.0;16.527626514434814;233.95154476165771
2;2,7-dimethyloctane;142.172;3.791895866394043;3.98258376121521;6.0;16.340742111206055;239.70749378204346
2;4-methylheptane;114.141;3.0676379203796387;3.6448264122009277;6.0;16.214300394058228;218.02124977111816
2;tetracosane;338.391;9.593523979187012;4.9829020500183105;6.0;19.77810025215149;311.78627014160156
2;methane;16.031;0.9998714674545801;3.6738667488098145;6.0;16.05334162712097;158.14274549484253
2;3,3-dimethylpentane;100.125;2.4682703018188477;3.548214912414551;6.0;16.344106197357178;211.40127182006836
2;2,2,3,3-tetramethylpentane;128.157;2.912637233734131;4.077883720397949;6.0;17.25137948989868;245.03271579742432
2;2,2-dimethylpentane;100.125;2.6016106605529785;3.479121446609497;6.0;16.269713640213013;207.3249340057373
2;2-methyltridecane;198.235;5.357651233673096;4.634296894073486;6.0;17.27501392364502;282.38556385040283
2;2,3-dimethylhexane;114.141;2.89125919342041;3.617006778717041;6.0;16.399900913238525;216.23709201812744
2;2,3-dimethylbutane;86.11;2.3234119415283203;3.4400687217712402;6.0;16.32752776145935;204.60233688354492
2;2,3-dimethylnonane;156.188;3.5146656036376953;4.434386253356934;6.0;16.536775827407837;266.9614315032959
2;propane;44.063;1.8318616151809692;3.9090652465820312;6.0;17.458624839782715;198.8009214401245
2;heptane;100.125;2.9846787452697754;3.5518686771392822;6.0;15.957753658294678;212.02809810638428
2;2,4-dimethylpentane;100.125;2.5770039558410645;3.4995415210723877;6.0;16.475740671157837;208.70907306671143
3;2,5-dimethylhexane;114.141;2.849231004714966;3.2043519020080566;6.0;15.963572263717651;188.7798547744751
3;2-methylheptane;114.141;2.9967257976531982;3.2123465538024902;6.0;15.595719814300537;189.13793563842773
3;3-methyldecane;156.188;3.6289167404174805;3.689389705657959;6.0;15.106980800628662;218.39940547943115
3;hexadecane;226.266;5.995996952056885;3.483060836791992;6.0;16.535162925720215;209.9409580230713
3;3,3-dimethylhexane;114.141;2.7831175327301025;3.272017478942871;6.0;16.06225848197937;192.88125038146973
3;3-methyltridecane;198.235;4.8009843826293945;3.729219913482666;6.0;16.014091968536377;222.97959327697754
3;2-methylbutane;72.094;2.1935648918151855;3.776022434234619;6.0;18.015100955963135;210.06979942321777
3;nonane;128.157;3.6645920276641846;3.0960865020751953;6.0;14.636998176574707;182.1075439453125
3;heptacosane;380.438;9.81645679473877;3.442396640777588;6.0;17.94810652732849;211.83180809020996
3;2,2-dimethylpropane;72.094;2.0362541675567627;3.4025893211364746;6.0;17.087349891662598;196.18014097213745
3;2,4,4-trimethylhexane;128.157;2.936816930770874;3.3445334434509277;6.0;16.357414722442627;197.70472049713135
3;octadecane;254.297;6.749913692474365;3.4325733184814453;6.0;17.044187784194946;208.2143783569336
3;heptadecane;240.282;6.439715385437012;3.473092555999756;6.0;17.000484466552734;210.25831699371338
3;n-undecane;156.188;4.2562103271484375;3.3607711791992188;6.0;15.029323101043701;199.18333292007446
3;nonadecane;268.313;7.104588031768799;3.4789628982543945;6.0;17.07800030708313;211.48147583007812
3;2,2,4,4,6,8,8-heptamethylnonane;226.266;5.116692543029785;4.124090194702148;6.0;17.207281589508057;248.27241897583008
3;3-methyldodecane;184.219;4.468160629272461;3.6940712928771973;6.0;15.54172396659851;220.05693912506104
3;3,4-dimethylhexane;114.141;2.6875340938568115;3.2553768157958984;6.0;15.915217399597168;191.63585901260376
3;3-methylheptane;114.141;2.972717046737671;3.2848634719848633;6.0;15.545529127120972;193.4608817100525
3;n-butane;58.078;2.0487513542175293;3.7800540924072266;6.0;17.35024094581604;201.22456550598145
3;2,2,5,5-tetramethylhexane;142.172;3.0671937465667725;3.4708609580993652;6.0;16.46453022956848;205.60462474822998
3;tridecane;184.219;4.9062089920043945;3.4913625717163086;6.0;15.503658056259155;208.27336311340332
3;2,2,3-trimethylpentane;114.141;2.6869263648986816;3.269125461578369;6.0;16.294246912002563;192.78184175491333
3;decane;142.172;3.9675958156585693;3.224687099456787;6.0;14.650715589523315;190.2764081954956
3;3-ethylpentane;100.125;2.5337605476379395;3.255321979522705;6.0;15.845195055007935;191.38877391815186
3;2,3-dimethyldodecane;198.235;4.538887023925781;3.623382091522217;6.0;15.259709358215332;215.6261920928955
3;3-methylundecane;170.203;4.016303539276123;3.7792062759399414;6.0;15.469380617141724;224.60908889770508
3;2-methyldecane;156.188;4.190643310546875;3.5397372245788574;6.0;14.827672243118286;209.78007316589355
3;3-methylpentane;86.11;2.4760775566101074;3.3492069244384766;6.0;16.474727392196655;194.12635564804077
3;octane;114.141;3.1790168285369873;3.108400821685791;6.0;15.024904012680054;182.587993144989
3;2-methyldodecane;184.219;4.6785407066345215;3.6243090629577637;6.0;15.493408441543579;216.0444974899292
3;2,6-dimethyloctane;142.172;3.5796260833740234;3.452005386352539;6.0;15.260288715362549;204.08458709716797
3;2,2,3,4-tetramethylpentane;128.157;2.8027164936065674;3.4896326065063477;6.0;16.731656789779663;206.64350986480713
3;3,3-diethylpentane;128.157;2.5787105560302734;3.521723747253418;6.0;16.2481427192688;207.91687965393066
3;2,3,4-trimethyl pentane;114.141;2.5282719135284424;3.3291707038879395;6.0;16.306129693984985;196.23788595199585
3;2-methylhexane;100.125;2.703270435333252;3.225581169128418;6.0;15.916177034378052;189.85044956207275
3;2,2,3-trimethylbutane;100.125;2.453378438949585;3.360046863555908;6.0;16.667380332946777;198.31708669662476
3;3-methyl-3-ethylpentane;114.141;2.6008341312408447;3.35479736328125;6.0;16.16086721420288;197.75792360305786
3;pentadecane;212.25;5.657153606414795;3.452867031097412;6.0;16.259080171585083;207.47368335723877
3;hexane;86.11;2.5790934562683105;3.369457244873047;6.0;16.391255855560303;194.48115825653076
3;2-methyloctane;128.157;3.3801047801971436;3.2492499351501465;6.0;15.18571138381958;191.49757623672485
3;octacosane;394.454;10.282302856445312;3.639033794403076;6.0;19.289952516555786;220.4573154449463
3;2,2,4,4-tetramethylpentane;128.157;2.7827725410461426;3.522350788116455;6.0;16.71881675720215;208.59105587005615
3;2-methyl-3-ethyl-pentane;114.141;2.5850889682769775;3.243518829345703;6.0;15.884233713150024;190.7679796218872
3;2-methylpentane;86.11;2.508530378341675;3.2903614044189453;6.0;16.38123869895935;191.86867475509644
3;2,3,3,4-tetramethylpentane;128.157;2.8797078132629395;3.6031851768493652;6.0;17.17681884765625;213.98472785949707
3;2,3-dimethyldecane;170.203;3.9373466968536377;3.7517809867858887;6.0;15.167194604873657;222.60198593139648
3;ethane;30.047;1.4529451131820679;3.8439769744873047;6.0;17.126752138137817;183.69812965393066
3;2,3-dimethylpentane;100.125;2.4464781284332275;3.2444324493408203;6.0;16.05835199356079;190.7999873161316
3;2,3-dimethylundecane;184.219;4.180696964263916;3.6956124305725098;6.0;15.016838312149048;219.36850547790527
3;pentane;72.094;2.405498743057251;3.6276092529296875;6.0;17.331761121749878;200.73528289794922
3;tetradecane;198.235;5.218926906585693;3.465170383453369;6.0;15.881706476211548;207.3772430419922
3;2-methylundecane;170.203;4.201286315917969;3.704951286315918;6.0;15.177828073501587;220.09243965148926
3;squalane;422.485;9.685513496398926;4.861685276031494;6.0;20.03262758255005;300.81944465637207
3;2,2-dimethylbutane;86.11;2.3070061206817627;3.2260866165161133;6.0;16.266297101974487;189.6920919418335
3;2-methylpropane;58.078;1.971505880355835;3.7664289474487305;6.0;17.457562685012817;199.6330738067627
3;2,3,3-trimethylpentane;114.141;2.7324771881103516;3.380892276763916;6.0;16.618008613586426;199.8763918876648
3;3-ethylhexane;114.141;2.8370349407196045;3.2772750854492188;6.0;15.744751691818237;193.0021047592163
3;2,2-dimethylhexane;114.141;2.8784186840057373;3.2697691917419434;6.0;15.933173894882202;192.75332689285278
3;2,4-dimethylhexane;114.141;2.7787508964538574;3.277329921722412;6.0;16.06207847595215;193.19767951965332
3;2,2,4-trimethylpentane;114.141;2.6771183013916016;3.3166847229003906;6.0;16.410741806030273;195.74782848358154
3;2,2,5-trimethylhexane;128.157;3.132669687271118;3.3006153106689453;6.0;16.084136962890625;195.05434036254883
3;3-methylhexane;100.125;2.7385218143463135;3.225412368774414;6.0;15.769679546356201;189.76155519485474
3;dodecane;170.203;4.777889251708984;3.4374027252197266;6.0;15.761345624923706;205.0624132156372
3;eicosane;282.329;7.365573406219482;3.4906115531921387;6.0;17.0626437664032;212.48984336853027
3;2,3-dimethylheptane;128.157;3.0918891429901123;3.2714452743530273;6.0;15.599234104156494;192.8363800048828
3;2,7-dimethyloctane;142.172;3.5301311016082764;3.265477180480957;6.0;15.328961610794067;192.7805781364441
3;4-methylheptane;114.141;2.9600889682769775;3.241931915283203;6.0;15.623633861541748;190.90921878814697
3;tetracosane;338.391;8.804047584533691;3.4399824142456055;6.0;17.43393301963806;211.4677906036377
3;methane;16.031;0.9998289828185684;3.7473597526550293;6.0;16.632801294326782;153.69586944580078
3;3,3-dimethylpentane;100.125;2.48429274559021;3.3136210441589355;6.0;16.231656074523926;195.18102407455444
3;2,2,3,3-tetramethylpentane;128.157;3.086756467819214;3.7116265296936035;6.0;17.37627863883972;220.9700345993042
3;2,2-dimethylpentane;100.125;2.594641923904419;3.232409954071045;6.0;16.160365343093872;190.3350591659546
3;2-methyltridecane;198.235;5.025298118591309;3.622849941253662;6.0;15.686458349227905;216.5348768234253
3;2,3-dimethylbutane;86.11;2.2674174308776855;3.307567596435547;6.0;16.339908838272095;194.09692287445068
3;2,3-dimethylhexane;114.141;2.762890577316284;3.2351040840148926;6.0;15.836151838302612;190.4331922531128
3;2,3-dimethylnonane;156.188;3.3038601875305176;3.5374045372009277;6.0;15.423775911331177;209.06071662902832
3;propane;44.063;1.774911642074585;3.890079975128174;6.0;17.864530086517334;194.10395622253418
3;heptane;100.125;2.869258165359497;3.1202988624572754;6.0;15.372682809829712;183.22248458862305
3;2,4-dimethylpentane;100.125;2.5169477462768555;3.2492432594299316;6.0;16.162736415863037;191.26300811767578
4;2,5-dimethylhexane;114.141;3.162019968032837;3.3380203247070312;6.0;14.608254432678223;195.07791996002197
4;2-methylheptane;114.141;3.2482242584228516;3.299980878829956;6.0;14.059511423110962;192.4293041229248
4;3-methyldecane;156.188;3.798334836959839;3.585420608520508;6.0;14.495502710342407;210.64457893371582
4;hexadecane;226.266;5.6051025390625;2.885157346725464;6.0;14.832210540771484;170.58303356170654
4;3,3-dimethylhexane;114.141;3.237478494644165;3.374497652053833;6.0;14.921194314956665;197.61971235275269
4;3-methyltridecane;198.235;4.936169624328613;3.48876690864563;6.0;15.258963108062744;206.67719841003418
4;nonane;128.157;3.673384428024292;2.8513641357421875;6.0;12.94780969619751;164.88029956817627
4;2-methylbutane;72.094;2.4005770683288574;3.5015227794647217;6.0;16.40295147895813;197.02200889587402
4;heptacosane;380.438;9.10927677154541;4.009844779968262;6.0;19.464248418807983;220.35157680511475
4;2,2-dimethylpropane;72.094;2.2926218509674072;3.183223247528076;6.0;15.696450471878052;185.64151525497437
4;2,4,4-trimethylhexane;128.157;3.509061098098755;3.505519390106201;6.0;15.28871774673462;206.13749027252197
4;octadecane;254.297;6.193193435668945;2.7945306301116943;6.0;15.446741580963135;165.97750186920166
4;heptadecane;240.282;5.927277565002441;2.8605425357818604;6.0;15.374151468276978;169.88987922668457
4;n-undecane;156.188;4.215273380279541;2.9555180072784424;6.0;13.358126878738403;172.1071720123291
4;nonadecane;268.313;6.481527805328369;2.800513982772827;6.0;15.463037490844727;166.86022281646729
4;2,2,4,4,6,8,8-heptamethylnonane;226.266;5.461492538452148;4.370055198669434;6.0;17.901006937026978;262.6700162887573
4;3-methyldodecane;184.219;4.611906051635742;3.4974424839019775;6.0;14.864540100097656;206.52399063110352
4;3,4-dimethylhexane;114.141;3.1031758785247803;3.3312690258026123;6.0;14.674409627914429;194.65839862823486
4;3-methylheptane;114.141;3.3152878284454346;3.335714817047119;6.0;14.10495638847351;194.7002649307251
4;n-butane;58.078;2.1256582736968994;3.6288695335388184;6.0;16.31018042564392;192.3898220062256
4;2,2,5,5-tetramethylhexane;142.172;3.5414810180664062;3.6306276321411133;6.0;15.369096994400024;213.80105018615723
4;tridecane;184.219;4.771941184997559;2.993813991546631;6.0;13.840107917785645;175.42738914489746
4;2,2,3-trimethylpentane;114.141;3.195775270462036;3.4110686779022217;6.0;15.428311824798584;200.19502639770508
4;decane;142.172;3.929854154586792;2.864327907562256;6.0;13.17561388015747;166.13173484802246
4;3-ethylpentane;100.125;2.8127248287200928;3.249065399169922;6.0;14.624549150466919;189.3280267715454
4;2,3-dimethyldodecane;198.235;4.692453384399414;3.4778921604156494;6.0;14.705804586410522;205.30261993408203
4;3-methylundecane;170.203;4.1720733642578125;3.6382572650909424;6.0;14.937570095062256;214.60936069488525
4;2-methyldecane;156.188;4.260303497314453;3.3723464012145996;6.0;13.982563018798828;197.85940647125244
4;3-methylpentane;86.11;2.7288525104522705;3.2110283374786377;6.0;14.90303635597229;187.1616244316101
4;octane;114.141;3.283419370651245;3.051271915435791;6.0;13.139392137527466;176.68886184692383
4;2-methyldodecane;184.219;4.785223960876465;3.3815455436706543;6.0;14.721219539642334;199.5935559272766
4;2,6-dimethyloctane;142.172;3.891239881515503;3.4760446548461914;6.0;14.347896575927734;204.01601791381836
4;2,2,3,4-tetramethylpentane;128.157;3.39347505569458;3.624879837036133;6.0;15.92410922050476;213.73956203460693
4;3,3-diethylpentane;128.157;3.060845375061035;3.5143492221832275;6.0;15.178226232528687;206.0866117477417
4;2,3,4-trimethyl pentane;114.141;3.0113844871520996;3.3946917057037354;6.0;15.312966108322144;198.90793561935425
4;2-methylhexane;100.125;2.999150037765503;3.2618610858917236;6.0;14.563062191009521;190.25766849517822
4;2,2,3-trimethylbutane;100.125;2.955456495285034;3.4248249530792236;6.0;16.0763418674469;201.2859344482422
4;3-methyl-3-ethylpentane;114.141;3.0506231784820557;3.38952374458313;6.0;15.156389474868774;198.51210117340088
4;pentadecane;212.25;5.316500186920166;2.8949830532073975;6.0;14.604055881500244;170.67339420318604
4;hexane;86.11;2.6668965816497803;3.081418037414551;6.0;14.342244863510132;178.8042426109314
4;2-methyloctane;128.157;3.594926595687866;3.2916581630706787;6.0;13.508023023605347;191.86257123947144
4;octacosane;394.454;9.648178100585938;4.405473709106445;6.0;20.623159408569336;239.6214485168457
4;2,2,4,4-tetramethylpentane;128.157;3.3691611289978027;3.6388840675354004;6.0;15.888981819152832;214.5308017730713
4;2-methyl-3-ethyl-pentane;114.141;3.007486581802368;3.3087809085845947;6.0;14.703246355056763;193.21664571762085
4;2-methylpentane;86.11;2.7618021965026855;3.206167221069336;6.0;14.934732913970947;186.92985773086548
4;2,3,3,4-tetramethylpentane;128.157;3.493708848953247;3.7534339427948;6.0;16.42067313194275;222.0233917236328
4;2,3-dimethyldecane;170.203;4.132315158843994;3.6502890586853027;6.0;14.864199161529541;215.23332595825195
4;ethane;30.047;1.5003342628479004;3.7858550548553467;6.0;16.417903900146484;180.34688234329224
4;2,3-dimethylpentane;100.125;2.8418867588043213;3.2742741107940674;6.0;15.083705186843872;191.25595092773438
4;2,3-dimethylundecane;184.219;4.361534595489502;3.5948312282562256;6.0;14.667356014251709;211.97478771209717
4;pentane;72.094;2.48534893989563;3.3733959197998047;6.0;15.57259202003479;186.89833879470825
4;tetradecane;198.235;5.012743949890137;2.9115397930145264;6.0;14.115219116210938;170.9428310394287
4;2-methylundecane;170.203;4.331541538238525;3.50301194190979;6.0;14.508967399597168;206.26301765441895
4;squalane;422.485;9.359748840332031;5.130148410797119;6.0;21.364386081695557;315.7277822494507
4;2,2-dimethylbutane;86.11;2.687030076980591;3.2373318672180176;6.0;15.534859895706177;189.21712636947632
4;2-methylpropane;58.078;2.1235759258270264;3.594026565551758;6.0;16.251280307769775;191.03906154632568
4;2,3,3-trimethylpentane;114.141;3.267535924911499;3.5168888568878174;6.0;15.85185170173645;207.01401233673096
4;3-ethylhexane;114.141;3.1550800800323486;3.3273208141326904;6.0;14.262855052947998;194.14374828338623
4;2,2-dimethylhexane;114.141;3.3224430084228516;3.3514227867126465;6.0;14.70107913017273;196.14046812057495
4;2,2,5-trimethylhexane;128.157;3.6470582485198975;3.438523769378662;6.0;14.785606861114502;201.8326759338379
4;2,4-dimethylhexane;114.141;3.20754075050354;3.3681509494781494;6.0;14.796367883682251;197.1019148826599
4;2,2,4-trimethylpentane;114.141;3.1829569339752197;3.423381805419922;6.0;15.466916561126709;200.95643997192383
4;3-methylhexane;100.125;3.0485880374908447;3.2746832370758057;6.0;14.51528787612915;191.04866981506348
4;dodecane;170.203;4.578591823577881;3.0159387588500977;6.0;14.187015295028687;176.83215141296387
4;eicosane;282.329;6.711268424987793;2.799419403076172;6.0;15.519967079162598;166.47381782531738
4;2,3-dimethylheptane;128.157;3.5153329372406006;3.4072582721710205;6.0;14.15704607963562;199.28816556930542
4;2,7-dimethyloctane;142.172;3.8180134296417236;3.356712818145752;6.0;13.69469404220581;196.19265794754028
4;4-methylheptane;114.141;3.2564642429351807;3.314450263977051;6.0;14.100433588027954;193.3462142944336
4;tetracosane;338.391;7.892943382263184;3.1953437328338623;6.0;17.999141216278076;181.50570392608643
4;methane;16.031;0.9997979304216661;3.66332745552063;6.0;16.345897912979126;148.73770475387573
4;3,3-dimethylpentane;100.125;2.91391658782959;3.3406355381011963;6.0;15.401625633239746;195.60444355010986
4;2,2,3,3-tetramethylpentane;128.157;3.73879075050354;3.853050708770752;6.0;16.428271532058716;228.32200527191162
4;2,2-dimethylpentane;100.125;2.9988791942596436;3.295875072479248;6.0;15.124237537384033;192.7679419517517
4;2-methyltridecane;198.235;5.050492286682129;3.3513474464416504;6.0;14.9285888671875;198.2290744781494
4;2,3-dimethylbutane;86.11;2.618870735168457;3.274444341659546;6.0;15.507018566131592;191.3627028465271
4;2,3-dimethylhexane;114.141;3.1906559467315674;3.319756507873535;6.0;14.563506841659546;193.96928548812866
4;2,3-dimethylnonane;156.188;3.6069977283477783;3.503605842590332;6.0;14.279342889785767;205.31253814697266
4;propane;44.063;1.8341350555419922;3.765760898590088;6.0;16.931816339492798;187.09185123443604
4;heptane;100.125;2.9719111919403076;3.066458225250244;6.0;13.702784776687622;177.71899700164795
4;2,4-dimethylpentane;100.125;2.8846075534820557;3.288717269897461;6.0;15.09514570236206;192.18547344207764
5;2,5-dimethylhexane;114.141;3.44732928276062;3.4880762100219727;6.0;13.987874984741211;203.5416841506958
5;2-methylheptane;114.141;3.4782497882843018;3.4176480770111084;6.0;13.391717672348022;198.8426923751831
5;3-methyldecane;156.188;3.9485087394714355;3.635094165802002;6.0;14.65847373008728;213.4943723678589
5;hexadecane;226.266;5.329131603240967;2.5913565158843994;6.0;14.10710334777832;151.49240493774414
5;3,3-dimethylhexane;114.141;3.513265371322632;3.509486198425293;6.0;14.375405311584473;205.21628856658936
5;3-methyltridecane;198.235;4.907746315002441;3.5779192447662354;6.0;15.345162153244019;211.6175651550293
5;2-methylbutane;72.094;2.5664212703704834;3.470982551574707;6.0;15.515174865722656;196.77165746688843
5;nonane;128.157;3.603968620300293;2.918424129486084;6.0;12.613178491592407;168.20236444473267
5;heptacosane;380.438;9.104264259338379;4.973629474639893;6.0;21.050522327423096;255.5401086807251
5;2,2-dimethylpropane;72.094;2.492654800415039;3.2392473220825195;6.0;15.288598537445068;188.53873014450073
5;2,4,4-trimethylhexane;128.157;3.84346604347229;3.6883795261383057;6.0;14.832735061645508;216.74013137817383
5;octadecane;254.297;5.946285247802734;2.8965842723846436;6.0;16.26686453819275;161.96250915527344
5;heptadecane;240.282;5.663825988769531;2.757728099822998;6.0;15.38974642753601;158.05624723434448
5;n-undecane;156.188;4.055108070373535;2.8367087841033936;6.0;13.034632205963135;164.08771276474
5;nonadecane;268.313;6.225826263427734;2.941187858581543;6.0;16.492167711257935;163.78191709518433
5;2,2,4,4,6,8,8-heptamethylnonane;226.266;5.6840033531188965;4.659172534942627;6.0;18.479841947555542;280.26368618011475
5;3-methyldodecane;184.219;4.664332866668701;3.5839478969573975;6.0;14.898713827133179;211.36314868927002
5;3,4-dimethylhexane;114.141;3.4037423133850098;3.483644723892212;6.0;14.095597267150879;203.3139944076538
5;3-methylheptane;114.141;3.565941572189331;3.467219829559326;6.0;13.484947681427002;202.0050048828125
5;n-butane;58.078;2.1956169605255127;3.658512592315674;6.0;15.734143257141113;193.5491919517517
5;2,2,5,5-tetramethylhexane;142.172;3.873337984085083;3.7942144870758057;6.0;14.986101388931274;223.28684329986572
5;tridecane;184.219;4.5752854347229;2.8092334270477295;6.0;13.441044092178345;163.310444355011
5;2,2,3-trimethylpentane;114.141;3.4907381534576416;3.585696220397949;6.0;15.02588152885437;210.317063331604
5;decane;142.172;3.8040707111358643;2.8088362216949463;6.0;12.753194570541382;161.91023588180542
5;3-ethylpentane;100.125;3.0170974731445312;3.352795362472534;6.0;13.930931091308594;194.8663592338562
5;2,3-dimethyldodecane;198.235;4.711602687835693;3.5870466232299805;6.0;14.972662925720215;211.66017055511475
5;3-methylundecane;170.203;4.313288688659668;3.6913974285125732;6.0;14.965956211090088;217.53127574920654
5;2-methyldecane;156.188;4.287461280822754;3.4256932735443115;6.0;14.06334400177002;200.73235034942627
5;3-methylpentane;86.11;2.9342143535614014;3.3215808868408203;6.0;14.336762428283691;193.2185411453247
5;octane;114.141;3.3684909343719482;3.105069160461426;6.0;12.1513032913208;178.85196208953857
5;2-methyldodecane;184.219;4.731956481933594;3.4579994678497314;6.0;14.784860610961914;203.73759269714355
5;2,6-dimethyloctane;142.172;4.074822425842285;3.6505017280578613;6.0;14.724682569503784;214.6129846572876
5;2,2,3,4-tetramethylpentane;128.157;3.748502016067505;3.823514938354492;6.0;15.510830879211426;225.3443479537964
5;3,3-diethylpentane;128.157;3.358551263809204;3.665562868118286;6.0;14.487786293029785;214.56716060638428
5;2,3,4-trimethyl pentane;114.141;3.33039927482605;3.5618278980255127;6.0;14.783885478973389;208.50999355316162
5;2-methylhexane;100.125;3.2171947956085205;3.3756556510925293;6.0;13.932770490646362;196.4621901512146
5;2,2,3-trimethylbutane;100.125;3.251356840133667;3.5855259895324707;6.0;15.66727876663208;210.56606769561768
5;3-methyl-3-ethylpentane;114.141;3.329331636428833;3.5248656272888184;6.0;14.59267258644104;206.12306594848633
5;pentadecane;212.25;5.075796604156494;2.6423633098602295;6.0;14.078313112258911;154.27908897399902
5;hexane;86.11;2.7550275325775146;3.132601261138916;6.0;13.505734205245972;180.9468388557434
5;2-methyloctane;128.157;3.722123146057129;3.4154837131500244;6.0;13.507875204086304;199.0657925605774
5;octacosane;394.454;9.641871452331543;5.4099202156066895;6.0;22.297074794769287;276.3014554977417
5;2,2,4,4-tetramethylpentane;128.157;3.692366600036621;3.8132550716400146;6.0;15.408154726028442;224.58231449127197
5;2-methyl-3-ethyl-pentane;114.141;3.3122007846832275;3.4643731117248535;6.0;14.120115041732788;202.07202434539795
5;2-methylpentane;86.11;2.962620973587036;3.3144659996032715;6.0;14.347490072250366;192.82783269882202
5;2,3,3,4-tetramethylpentane;128.157;3.8760316371917725;3.9626197814941406;6.0;16.006630659103394;234.27963256835938
5;2,3-dimethyldecane;170.203;4.292956352233887;3.733766555786133;6.0;14.937869310379028;220.045804977417
5;ethane;30.047;1.5420238971710205;3.8463048934936523;6.0;16.30263090133667;182.737934589386
5;2,3-dimethylpentane;100.125;3.1249167919158936;3.4215638637542725;6.0;14.571586847305298;199.6490716934204
5;2,3-dimethylundecane;184.219;4.5197978019714355;3.6719374656677246;6.0;14.820548295974731;216.45989418029785
5;pentane;72.094;2.5666990280151367;3.429455280303955;6.0;14.861006736755371;189.33382034301758
5;tetradecane;198.235;4.7895379066467285;2.685072898864746;6.0;13.636490106582642;156.1978578567505
5;2-methylundecane;170.203;4.435367584228516;3.521843671798706;6.0;14.521335363388062;207.06486701965332
5;squalane;422.485;9.514568328857422;5.511462688446045;6.0;22.665445804595947;339.1888380050659
5;2,2-dimethylbutane;86.11;2.923644781112671;3.353306293487549;6.0;15.041624307632446;195.68921327590942
5;2-methylpropane;58.078;2.2458643913269043;3.6069695949554443;6.0;15.5470609664917;192.47413873672485
5;2,3,3-trimethylpentane;114.141;3.588169574737549;3.701328992843628;6.0;15.486090183258057;217.77405738830566
5;3-ethylhexane;114.141;3.395493984222412;3.4469451904296875;6.0;13.552652597427368;200.6528377532959
5;2,2-dimethylhexane;114.141;3.5849807262420654;3.478344678878784;6.0;14.07609224319458;203.17184925079346
5;2,4-dimethylhexane;114.141;3.5198099613189697;3.5334062576293945;6.0;14.24588918685913;206.56390190124512
5;2,2,5-trimethylhexane;128.157;3.928835391998291;3.609915256500244;6.0;14.228190183639526;211.6072416305542
5;2,2,4-trimethylpentane;114.141;3.4926817417144775;3.5804617404937744;6.0;15.023314952850342;210.00096797943115
5;3-methylhexane;100.125;3.2830898761749268;3.396604537963867;6.0;13.935691118240356;197.80009984970093
5;dodecane;170.203;4.390933990478516;2.8615734577178955;6.0;13.718143701553345;166.49694442749023
5;eicosane;282.329;6.453322410583496;2.9935054779052734;6.0;16.850298643112183;165.03721475601196
5;2,3-dimethylheptane;128.157;3.8137052059173584;3.5542023181915283;6.0;13.772553205490112;207.75372982025146
5;2,7-dimethyloctane;142.172;3.9331281185150146;3.55706524848938;6.0;14.09994125366211;208.31711292266846
5;4-methylheptane;114.141;3.498540163040161;3.4332375526428223;6.0;13.39007019996643;199.80454444885254
5;tetracosane;338.391;7.861344337463379;3.9606213569641113;6.0;19.18817639350891;208.80725383758545
5;methane;16.031;0.9998104313138126;3.672628879547119;6.0;16.249631643295288;148.69619607925415
5;3,3-dimethylpentane;100.125;3.178744077682495;3.470331907272339;6.0;14.913569688796997;202.9263973236084
5;2,2,3,3-tetramethylpentane;128.157;4.0617265701293945;4.027317523956299;6.0;16.3569974899292;238.66658210754395
5;2,2-dimethylpentane;100.125;3.247453451156616;3.41743540763855;6.0;14.591408967971802;199.54657554626465
5;2-methyltridecane;198.235;4.981562614440918;3.3999319076538086;6.0;14.943006038665771;200.62437057495117
5;2,3-dimethylhexane;114.141;3.499380350112915;3.479189872741699;6.0;14.036381244659424;203.09958457946777
5;2,3-dimethylbutane;86.11;2.874234914779663;3.3993098735809326;6.0;15.010137557983398;198.38941097259521
5;2,3-dimethylnonane;156.188;3.8446385860443115;3.611171245574951;6.0;14.589881896972656;211.8835687637329
5;heptane;100.125;3.0627634525299072;3.1198477745056152;6.0;12.775098085403442;179.91873025894165
5;propane;44.063;1.8942608833312988;3.832716941833496;6.0;16.861088275909424;189.5229458808899
5;2,4-dimethylpentane;100.125;3.1493117809295654;3.4302749633789062;6.0;14.516682624816895;200.15714168548584
6;2,5-dimethylhexane;114.141;3.61065411567688;3.630971908569336;6.0;13.830095529556274;212.0535135269165
6;2-methylheptane;114.141;3.6197669506073;3.550314426422119;6.0;13.202170133590698;206.69121742248535
6;3-methyldecane;156.188;4.065941333770752;3.751713752746582;6.0;14.849101305007935;220.63846588134766
6;hexadecane;226.266;5.231261730194092;2.506817102432251;6.0;13.979194164276123;145.29438018798828
6;3-methyltridecane;198.235;4.950995922088623;3.672950267791748;6.0;15.579566955566406;217.401385307312
6;3,3-dimethylhexane;114.141;3.6430389881134033;3.640267848968506;6.0;14.262940883636475;212.99526691436768
6;2-methylbutane;72.094;2.664076805114746;3.5017786026000977;6.0;15.094584226608276;199.57456588745117
6;nonane;128.157;3.615743398666382;3.022369384765625;6.0;12.463085651397705;174.22292232513428
6;heptacosane;380.438;9.115803718566895;5.394664287567139;6.0;21.782448291778564;271.1033821105957
6;2,2-dimethylpropane;72.094;2.597670316696167;3.3271913528442383;6.0;15.110372304916382;193.67026090621948
6;2,4,4-trimethylhexane;128.157;4.000800609588623;3.8513383865356445;6.0;14.818967580795288;226.56009197235107
6;octadecane;254.297;5.853761672973633;2.9548096656799316;6.0;16.668212413787842;161.0284447669983
6;heptadecane;240.282;5.574532985687256;2.7985565662384033;6.0;15.697659254074097;156.6802740097046
6;n-undecane;156.188;4.02706241607666;2.863257646560669;6.0;12.93544054031372;165.4289722442627
6;nonadecane;268.313;6.129816055297852;3.0160837173461914;6.0;16.98193669319153;163.2534384727478
6;2,2,4,4,6,8,8-heptamethylnonane;226.266;5.747096061706543;4.834774494171143;6.0;18.852217197418213;291.00050926208496
6;3-methyldodecane;184.219;4.706256866455078;3.6852376461029053;6.0;15.123857259750366;217.5204038619995
6;3,4-dimethylhexane;114.141;3.5696818828582764;3.624176502227783;6.0;13.970965147018433;211.71278953552246
6;3-methylheptane;114.141;3.6983723640441895;3.5929934978485107;6.0;13.50848913192749;209.59584712982178
6;n-butane;58.078;2.245551824569702;3.735952615737915;6.0;15.496690273284912;197.58684635162354
6;2,2,5,5-tetramethylhexane;142.172;4.030829906463623;3.9356191158294678;6.0;15.17534852027893;231.9650650024414
6;tridecane;184.219;4.5016326904296875;2.7387335300445557;6.0;13.282361030578613;158.68945121765137
6;2,2,3-trimethylpentane;114.141;3.6260993480682373;3.7351183891296387;6.0;15.060640573501587;219.3420171737671
6;decane;142.172;3.819772958755493;2.9307570457458496;6.0;12.635635137557983;169.0454363822937
6;3-ethylpentane;100.125;3.138313055038452;3.4616012573242188;6.0;13.691480159759521;201.21936798095703
6;2,3-dimethyldodecane;198.235;4.765322685241699;3.7100276947021484;6.0;15.252300500869751;219.18208599090576
6;3-methylundecane;170.203;4.396744728088379;3.7777535915374756;6.0;15.07466435432434;222.73988723754883
6;2-methyldecane;156.188;4.328924179077148;3.542717456817627;6.0;14.214898347854614;207.7909231185913
6;3-methylpentane;86.11;3.0554466247558594;3.42969012260437;6.0;14.159588813781738;199.58007335662842
6;octane;114.141;3.3823273181915283;3.196779489517212;6.0;11.97249174118042;184.1134548187256
6;2-methyldodecane;184.219;4.763349533081055;3.5620596408843994;6.0;14.927002191543579;209.98666286468506
6;2,6-dimethyloctane;142.172;4.228126049041748;3.8484973907470703;6.0;14.973902702331543;226.75230503082275
6;2,2,3,4-tetramethylpentane;128.157;3.9057726860046387;3.992244005203247;6.0;15.541306734085083;235.54456233978271
6;3,3-diethylpentane;128.157;3.511777877807617;3.804232597351074;6.0;14.330089092254639;222.8093147277832
6;2,3,4-trimethyl pentane;114.141;3.5046279430389404;3.711097002029419;6.0;14.70668911933899;217.4804449081421
6;2-methylhexane;100.125;3.349889039993286;3.4966697692871094;6.0;13.751133680343628;203.60736846923828
6;2,2,3-trimethylbutane;100.125;3.390421152114868;3.7180850505828857;6.0;15.62165379524231;218.5141086578369
6;3-methyl-3-ethylpentane;114.141;3.471493721008301;3.6489768028259277;6.0;14.483659267425537;213.51675987243652
6;pentadecane;212.25;4.982089519500732;2.5397446155548096;6.0;13.859530687332153;147.6448655128479
6;hexane;86.11;2.8174421787261963;3.2042136192321777;6.0;13.139113187789917;184.900164604187
6;2-methyloctane;128.157;3.7915661334991455;3.5832221508026123;6.0;13.598135709762573;209.1759443283081
6;octacosane;394.454;9.65217399597168;5.871026515960693;6.0;23.281922340393066;293.2373285293579
6;2,2,4,4-tetramethylpentane;128.157;3.8415791988372803;3.9661519527435303;6.0;15.338000059127808;233.73897075653076
6;2-methyl-3-ethyl-pentane;114.141;3.4801578521728516;3.6061675548553467;6.0;13.994165658950806;210.5497121810913
6;2-methylpentane;86.11;3.0831568241119385;3.422719955444336;6.0;14.162977933883667;199.19123649597168
6;2,3,3,4-tetramethylpentane;128.157;4.03737735748291;4.138560771942139;6.0;16.081602573394775;244.94903087615967
6;2,3-dimethyldecane;170.203;4.362409591674805;3.8542110919952393;6.0;15.137394666671753;227.36968994140625
6;ethane;30.047;1.5738508701324463;3.9117391109466553;6.0;16.264398097991943;185.9933376312256
6;2,3-dimethylpentane;100.125;3.281611680984497;3.553149938583374;6.0;14.465687274932861;207.5169563293457
6;2,3-dimethylundecane;184.219;4.568161964416504;3.799670934677124;6.0;15.020980834960938;224.20086860656738
6;pentane;72.094;2.628708839416504;3.534043312072754;6.0;14.681286811828613;194.56168413162231
6;tetradecane;198.235;4.703084945678711;2.593855142593384;6.0;13.438936471939087;150.2807378768921
6;2-methylundecane;170.203;4.4693169593811035;3.605825424194336;6.0;14.735283851623535;212.16533184051514
6;squalane;422.485;9.656566619873047;5.780057430267334;6.0;23.427085876464844;355.8523416519165
6;2,2-dimethylbutane;86.11;3.048607587814331;3.454721689224243;6.0;14.900712966918945;201.67717933654785
6;2-methylpropane;58.078;2.322927713394165;3.6532249450683594;6.0;15.262902975082397;195.57698965072632
6;3-ethylhexane;114.141;3.5364933013916016;3.572056531906128;6.0;13.328622579574585;208.0171823501587
6;2,3,3-trimethylpentane;114.141;3.731706380844116;3.8560891151428223;6.0;15.5361807346344;227.13706493377686
6;2,2-dimethylhexane;114.141;3.72051739692688;3.600520610809326;6.0;13.862051963806152;210.35656929016113
6;2,2,4-trimethylpentane;114.141;3.6361544132232666;3.7229058742523193;6.0;14.974875450134277;218.5467004776001
6;2,4-dimethylhexane;114.141;3.694542169570923;3.6830286979675293;6.0;14.132239818572998;215.52650928497314
6;2,2,5-trimethylhexane;128.157;4.040253162384033;3.767418384552002;6.0;14.429820775985718;221.22392654418945
6;3-methylhexane;100.125;3.4210431575775146;3.5182111263275146;6.0;13.773242235183716;205.00056743621826
6;dodecane;170.203;4.3258466720581055;2.806330919265747;6.0;13.58817458152771;162.82973289489746
6;eicosane;282.329;6.3596086502075195;3.0969555377960205;6.0;17.476341724395752;165.51789045333862
6;2,3-dimethylheptane;128.157;3.92675518989563;3.7088429927825928;6.0;13.89574646949768;217.1405553817749
6;2,7-dimethyloctane;142.172;4.021261215209961;3.764249563217163;6.0;14.355196952819824;220.9528923034668
6;4-methylheptane;114.141;3.6059799194335938;3.569676399230957;6.0;13.215434551239014;207.85620212554932
6;tetracosane;338.391;7.866824150085449;4.314338207244873;6.0;19.771385192871094;221.7935562133789
6;methane;16.031;0.9998247181736762;3.6955177783966064;6.0;16.22526526451111;150.2861499786377
6;3,3-dimethylpentane;100.125;3.3024580478668213;3.5912959575653076;6.0;14.818785190582275;210.12444496154785
6;2,2,3,3-tetramethylpentane;128.157;4.207393646240234;4.174918174743652;6.0;16.61255955696106;247.74820804595947
6;2,2-dimethylpentane;100.125;3.3778722286224365;3.530059576034546;6.0;14.463860988616943;206.2230348587036
6;2-methyltridecane;198.235;5.010072708129883;3.5029711723327637;6.0;15.058549642562866;206.78491592407227
6;2,3-dimethylbutane;86.11;3.015901803970337;3.5128045082092285;6.0;14.850046634674072;205.108642578125
6;2,3-dimethylhexane;114.141;3.6723287105560303;3.6275603771209717;6.0;13.947465419769287;212.0065212249756
6;2,3-dimethylnonane;156.188;4.040585041046143;3.7901883125305176;6.0;14.832918643951416;222.9215145111084
6;heptane;100.125;3.129025936126709;3.200141429901123;6.0;12.379449605941772;184.37496423721313
6;propane;44.063;1.9382907152175903;3.901240587234497;6.0;16.748851537704468;193.06445121765137
6;2,4-dimethylpentane;100.125;3.297699213027954;3.558148145675659;6.0;14.356215000152588;207.74807929992676
7;2,5-dimethylhexane;114.141;3.7535359859466553;3.851353645324707;6.0;13.409926891326904;224.7537612915039
7;2-methylheptane;114.141;3.7265894412994385;3.7447986602783203;6.0;13.32346796989441;218.22106838226318
7;3-methyldecane;156.188;4.2103271484375;4.026226997375488;6.0;15.129437446594238;237.10627555847168
7;hexadecane;226.266;5.3433380126953125;2.7400355339050293;6.0;13.712748289108276;159.2905044555664
7;3-methyltridecane;198.235;5.121441841125488;3.992112159729004;6.0;15.763164758682251;236.38217449188232
7;3,3-dimethylhexane;114.141;3.7511260509490967;3.8530988693237305;6.0;13.90289306640625;225.24878978729248
7;2-methylbutane;72.094;2.732661247253418;3.434173107147217;6.0;13.983979225158691;199.06467199325562
7;nonane;128.157;3.6915299892425537;3.2244648933410645;6.0;12.389770746231079;186.00221872329712
7;heptacosane;380.438;8.750722885131836;3.572265625;6.0;16.0756516456604;194.92758512496948
7;2,2-dimethylpropane;72.094;2.6825082302093506;3.481248378753662;6.0;14.755138158798218;202.47652530670166
7;2,4,4-trimethylhexane;128.157;4.102571964263916;4.077028751373291;6.0;14.94385838508606;239.93022441864014
7;octadecane;254.297;5.892950057983398;2.588477611541748;6.0;14.056599140167236;150.9078860282898
7;heptadecane;240.282;5.640920162200928;2.6894426345825195;6.0;14.09260630607605;156.8073272705078
7;n-undecane;156.188;4.1128997802734375;3.1038436889648438;6.0;12.912944555282593;179.51432466506958
7;nonadecane;268.313;6.153765678405762;2.5649499893188477;6.0;14.026495218276978;149.70084428787231
7;2,2,4,4,6,8,8-heptamethylnonane;226.266;5.83690071105957;5.182671070098877;6.0;19.079811573028564;311.6204261779785
7;3-methyldodecane;184.219;4.857118129730225;3.979372501373291;6.0;15.314204692840576;235.01358032226562
7;3,4-dimethylhexane;114.141;3.708793878555298;3.8410816192626953;6.0;13.575478792190552;224.22361373901367
7;3-methylheptane;114.141;3.8152832984924316;3.789482593536377;6.0;13.780350685119629;221.36566638946533
7;n-butane;58.078;2.292875051498413;3.729221820831299;6.0;14.789673089981079;199.13493394851685
7;2,2,5,5-tetramethylhexane;142.172;4.152303695678711;4.164328575134277;6.0;15.351413488388062;245.57530879974365
7;tridecane;184.219;4.597665786743164;2.982621192932129;6.0;13.21301817893982;172.87076711654663
7;2,2,3-trimethylpentane;114.141;3.7370495796203613;3.95827054977417;6.0;14.789568185806274;232.2962999343872
7;decane;142.172;3.904897451400757;3.1597862243652344;6.0;12.604329586029053;182.45937824249268
7;3-ethylpentane;100.125;3.2540862560272217;3.6468863487243652;6.0;13.254706859588623;211.81695461273193
7;2,3-dimethyldodecane;198.235;4.9335150718688965;4.035240173339844;6.0;15.446370840072632;238.56472969055176
7;3-methylundecane;170.203;4.465845108032227;4.0772247314453125;6.0;15.579193830490112;240.779447555542
7;2-methyldecane;156.188;4.485917091369629;3.844348907470703;6.0;14.586970806121826;225.9361743927002
7;3-methylpentane;86.11;3.1674387454986572;3.600602149963379;6.0;13.798540830612183;209.37283039093018
7;octane;114.141;3.4516069889068604;3.374206066131592;6.0;11.882350444793701;194.42850351333618
7;2-methyldodecane;184.219;4.911404609680176;3.8541674613952637;6.0;15.115171670913696;227.33869552612305
7;2,6-dimethyloctane;142.172;4.456771373748779;4.086359024047852;6.0;15.388116836547852;241.17131233215332
7;2,2,3,4-tetramethylpentane;128.157;4.030543327331543;4.24275016784668;6.0;15.258032083511353;250.12879371643066
7;3,3-diethylpentane;128.157;3.6305439472198486;4.033522605895996;6.0;13.974806070327759;236.09890937805176
7;2,3,4-trimethyl pentane;114.141;3.6404190063476562;3.929065704345703;6.0;14.382171630859375;230.1191806793213
7;2-methylhexane;100.125;3.4762325286865234;3.694329261779785;6.0;13.347924947738647;214.96140956878662
7;2,2,3-trimethylbutane;100.125;3.4641354084014893;3.868990421295166;6.0;15.235819816589355;227.00583934783936
7;3-methyl-3-ethylpentane;114.141;3.5865581035614014;3.854308605194092;6.0;14.145630598068237;225.36418437957764
7;pentadecane;212.25;5.086359024047852;2.7860093116760254;6.0;13.735170364379883;161.8514060974121
7;hexane;86.11;2.901959180831909;3.359744071960449;6.0;12.625699043273926;193.64227056503296
7;2-methyloctane;128.157;3.9796128273010254;3.788999080657959;6.0;13.847978115081787;221.54059410095215
7;octacosane;394.454;9.27470588684082;3.967193126678467;6.0;17.22477436065674;213.88814449310303
7;2,2,4,4-tetramethylpentane;128.157;3.9562487602233887;4.197234153747559;6.0;15.21100640296936;247.27282524108887
7;2-methyl-3-ethyl-pentane;114.141;3.61913800239563;3.822699546813965;6.0;13.609457015991211;223.0576992034912
7;2-methylpentane;86.11;3.196211099624634;3.595149517059326;6.0;13.80276083946228;209.07301902770996
7;2,3,3,4-tetramethylpentane;128.157;4.157660961151123;4.389787197113037;6.0;15.885645151138306;259.6296787261963
7;2,3-dimethyldecane;170.203;4.5478715896606445;4.099729061126709;6.0;15.743191242218018;242.34485626220703
7;ethane;30.047;1.6108298301696777;3.9619193077087402;6.0;16.09410524368286;189.13782835006714
7;2,3-dimethylpentane;100.125;3.4112370014190674;3.7488884925842285;6.0;14.126091003417969;218.81747245788574
7;2,3-dimethylundecane;184.219;4.7079691886901855;4.116514682769775;6.0;15.494215488433838;243.30790042877197
7;pentane;72.094;2.6695244312286377;3.451082706451416;6.0;13.463196754455566;193.1191086769104
7;tetradecane;198.235;4.809568881988525;2.854200839996338;6.0;13.339977264404297;165.4049515724182
7;2-methylundecane;170.203;4.586142063140869;3.8843889236450195;6.0;14.936840534210205;228.72564792633057
7;squalane;422.485;10.141855239868164;6.475017547607422;6.0;24.73120927810669;398.1505870819092
7;2,2-dimethylbutane;86.11;3.148545980453491;3.617642402648926;6.0;14.585115909576416;211.01045608520508
7;2-methylpropane;58.078;2.3739442825317383;3.584958553314209;6.0;14.351080656051636;194.5224404335022
7;2,3,3-trimethylpentane;114.141;3.8441317081451416;4.074863910675049;6.0;15.232616662979126;239.7923469543457
7;3-ethylhexane;114.141;3.653671979904175;3.7708916664123535;6.0;13.094863891601562;219.54948902130127
7;2,2-dimethylhexane;114.141;3.8226544857025146;3.785226345062256;6.0;14.077167510986328;221.35112285614014
7;2,2,5-trimethylhexane;128.157;4.2227630615234375;3.975625514984131;6.0;14.826104640960693;233.8186502456665
7;2,4-dimethylhexane;114.141;3.8409781455993652;3.906190872192383;6.0;13.74096155166626;228.41076850891113
7;2,2,4-trimethylpentane;114.141;3.753896713256836;3.9421558380126953;6.0;14.643880128860474;231.2220811843872
7;3-methylhexane;100.125;3.5469369888305664;3.712587833404541;6.0;13.377524614334106;216.15304946899414
7;dodecane;170.203;4.399765968322754;3.010829448699951;6.0;13.55212688446045;174.66384172439575
7;eicosane;282.329;6.361461162567139;2.5037312507629395;6.0;14.013581275939941;146.18111848831177
7;2,3-dimethylheptane;128.157;4.097683906555176;3.911194324493408;6.0;14.157594442367554;229.27918434143066
7;2,7-dimethyloctane;142.172;4.221268177032471;3.992361545562744;6.0;14.512801170349121;234.5796823501587
7;4-methylheptane;114.141;3.747563600540161;3.750558376312256;6.0;13.123594522476196;218.42949390411377
7;tetracosane;338.391;7.536474704742432;2.6635971069335938;6.0;14.43349838256836;152.62998342514038
7;methane;16.031;0.9998335965860263;3.665398120880127;6.0;15.65458059310913;150.54242610931396
7;3,3-dimethylpentane;100.125;3.401085615158081;3.783173084259033;6.0;14.511511325836182;221.18639945983887
7;2,2,3,3-tetramethylpentane;128.157;4.324947357177734;4.398916244506836;6.0;17.088712453842163;261.2905979156494
7;2,2-dimethylpentane;100.125;3.4883835315704346;3.7152395248413086;6.0;14.123783111572266;216.85280799865723
7;2-methyltridecane;198.235;5.173791408538818;3.831812858581543;6.0;15.187573432922363;226.28545761108398
7;2,3-dimethylbutane;86.11;3.1302335262298584;3.6752662658691406;6.0;14.488757848739624;214.39940929412842
7;2,3-dimethylhexane;114.141;3.817115545272827;3.850344181060791;6.0;13.581132888793945;224.88698959350586
7;2,3-dimethylnonane;156.188;4.186362266540527;4.055626392364502;6.0;15.090291500091553;238.82989883422852
7;heptane;100.125;3.184753656387329;3.397524833679199;6.0;11.809854507446289;195.5358386039734
7;propane;44.063;1.9737982749938965;3.8690361976623535;6.0;15.718573331832886;193.8803791999817
7;2,4-dimethylpentane;100.125;3.4248220920562744;3.752203941345215;6.0;13.980944156646729;218.91491413116455
