1;tridecane;184.219;9.98608684539795;7.008151054382324;6.0;11.948210000991821;499.9802589416504
1;hexadecane;226.266;9.989227175712585;7.084287166595459;6.0;11.808057650923729;499.9861240386963
1;pentadecane;212.25;9.988401055335999;7.062374114990234;6.0;11.847626715898514;499.98464584350586
1;dodecane;170.203;9.984413146972656;6.974052429199219;6.0;12.013413608074188;499.97692108154297
1;eicosane;282.329;9.991369187831879;7.149595737457275;6.0;11.69371284544468;499.98979568481445
1;hexane;86.11;9.929580748081207;6.502983570098877;6.0;13.019621521234512;499.8265504837036
1;nonane;128.157;9.974508821964264;6.82488489151001;6.0;12.31774777173996;499.9544620513916
1;heptacosane;380.438;9.993142127990723;7.216624736785889;6.0;11.581850089132786;499.99256134033203
1;tetracosane;338.391;9.992554724216461;7.19277286529541;6.0;11.621032021939754;499.99165534973145
1;octacosane;394.454;9.993301451206207;7.223424911499023;6.0;11.570808328688145;499.99279975891113
1;methane;16.031;5.593080163002014;5.4918107986450195;6.0;17.5279101729393;327.21290588378906
1;decane;142.172;9.979057848453522;6.884709358215332;6.0;12.191593870520592;499.9652862548828
1;octadecane;254.297;9.990475475788116;7.1206512451171875;6.0;11.743732690811157;499.9882698059082
1;heptadecane;240.282;9.98990684747696;7.103562355041504;6.0;11.773752197623253;499.9873161315918
1;n-undecane;156.188;9.982172966003418;6.933565616607666;6.0;12.092836946249008;499.97220039367676
1;ethane;30.047;6.556899785995483;5.301820278167725;6.0;16.888344138860703;443.41793060302734
1;nonadecane;268.313;9.990956127643585;7.135900974273682;6.0;11.717247441411018;499.98908042907715
1;octane;114.141;9.967441201210022;6.752392292022705;6.0;12.482419088482857;499.9361038208008
1;pentane;72.094;9.865269958972931;6.1826958656311035;6.0;13.53009395301342;499.61137771606445
1;heptane;100.125;9.954703390598297;6.62598991394043;6.0;12.7131187915802;499.90174770355225
1;propane;44.063;8.905231177806854;5.1138458251953125;6.0;15.400645285844803;493.2727575302124
1;tetradecane;198.235;9.987379133701324;7.037250518798828;6.0;11.893758475780487;499.98273849487305
1;n-butane;58.078;9.67798900604248;6.122884750366211;6.0;14.313502609729767;498.6414432525635
2;tridecane;184.219;9.997734606266022;2.10422595590353;6.0;10.954155400395393;499.9998092651367
2;hexadecane;226.266;9.998396575450897;2.0953903570771217;6.0;10.852814614772797;499.99990463256836
2;pentadecane;212.25;9.998228132724762;2.0978641286492348;6.0;10.881004352122545;499.99985694885254
2;dodecane;170.203;9.997359097003937;2.1084076687693596;6.0;11.002712994813919;499.9997615814209
2;eicosane;282.329;9.998810172080994;2.0883341804146767;6.0;10.773252304643393;499.9999523162842
2;hexane;86.11;9.98069828748703;2.18108993768692;6.0;11.883719190955162;499.9959945678711
2;nonane;128.157;9.994865715503693;2.1285102367401123;6.0;11.240657456219196;499.99942779541016
2;heptacosane;380.438;9.999127745628357;2.0815620347857475;6.0;10.698188059031963;499.9999523162842
2;tetracosane;338.391;9.999025821685791;2.083919584751129;6.0;10.724165700376034;499.9999523162842
2;octacosane;394.454;9.999154567718506;2.0809003114700317;6.0;10.690930001437664;499.9999523162842
2;methane;16.031;5.414061486721039;4.712337970733643;6.0;17.510068118572235;339.4482135772705
2;decane;142.172;9.996065199375153;2.1200701519846916;6.0;11.139876917004585;499.99961853027344
2;octadecane;254.297;9.998641729354858;2.0914042592048645;6.0;10.807707849889994;499.99990463256836
2;heptadecane;240.282;9.998531222343445;2.093259282410145;6.0;10.828647017478943;499.99990463256836
2;octane;114.141;9.992860496044159;2.1400179266929626;6.0;11.378241255879402;499.9990463256836
2;n-undecane;156.188;9.996834993362427;2.113563321530819;6.0;11.063050627708435;499.9997138977051
2;nonadecane;268.313;9.998732924461365;2.0897757336497307;6.0;10.789397526532412;499.99990463256836
2;ethane;30.047;6.4363983273506165;3.045403003692627;6.0;16.8448007106781;475.70223808288574
2;pentane;72.094;9.9557124376297;2.209290847182274;6.0;12.38795280456543;499.98788833618164
2;heptane;100.125;9.989019572734833;2.15565325319767;6.0;11.579888612031937;499.99823570251465
2;propane;44.063;9.310233473777771;2.3515699207782745;6.0;14.730826169252396;499.1675615310669
2;tetradecane;198.235;9.99801355600357;2.1007686480879784;6.0;10.914289560168982;499.99985694885254
2;n-butane;58.078;9.863509893417358;2.3230000436306;6.0;13.24033223092556;499.9316215515137
3;tridecane;184.219;9.998993635177612;2.000826932315249;6.0;10.64271880313754;500.0
3;hexadecane;226.266;9.999319791793823;2.0006539486930706;6.0;10.563397724181414;500.0
3;pentadecane;212.25;9.99923825263977;2.000699825701304;6.0;10.585292540490627;500.0
3;dodecane;170.203;9.998802661895752;2.000917844590731;6.0;10.68130411207676;500.0
3;eicosane;282.329;9.999515056610107;2.0005335901514627;6.0;10.502337347716093;500.0
3;hexane;86.11;9.988653719425201;2.0036504697054625;6.0;11.428513005375862;499.99961853027344
3;nonane;128.157;9.997457802295685;2.0014423086540774;6.0;10.875380598008633;499.9999523162842
3;heptacosane;380.438;9.999658823013306;2.000432113825809;6.0;10.445780092850327;500.0
3;tetracosane;338.391;9.99961268901825;2.000465924706077;6.0;10.465233735740185;500.0
3;octacosane;394.454;9.999670624732971;2.0004229119222146;6.0;10.44036845676601;500.0
3;methane;16.031;5.0965316593647;3.8581119775772095;6.0;17.56765514612198;352.27017402648926
3;decane;142.172;9.99811977148056;2.0012037734268233;6.0;10.792197920382023;500.0
3;octadecane;254.297;9.999436736106873;2.000584076042287;6.0;10.528643392026424;500.0
3;heptadecane;240.282;9.99938416481018;2.0006159758777358;6.0;10.544733572751284;500.0
3;n-undecane;156.188;9.998530149459839;2.001038256683387;6.0;10.72974955663085;500.0
3;ethane;30.047;6.210009157657623;2.2621053755283356;6.0;16.91071555018425;487.4528169631958
3;nonadecane;268.313;9.99947965145111;2.0005569347413257;6.0;10.514637287706137;500.0
3;octane;114.141;9.996295869350433;2.0018085428746417;6.0;10.990997552871704;499.9999523162842
3;pentane;72.094;9.970992982387543;2.0058917505666614;6.0;11.911951452493668;499.9985694885254
3;heptane;100.125;9.99396824836731;2.0024176160804927;6.0;11.160541661083698;499.99985694885254
3;propane;44.063;9.316302239894867;2.0303916707634926;6.0;14.501341730356216;499.77996349334717
3;tetradecane;198.235;9.999133110046387;2.000756206281949;6.0;10.611315667629242;500.0
3;n-butane;58.078;9.892923533916473;2.0154079208150506;6.0;12.748989090323448;499.988317489624
4;tridecane;184.219;9.999181389808655;2.000018421384084;6.0;10.558620542287827;500.0
4;hexadecane;226.266;9.999458193778992;2.000012866562429;6.0;10.487343296408653;500.0
4;pentadecane;212.25;9.99938952922821;2.0000142721537486;6.0;10.506978631019592;500.0
4;dodecane;170.203;9.999017238616943;2.0000216067965084;6.0;10.593425389379263;500.0
4;eicosane;282.329;9.999621272087097;2.000009427306395;6.0;10.432746456936002;500.0
4;hexane;86.11;9.989400446414948;2.000174265675014;6.0;11.2717005610466;499.99990463256836
4;nonane;128.157;9.99782794713974;2.000043128111429;6.0;10.76968440786004;500.0
4;heptacosane;380.438;9.999738216400146;2.000006828224741;6.0;10.38240927271545;500.0
4;tetracosane;338.391;9.999701738357544;2.00000766188532;6.0;10.399695886299014;500.0
4;octacosane;394.454;9.9997478723526;2.000006607132036;6.0;10.377605324611068;500.0
4;methane;16.031;4.750254184007645;3.1687395572662354;6.0;17.655143439769745;364.15796279907227
4;decane;142.172;9.998419106006622;2.000032711017411;6.0;10.693908482789993;500.0
4;octadecane;254.297;9.999555826187134;2.0000108248505057;6.0;10.456237299367785;500.0
4;heptadecane;240.282;9.99951183795929;2.0000117418276204;6.0;10.470627769827843;500.0
4;n-undecane;156.188;9.998780131340027;2.0000260888718913;6.0;10.637243576347828;500.0
4;octane;114.141;9.99677062034607;2.000060932008637;6.0;10.875425525009632;500.0
4;nonadecane;268.313;9.99959123134613;2.000010065285096;6.0;10.443723648786545;500.0
4;ethane;30.047;6.054075181484222;2.0827236622571945;6.0;17.009914368391037;492.4062252044678
4;pentane;72.094;9.971977889537811;2.000359940167982;6.0;11.735238917171955;499.99966621398926
4;propane;44.063;9.279614448547363;2.0043202308006585;6.0;14.361724257469177;499.91090297698975
4;heptane;100.125;9.994616270065308;2.000094970804639;6.0;11.030757613480091;500.0
4;tetradecane;198.235;9.999300479888916;2.0000160674353538;6.0;10.530356038361788;500.0
4;n-butane;58.078;9.888925969600677;2.001335269305855;6.0;12.564796432852745;499.9961853027344
5;tridecane;184.219;9.99925971031189;2.0000010745555983;6.0;10.550242215394974;500.0
5;hexadecane;226.266;9.999513983726501;2.0000006867423394;6.0;10.48170680180192;500.0
5;pentadecane;212.25;9.99945068359375;2.000000781561994;6.0;10.500611066818237;500.0
5;dodecane;170.203;9.999107360839844;2.0000013111339285;6.0;10.58363202959299;500.0
5;eicosane;282.329;9.999662041664124;2.0000004658907358;6.0;10.429047215729952;500.0
5;hexane;86.11;9.989944398403168;2.000017618674974;6.0;11.225959286093712;500.0
5;nonane;128.157;9.997996389865875;2.0000031065753774;6.0;10.752223115414381;500.0
5;heptacosane;380.438;9.999768257141113;2.000000311552327;6.0;10.380350593477488;500.0
5;tetracosane;338.391;9.999734997749329;2.000000359698106;6.0;10.397090371698141;500.0
5;octacosane;394.454;9.999776840209961;2.0000002990175005;6.0;10.375694809481502;500.0
5;methane;16.031;4.425141483545303;2.7564035058021545;6.0;17.748742699623108;373.0008363723755
5;decane;142.172;9.998550534248352;2.0000021995333555;6.0;10.679775588214397;500.0
5;octadecane;254.297;9.999603033065796;2.0000005535744663;6.0;10.451724343001842;500.0
5;heptadecane;240.282;9.999563336372375;2.0000006126786616;6.0;10.46560013666749;500.0
5;n-undecane;156.188;9.998887419700623;2.000001658728138;6.0;10.625599939376116;500.0
5;ethane;30.047;5.960123836994171;2.032961428165436;6.0;17.05734744668007;494.5401906967163
5;octane;114.141;9.996999144554138;2.000004780109066;6.0;10.853327810764313;500.0
5;nonadecane;268.313;9.999635219573975;2.0000005055430847;6.0;10.439647221937776;500.0
5;pentane;72.094;9.972810983657837;2.0000460060036858;6.0;11.644899658858776;499.99985694885254
5;heptane;100.125;9.994932234287262;2.000008340685781;6.0;10.998261421918869;500.0
5;propane;44.063;9.270081341266632;2.001046257209964;6.0;14.280929416418076;499.9521732330322
5;tetradecane;198.235;9.999369144439697;2.000000906069431;6.0;10.523091945797205;500.0
5;n-butane;58.078;9.89027726650238;2.0002270062977914;6.0;12.397492080926895;499.9983310699463
6;tridecane;184.219;9.999397039413452;2.0000001463679666;6.0;10.589944664388895;500.0
6;hexadecane;226.266;9.999603033065796;2.0000000882615367;6.0;10.521659757941961;500.0
6;pentadecane;212.25;9.99955153465271;2.0000001021485687;6.0;10.540563240647316;500.0
6;dodecane;170.203;9.999274730682373;2.0000001832646888;6.0;10.622975397855043;500.0
6;hexane;86.11;9.991920113563538;2.0000034777428937;6.0;11.246238686144352;500.0
6;eicosane;282.329;9.999723196029663;2.0000000569364964;6.0;10.468698311597109;500.0
6;nonane;128.157;9.998380482196808;2.0000004854634312;6.0;10.787625703960657;500.0
6;heptacosane;380.438;9.999810099601746;2.000000036137031;6.0;10.41928249411285;500.0
6;tetracosane;338.391;9.99978220462799;2.00000004250769;6.0;10.43632217682898;500.0
6;octacosane;394.454;9.999816536903381;2.000000034498971;6.0;10.414535934105515;500.0
6;methane;16.031;4.172368764877319;2.537094235420227;6.0;17.825542390346527;378.7851572036743
6;decane;142.172;9.998825192451477;2.000000328793192;6.0;10.71732735261321;500.0
6;octadecane;254.297;9.999674916267395;2.000000069183784;6.0;10.491561014205217;500.0
6;heptadecane;240.282;9.999642729759216;2.000000077585092;6.0;10.505510736256838;500.0
6;octane;114.141;9.997585475444794;2.00000078892333;6.0;10.885017942637205;500.0
6;ethane;30.047;6.245476543903351;2.01844222843647;6.0;17.170458883047104;495.9298849105835
6;nonadecane;268.313;9.999701738357544;2.000000062441096;6.0;10.479398034512997;500.0
6;n-undecane;156.188;9.999096632003784;2.000000239034989;6.0;10.664292313158512;500.0
6;pentane;72.094;9.978216707706451;2.0000106810803118;6.0;11.624055206775665;499.9999523162842
6;propane;44.063;9.38032442331314;2.000353550276486;6.0;14.259467273950577;499.97215270996094
6;heptane;100.125;9.9959117770195;2.0000014781495565;6.0;11.024131774902344;500.0
6;tetradecane;198.235;9.999486088752747;2.0000001207147164;6.0;10.562975108623505;500.0
6;n-butane;58.078;9.910856246948242;2.0000656337069813;6.0;12.353829741477966;499.99914169311523
7;tridecane;184.219;9.999600887298584;2.0000000358647014;6.0;10.731606986373663;500.0
7;hexadecane;226.266;9.999738216400146;2.000000020932987;6.0;10.649075917899609;500.0
7;pentadecane;212.25;9.999703884124756;2.0000000244559697;6.0;10.671958345919847;500.0
7;dodecane;170.203;9.999518275260925;2.000000045560885;6.0;10.771403256803751;500.0
7;eicosane;282.329;9.999817609786987;2.0000000131272664;6.0;10.584807842969894;500.0
7;hexane;86.11;9.994542241096497;2.0000010463134004;6.0;11.488461829721928;500.0
7;nonane;128.157;9.998914241790771;2.000000128531269;6.0;10.968382395803928;500.0
7;heptacosane;380.438;9.999875545501709;2.000000008091239;6.0;10.524628460407257;500.0
7;tetracosane;338.391;9.999857306480408;2.0000000096177333;6.0;10.545402839779854;500.0
7;octacosane;394.454;9.999879837036133;2.000000007701403;6.0;10.51883365958929;500.0
7;methane;16.031;4.013493210077286;2.423763930797577;6.0;17.86896824836731;382.6590299606323
7;decane;142.172;9.999215722084045;2.000000084878671;6.0;10.884653609246016;500.0
7;octadecane;254.297;9.999785423278809;2.000000016152759;6.0;10.612581335008144;500.0
7;heptadecane;240.282;9.99976396560669;2.000000018248537;6.0;10.629503168165684;500.0
7;n-undecane;156.188;9.999399185180664;2.000000060452031;6.0;10.821071565151215;500.0
7;ethane;30.047;6.748050093650818;2.0121987955644727;6.0;17.199209928512573;496.90818786621094
7;octane;114.141;9.99837726354599;2.0000002161454375;6.0;11.08168002218008;500.0
7;nonadecane;268.313;9.99980366230011;2.0000000144823327;6.0;10.59781001880765;500.0
7;pentane;72.094;9.985160946846008;2.000003525515922;6.0;11.887999325990677;499.9999523162842
7;heptane;100.125;9.99725878238678;2.000000422006508;6.0;11.240400522947311;500.0
7;propane;44.063;9.573512136936188;2.000173582986463;6.0;14.519498944282532;499.981689453125
7;tetradecane;198.235;9.999659895896912;2.0000000292136306;6.0;10.699054021388292;500.0
7;n-butane;58.078;9.93782639503479;2.0000238790034928;6.0;12.67364002764225;499.999475479126
8;tridecane;184.219;9.999817609786987;2.0000000094269437;6.0;11.188951954245567;500.0
8;hexadecane;226.266;9.999881982803345;2.0000000052404334;6.0;11.081279702484608;500.0
8;pentadecane;212.25;9.999865889549255;2.00000000620919;6.0;11.111425161361694;500.0
8;dodecane;170.203;9.999777913093567;2.0000000122376846;6.0;11.239883080124855;500.0
8;eicosane;282.329;9.999919533729553;2.0000000031504355;6.0;10.995313115417957;500.0
8;hexane;86.11;9.997254490852356;2.0000003697764726;6.0;12.079584822058678;500.0
8;nonane;128.157;9.999487161636353;2.0000000379328036;6.0;11.482009440660477;500.0
8;heptacosane;380.438;9.999945282936096;2.0000000018586066;6.0;10.912901628762484;500.0
8;tetracosane;338.391;9.999936699867249;2.000000002244085;6.0;10.941576398909092;500.0
8;octacosane;394.454;9.999947428703308;2.0000000017611708;6.0;10.904859695583582;500.0
8;methane;16.031;3.985576778650284;2.3657266497612;6.0;17.829993069171906;386.5832567214966
8;decane;142.172;9.999633073806763;2.0000000241193305;6.0;11.381713263690472;500.0
8;octadecane;254.297;9.99990451335907;2.0000000039499644;6.0;11.03270959109068;500.0
8;heptadecane;240.282;9.999894857406616;2.000000004512016;6.0;11.055307872593403;500.0
8;n-undecane;156.188;9.999721050262451;2.000000016658479;6.0;11.302632354199886;500.0
8;ethane;30.047;7.531087756156921;2.0096585992723703;6.0;17.16398313641548;497.6839065551758
8;nonadecane;268.313;9.999912023544312;2.000000003506704;6.0;11.012868732213974;500.0
8;octane;114.141;9.999223232269287;2.0000000668043754;6.0;11.615741141140461;500.0
8;pentane;72.094;9.99278324842453;2.0000014897357232;6.0;12.459905967116356;500.0
8;heptane;100.125;9.99866533279419;2.0000001381513925;6.0;11.801767982542515;500.0
8;propane;44.063;9.784568727016449;2.0001155739446403;6.0;14.818837493658066;499.98793601989746
8;tetradecane;198.235;9.999845504760742;2.0000000075375066;6.0;11.14682462066412;500.0
8;n-butane;58.078;9.970516622066498;2.0000128751162265;6.0;13.240664154291153;499.99966621398926
9;tridecane;184.219;9.99993348121643;2.0000000037683057;6.0;12.33936995267868;500.0
9;hexadecane;226.266;9.999957084655762;2.000000001960307;6.0;12.19951219856739;500.0
9;pentadecane;212.25;9.999951720237732;2.0000000023676505;6.0;12.239191010594368;500.0
9;dodecane;170.203;9.999918460845947;2.0000000050383684;6.0;12.403825223445892;500.0
9;eicosane;282.329;9.99997103214264;2.0000000011125905;6.0;12.083969786763191;500.0
9;hexane;86.11;9.999019384384155;2.000000222694638;6.0;13.294601142406464;500.0
9;nonane;128.157;9.999811172485352;2.000000017738575;6.0;12.699776589870453;500.0
9;heptacosane;380.438;9.999980688095093;2.000000000618368;6.0;11.969567984342575;500.0
9;tetracosane;338.391;9.999977469444275;2.0000000007627037;6.0;12.009802013635635;500.0
9;octacosane;394.454;9.999980688095093;2.0000000005823897;6.0;11.958196088671684;500.0
9;methane;16.031;4.081431955099106;2.3409473299980164;6.0;17.756977081298828;390.9921169281006
9;decane;142.172;9.99986481666565;2.0000000107217675;6.0;12.57811427116394;500.0
9;octadecane;254.297;9.99996566772461;2.0000000014310735;6.0;12.134681195020676;500.0
9;heptadecane;240.282;9.999961376190186;2.0000000016594917;6.0;12.164988592267036;500.0
9;n-undecane;156.188;9.999898076057434;2.0000000071018103;6.0;12.481831684708595;500.0
9;ethane;30.047;8.35755842924118;2.0086863012984395;6.0;17.19883754849434;498.25124740600586
9;nonadecane;268.313;9.999967813491821;2.0000000012534915;6.0;12.107863128185272;500.0
9;octane;114.141;9.999714612960815;2.0000000333304477;6.0;12.843952029943466;500.0
9;pentane;72.094;9.997453510761261;2.0000009526538065;6.0;13.618109300732613;500.0
9;propane;44.063;9.90895938873291;2.0000848252966534;6.0;15.465020537376404;499.9922275543213
9;heptane;100.125;9.999520421028137;2.000000074874883;6.0;13.023063242435455;500.0
9;tetradecane;198.235;9.999943137168884;2.0000000029378007;6.0;12.285257279872894;500.0
9;n-butane;58.078;9.988544285297394;2.000008925799193;6.0;14.308349192142487;499.9998092651367
10;tridecane;184.219;9.99997854232788;2.00000000189564;6.0;15.432378500699997;500.0
10;hexadecane;226.266;9.999986052513123;2.000000000963607;6.0;15.319128036499023;500.0
10;pentadecane;212.25;9.999984979629517;2.000000001171625;6.0;15.351732075214386;500.0
10;dodecane;170.203;9.999973177909851;2.000000002560685;6.0;15.483050346374512;500.0
10;hexane;86.11;9.999623417854309;2.0000001298929106;6.0;16.023617386817932;500.0
10;eicosane;282.329;9.999991416931152;2.0000000005360734;6.0;15.221833139657974;500.0
10;nonane;128.157;9.999934554100037;2.000000009425416;6.0;15.704860538244247;500.0
10;heptacosane;380.438;9.999993562698364;2.0000000002918243;6.0;15.121832340955734;500.0
10;tetracosane;338.391;9.999993562698364;2.0000000003626095;6.0;15.157444030046463;500.0
10;octacosane;394.454;9.99999463558197;2.000000000274264;6.0;15.11168286204338;500.0
10;methane;16.031;4.298031866550446;2.3417959809303284;6.0;17.68845111131668;396.06239795684814
10;decane;142.172;9.999953866004944;2.000000005596583;6.0;15.615711063146591;500.0
10;octadecane;254.297;9.99998927116394;2.000000000695688;6.0;15.264968872070312;500.0
10;heptadecane;240.282;9.999988198280334;2.0000000008109544;6.0;15.2904212474823;500.0
10;n-undecane;156.188;9.99996566772461;2.0000000036534473;6.0;15.543176084756851;500.0
10;octane;114.141;9.999895930290222;2.000000018085263;6.0;15.821180790662766;500.0
10;nonadecane;268.313;9.999990344047546;2.000000000606512;6.0;15.24224653840065;500.0
10;ethane;30.047;9.006492614746094;2.0082687912508845;6.0;17.485540211200714;498.62027168273926
10;pentane;72.094;9.998982906341553;2.000000590478578;6.0;16.130495369434357;500.0
10;heptane;100.125;9.999818682670593;2.0000000417131147;6.0;15.917344689369202;500.0
10;propane;44.063;9.959836602210999;2.0000657349373796;6.0;16.784617751836777;499.9948024749756
10;tetradecane;198.235;9.999981760978699;2.000000001464907;6.0;15.389111787080765;500.0
10;n-butane;58.078;9.995327055454254;2.0000058680438997;6.0;16.373963952064514;499.99990463256836
11;tridecane;184.219;9.999991416931152;2.0000000007209393;6.0;21.57079130411148;500.0
11;hexadecane;226.266;9.99999463558197;2.000000000357876;6.0;21.622146666049957;500.0
11;pentadecane;212.25;9.999993562698364;2.000000000438128;6.0;21.607371270656586;500.0
11;dodecane;170.203;9.99998927116394;2.000000000984201;6.0;21.547779738903046;500.0
11;eicosane;282.329;9.999996781349182;2.000000000195039;6.0;21.66621893644333;500.0
11;hexane;86.11;9.99979829788208;2.0000000580509436;6.0;21.19832009077072;500.0
11;nonane;128.157;9.999969959259033;2.0000000037921715;6.0;21.446852684020996;500.0
11;heptacosane;380.438;9.999997854232788;2.00000000010393;6.0;21.711490154266357;500.0
11;tetracosane;338.391;9.999997854232788;2.0000000001301306;6.0;21.69536918401718;500.0
11;octacosane;394.454;9.999997854232788;2.0000000000974656;6.0;21.71608567237854;500.0
11;methane;16.031;4.580873221158981;2.359619587659836;6.0;17.669129371643066;400.50952434539795
11;decane;142.172;9.999979615211487;2.000000002210904;6.0;21.487465798854828;500.0
11;octadecane;254.297;9.999995708465576;2.0000000002554352;6.0;21.64668619632721;500.0
11;heptadecane;240.282;9.999995708465576;2.0000000002993605;6.0;21.635150015354156;500.0
11;n-undecane;156.188;9.999986052513123;2.0000000014218338;6.0;21.520456969738007;500.0
11;octane;114.141;9.999951720237732;2.000000007466392;6.0;21.3924378156662;500.0
11;nonadecane;268.313;9.999996781349182;2.0000000002216254;6.0;21.65698140859604;500.0
11;ethane;30.047;9.388957381248474;2.008287651464343;6.0;18.506793081760406;498.90215396881104
11;pentane;72.094;9.999436736106873;2.0000002943434936;6.0;20.810462832450867;500.0
11;heptane;100.125;9.999908804893494;2.0000000177062596;6.0;21.323468387126923;500.0
11;propane;44.063;9.9779731631279;2.0000481763527205;6.0;19.35118466615677;499.99637603759766
11;tetradecane;198.235;9.999992489814758;2.000000000552113;6.0;21.590413451194763;500.0
11;n-butane;58.078;9.997535049915314;2.0000035004093206;6.0;20.149093568325043;499.9999523162842
12;tridecane;184.219;9.999997854232788;2.0000000002274185;6.0;24.79514092206955;500.0
12;hexadecane;226.266;9.999998927116394;2.000000000108;6.0;24.820739924907684;500.0
12;pentadecane;212.25;9.999997854232788;2.0000000001339218;6.0;24.81368750333786;500.0
12;dodecane;170.203;9.999996781349182;2.000000000316638;6.0;24.78263646364212;500.0
12;hexane;86.11;9.999917387962341;2.000000023843244;6.0;24.529414474964142;500.0
12;eicosane;282.329;9.999998927116394;2.0000000000566427;6.0;24.840350449085236;500.0
12;nonane;128.157;9.999990344047546;2.0000000013306494;6.0;24.718930423259735;500.0
12;heptacosane;380.438;9.999998927116394;2.0000000000290052;6.0;24.858447313308716;500.0
12;tetracosane;338.391;9.999998927116394;2.000000000036837;6.0;24.852229952812195;500.0
12;octacosane;394.454;9.999998927116394;2.0000000000270908;6.0;24.86017644405365;500.0
12;methane;16.031;4.906511634588242;2.3882338106632233;6.0;17.793574035167694;404.68602180480957
12;decane;142.172;9.999993562698364;2.000000000748631;6.0;24.74649727344513;500.0
12;octadecane;254.297;9.999998927116394;2.0000000000754588;6.0;24.83191043138504;500.0
12;heptadecane;240.282;9.999998927116394;2.000000000089327;6.0;24.826741814613342;500.0
12;n-undecane;156.188;9.999995708465576;2.000000000468198;6.0;24.766885638237;500.0
12;ethane;30.047;9.651534914970398;2.0080138854682446;6.0;20.189935564994812;499.16813373565674
12;octane;114.141;9.999982833862305;2.0000000027351055;6.0;24.680213630199432;500.0
12;nonadecane;268.313;9.999998927116394;2.000000000064885;6.0;24.836406707763672;500.0
12;pentane;72.094;9.999722123146057;2.000000137273048;6.0;24.325385987758636;500.0
12;heptane;100.125;9.999966740608215;2.000000006894716;6.0;24.62132841348648;500.0
12;propane;44.063;9.989155292510986;2.0000348218491126;6.0;22.627519071102142;499.9978542327881
12;tetradecane;198.235;9.999997854232788;2.000000000171247;6.0;24.805291295051575;500.0
12;n-butane;58.078;9.998787641525269;2.000001888994234;6.0;23.82021337747574;499.9999523162842
13;tridecane;184.219;9.999998927116394;2.000000000117793;6.0;24.98861312866211;500.0
13;hexadecane;226.266;10.0;2.0000000000543405;6.0;24.991093277931213;500.0
13;pentadecane;212.25;10.0;2.00000000006795;6.0;24.990437924861908;500.0
13;dodecane;170.203;9.999998927116394;2.0000000001661293;6.0;24.987298846244812;500.0
13;hexane;86.11;9.999974250793457;2.000000014658693;6.0;24.947717487812042;500.0
13;eicosane;282.329;10.0;2.000000000027793;6.0;24.99280095100403;500.0
13;nonane;128.157;9.999996781349182;2.0000000007371286;6.0;24.979616105556488;500.0
13;heptacosane;380.438;10.0;2.0000000000138662;6.0;24.99422788619995;500.0
13;tetracosane;338.391;10.0;2.0000000000177747;6.0;24.99375492334366;500.0
13;octacosane;394.454;10.0;2.0000000000129163;6.0;24.994356632232666;500.0
13;methane;16.031;5.281911194324493;2.427922546863556;6.0;17.914875149726868;409.00418758392334
13;decane;142.172;9.999997854232788;2.0000000004061675;6.0;24.983129799365997;500.0
13;octadecane;254.297;10.0;2.0000000000374416;6.0;24.992086589336395;500.0
13;heptadecane;240.282;10.0;2.000000000044615;6.0;24.99163419008255;500.0
13;octane;114.141;9.999995708465576;2.000000001552699;6.0;24.974181056022644;500.0
13;ethane;30.047;9.836065530776978;2.009128276258707;6.0;21.50760918855667;499.4483470916748
13;n-undecane;156.188;9.999998927116394;2.0000000002494174;6.0;24.985550045967102;500.0
13;nonadecane;268.313;10.0;2.0000000000320064;6.0;24.992471933364868;500.0
13;pentane;72.094;9.999919533729553;2.0000000893648107;6.0;24.898785054683685;500.0
13;heptane;100.125;9.999990344047546;2.000000004037146;6.0;24.965060651302338;500.0
13;propane;44.063;9.99636024236679;2.000033647625969;6.0;24.088795483112335;499.99890327453613
13;tetradecane;198.235;9.999998927116394;2.0000000000877245;6.0;24.989630579948425;500.0
13;n-butane;58.078;9.99961268901825;2.000001491612238;6.0;24.7309672832489;500.0
14;tridecane;184.219;10.0;2.0000000001081752;6.0;24.998351335525513;500.0
14;hexadecane;226.266;10.0;2.0000000000494285;6.0;24.99881088733673;500.0
14;pentadecane;212.25;10.0;2.000000000061979;6.0;24.998692870140076;500.0
14;dodecane;170.203;10.0;2.000000000153218;6.0;24.998093843460083;500.0
14;eicosane;282.329;10.0;2.000000000025071;6.0;24.999104142189026;500.0
14;hexane;86.11;9.99999463558197;2.000000014862777;6.0;24.987020790576935;500.0
14;nonane;128.157;10.0;2.0000000006926557;6.0;24.99642640352249;500.0
14;heptacosane;380.438;10.0;2.0000000000124007;6.0;24.99933123588562;500.0
14;tetracosane;338.391;10.0;2.0000000000159455;6.0;24.999257922172546;500.0
14;octacosane;394.454;10.0;2.0000000000115414;6.0;24.999350905418396;500.0
14;methane;16.031;5.570495963096619;2.4640287160873413;6.0;17.996003925800323;412.1652126312256
14;decane;142.172;10.0;2.0000000003787695;6.0;24.997222125530243;500.0
14;octadecane;254.297;10.0;2.0000000000338995;6.0;24.998984336853027;500.0
14;heptadecane;240.282;10.0;2.0000000000404827;6.0;24.998905658721924;500.0
14;n-undecane;156.188;10.0;2.0000000002311924;6.0;24.997738003730774;500.0
14;ethane;30.047;9.929498672485352;2.012514944188297;6.0;22.090721428394318;499.6248483657837
14;nonadecane;268.313;10.0;2.0000000000289226;6.0;24.999048709869385;500.0
14;octane;114.141;9.999998927116394;2.0000000014758195;6.0;24.995095133781433;500.0
14;pentane;72.094;9.99998390674591;2.0000000988642626;6.0;24.968920350074768;500.0
14;heptane;100.125;9.999997854232788;2.0000000039192924;6.0;24.992602467536926;500.0
14;propane;44.063;9.998978614807129;2.0000461943891423;6.0;24.49405312538147;499.99942779541016
14;tetradecane;198.235;10.0;2.0000000000802682;6.0;24.998544454574585;500.0
14;n-butane;58.078;9.999905586242676;2.000001793858246;6.0;24.89369958639145;500.0
15;tridecane;184.219;10.0;2.0000000003840577;6.0;24.9993759393692;500.0
15;hexadecane;226.266;10.0;2.0000000001779608;6.0;24.999570846557617;500.0
15;pentadecane;212.25;10.0;2.0000000002222467;6.0;24.999520778656006;500.0
15;dodecane;170.203;10.0;2.0000000005405965;6.0;24.999263286590576;500.0
15;eicosane;282.329;10.0;2.0000000000913682;6.0;24.999688863754272;500.0
15;hexane;86.11;9.999998927116394;2.000000048350511;6.0;24.993313252925873;500.0
15;nonane;128.157;10.0;2.000000002378319;6.0;24.998485445976257;500.0
15;heptacosane;380.438;10.0;2.000000000045766;6.0;24.999778270721436;500.0
15;tetracosane;338.391;10.0;2.0000000000585834;6.0;24.999749660491943;500.0
15;octacosane;394.454;10.0;2.0000000000426486;6.0;24.99978542327881;500.0
15;methane;16.031;5.588310658931732;2.4635506868362427;6.0;18.07296186685562;413.1598949432373
15;decane;142.172;10.0;2.000000001314956;6.0;24.99886453151703;500.0
15;octadecane;254.297;10.0;2.000000000122878;6.0;24.999640583992004;500.0
15;heptadecane;240.282;10.0;2.000000000146274;6.0;24.99961018562317;500.0
15;n-undecane;156.188;10.0;2.0000000008097394;6.0;24.999102354049683;500.0
15;ethane;30.047;9.968738853931427;2.023173201829195;6.0;22.251261472702026;499.7331380844116
15;octane;114.141;10.0;2.0000000049884914;6.0;24.997827410697937;500.0
15;nonadecane;268.313;10.0;2.000000000105136;6.0;24.999667406082153;500.0
15;pentane;72.094;9.999997854232788;2.0000003002571134;6.0;24.982157945632935;500.0
15;heptane;100.125;10.0;2.000000012988913;6.0;24.99651402235031;500.0
15;propane;44.063;9.999738216400146;2.000115606133477;6.0;24.60930049419403;499.99966621398926
15;tetradecane;198.235;10.0;2.0000000002865024;6.0;24.99945819377899;500.0
15;n-butane;58.078;9.999981760978699;2.0000050348521654;6.0;24.929226338863373;500.0
16;tridecane;184.219;10.0;2.0000000248586307;6.0;24.99943494796753;500.0
16;hexadecane;226.266;10.0;2.000000012783783;6.0;24.999619126319885;500.0
16;pentadecane;212.25;10.0;2.000000015491704;6.0;24.99957263469696;500.0
16;dodecane;170.203;10.0;2.00000003340746;6.0;24.99932587146759;500.0
16;eicosane;282.329;10.0;2.0000000071837705;6.0;24.999728202819824;500.0
16;hexane;86.11;10.0;2.0000016320917666;6.0;24.9930477142334;500.0
16;nonane;128.157;10.0;2.0000001197152386;6.0;24.998562335968018;500.0
16;heptacosane;380.438;10.0;2.000000003951592;6.0;24.999810457229614;500.0
16;tetracosane;338.391;10.0;2.000000004891912;6.0;24.999783635139465;500.0
16;octacosane;394.454;10.0;2.0000000037177745;6.0;24.999815821647644;500.0
16;methane;16.031;5.454887926578522;2.4443565905094147;6.0;18.127073645591736;412.73179054260254
16;decane;142.172;10.0;2.000000072042191;6.0;24.998939633369446;500.0
16;octadecane;254.297;10.0;2.0000000092811465;6.0;24.999685287475586;500.0
16;heptadecane;240.282;10.0;2.000000010790454;6.0;24.99965488910675;500.0
16;n-undecane;156.188;10.0;2.000000047374648;6.0;24.99917209148407;500.0
16;ethane;30.047;9.986240804195404;2.087489753961563;6.0;22.0374196767807;499.80015754699707
16;nonadecane;268.313;10.0;2.000000008110553;6.0;24.99970853328705;500.0
16;octane;114.141;10.0;2.0000002287667087;6.0;24.997902512550354;500.0
16;pentane;72.094;10.0;2.000007416810604;6.0;24.981428384780884;500.0
16;propane;44.063;9.999948501586914;2.001118241692893;6.0;24.574643671512604;499.9998092651367
16;heptane;100.125;10.0;2.0000005211541634;6.0;24.99649077653885;500.0
16;tetradecane;198.235;10.0;2.000000019295408;6.0;24.999513626098633;500.0
16;n-butane;58.078;9.999997854232788;2.0000829028722364;6.0;24.92307871580124;500.0
17;tridecane;184.219;10.0;2.000005358350336;6.0;24.99907374382019;500.0
17;hexadecane;226.266;10.0;2.000003108350711;6.0;24.999377727508545;500.0
17;pentadecane;212.25;10.0;2.0000036379201447;6.0;24.999300837516785;500.0
17;dodecane;170.203;10.0;2.000006825653145;6.0;24.998896718025208;500.0
17;eicosane;282.329;10.0;2.000001938920377;6.0;24.999558329582214;500.0
17;hexane;86.11;10.0;2.000161773772561;6.0;24.988873302936554;500.0
17;nonane;128.157;10.0;2.000019542641894;6.0;24.99762713909149;500.0
17;heptacosane;380.438;10.0;2.0000011884926607;6.0;24.999690651893616;500.0
17;tetracosane;338.391;10.0;2.0000014155068584;6.0;24.999647736549377;500.0
17;octacosane;394.454;10.0;2.0000011305946828;6.0;24.999701380729675;500.0
17;methane;16.031;5.317752480506897;2.4363294541835785;6.0;18.143537044525146;411.9971513748169
17;decane;142.172;10.0;2.000012806698578;6.0;24.99825656414032;500.0
17;octadecane;254.297;10.0;2.000002391421731;6.0;24.99948501586914;500.0
17;heptadecane;240.282;10.0;2.0000027054643397;6.0;24.999436736106873;500.0
17;octane;114.141;10.0;2.000033140375308;6.0;24.99651402235031;500.0
17;n-undecane;156.188;10.0;2.0000090859730335;6.0;24.99864101409912;500.0
17;nonadecane;268.313;10.0;2.000002141454388;6.0;24.999524354934692;500.0
17;ethane;30.047;9.992926478385925;2.367079973220825;6.0;21.633131206035614;499.8357057571411
17;pentane;72.094;10.0;2.00052418775158;6.0;24.971611499786377;500.0
17;heptane;100.125;10.0;2.0000654824689263;6.0;24.994251132011414;500.0
17;propane;44.063;9.999987125396729;2.019715202972293;6.0;24.458043575286865;499.99985694885254
17;tetradecane;198.235;10.0;2.0000043544764594;6.0;24.99920427799225;500.0
17;n-butane;58.078;10.0;2.0033324386458844;6.0;24.890234172344208;500.0
18;tridecane;184.219;10.0;2.0000058563091443;6.0;24.999282956123352;500.0
18;hexadecane;226.266;10.0;2.000003491491043;6.0;24.999520778656006;500.0
18;pentadecane;212.25;10.0;2.000004054134479;6.0;24.999461770057678;500.0
18;dodecane;170.203;10.0;2.0000073697683547;6.0;24.999141693115234;500.0
18;eicosane;282.329;10.0;2.000002230222208;6.0;24.999663829803467;500.0
18;hexane;86.11;10.0;2.0001472348958487;6.0;24.99106466770172;500.0
18;nonane;128.157;10.0;2.0000199545575015;6.0;24.99812602996826;500.0
18;heptacosane;380.438;10.0;2.000001401105237;6.0;24.999765753746033;500.0
18;tetracosane;338.391;10.0;2.000001654137577;6.0;24.999733567237854;500.0
18;octacosane;394.454;10.0;2.000001336205969;6.0;24.99977469444275;500.0
18;methane;16.031;5.264583319425583;2.4176439940929413;6.0;18.168646097183228;411.9162321090698
18;decane;142.172;10.0;2.0000133969169838;6.0;24.99862849712372;500.0
18;octadecane;254.297;10.0;2.0000027218613923;6.0;24.999606609344482;500.0
18;heptadecane;240.282;10.0;2.0000030602475363;6.0;24.999569058418274;500.0
18;octane;114.141;10.0;2.000032834628655;6.0;24.997232854366302;500.0
18;ethane;30.047;9.99204295873642;2.2036712020635605;6.0;21.9105127453804;499.83389377593994
18;nonadecane;268.313;10.0;2.000002450912689;6.0;24.999637007713318;500.0
18;n-undecane;156.188;10.0;2.0000096700960057;6.0;24.998937845230103;500.0
18;pentane;72.094;10.0;2.0004596225044224;6.0;24.977101981639862;500.0
18;heptane;100.125;10.0;2.000062176040956;6.0;24.995413422584534;500.0
18;propane;44.063;9.999988198280334;2.0122763458639383;6.0;24.532606303691864;499.99990463256836
18;tetradecane;198.235;10.0;2.0000048090205382;6.0;24.999384880065918;500.0
18;n-butane;58.078;10.0;2.0025971403811127;6.0;24.90798145532608;500.0
19;tridecane;184.219;10.0;2.0005463253473863;6.0;24.998737573623657;500.0
19;hexadecane;226.266;10.0;2.000381244055461;6.0;24.999138116836548;500.0
19;pentadecane;212.25;10.0;2.000423001794843;6.0;24.999037981033325;500.0
19;dodecane;170.203;10.0;2.000641054881271;6.0;24.998505115509033;500.0
19;eicosane;282.329;10.0;2.000279117928585;6.0;24.99938130378723;500.0
19;hexane;86.11;10.0;2.005123004782945;6.0;24.98640477657318;500.0
19;nonane;128.157;10.0;2.0012817374663427;6.0;24.996882379055023;500.0
19;heptacosane;380.438;10.0;2.000201999748242;6.0;24.999560117721558;500.0
19;tetracosane;338.391;10.0;2.0002267285017297;6.0;24.999502897262573;500.0
19;octacosane;394.454;10.0;2.000195444954443;6.0;24.999576210975647;500.0
19;methane;16.031;5.321165055036545;2.4373264610767365;6.0;18.146945238113403;412.4459981918335
19;decane;142.172;10.0;2.0009714898769744;6.0;24.99767541885376;500.0
19;octadecane;254.297;10.0;2.0003206067485735;6.0;24.999282956123352;500.0
19;heptadecane;240.282;10.0;2.000347836612491;6.0;24.999218583106995;500.0
19;octane;114.141;10.0;2.001812340458855;6.0;24.995497465133667;500.0
19;ethane;30.047;9.994458556175232;2.4206866323947906;6.0;21.73769623041153;499.8533248901367
19;nonadecane;268.313;10.0;2.0002980541903526;6.0;24.99933660030365;500.0
19;n-undecane;156.188;10.0;2.0007743929163553;6.0;24.998172521591187;500.0
19;pentane;72.094;10.0;2.011555581353605;6.0;24.967558681964874;500.0
19;heptane;100.125;10.0;2.0028275626245886;6.0;24.992770552635193;500.0
19;propane;44.063;9.999995708465576;2.091230697929859;6.0;24.45183962583542;499.99990463256836
19;tetradecane;198.235;10.0;2.0004763540055137;6.0;24.99890923500061;500.0
19;n-butane;58.078;10.0;2.037737786769867;6.0;24.879779815673828;500.0
20;tridecane;184.219;10.0;2.0236304607242346;6.0;24.998526573181152;500.0
20;hexadecane;226.266;10.0;2.019351003691554;6.0;24.998984336853027;500.0
20;pentadecane;212.25;10.0;2.020501060411334;6.0;24.998868107795715;500.0
20;dodecane;170.203;10.0;2.0258237030357122;6.0;24.998260140419006;500.0
20;eicosane;282.329;10.0;2.016273131594062;6.0;24.999263286590576;500.0
20;hexane;86.11;10.0;2.0798029005527496;6.0;24.985255002975464;500.0
20;nonane;128.157;10.0;2.0379242338240147;6.0;24.996440708637238;500.0
20;heptacosane;380.438;10.0;2.013596319593489;6.0;24.999472498893738;500.0
20;tetracosane;338.391;10.0;2.014497729949653;6.0;24.999406337738037;500.0
20;octacosane;394.454;10.0;2.0133492974564433;6.0;24.99949038028717;500.0
20;methane;16.031;5.353137522935867;2.435553103685379;6.0;18.149720430374146;413.0269765853882
20;decane;142.172;10.0;2.0325228683650494;6.0;24.997327625751495;500.0
20;octadecane;254.297;10.0;2.017575480043888;6.0;24.99915063381195;500.0
20;heptadecane;240.282;10.0;2.018389854580164;6.0;24.999075531959534;500.0
20;n-undecane;156.188;10.0;2.028678737580776;6.0;24.997886419296265;500.0
20;ethane;30.047;9.994686007499695;2.4215855300426483;6.0;21.909078657627106;499.8612880706787
20;nonadecane;268.313;10.0;2.0168775487691164;6.0;24.99921143054962;500.0
20;octane;114.141;10.0;2.0459472425282;6.0;24.994909167289734;500.0
20;pentane;72.094;10.0;2.1264222264289856;6.0;24.965098202228546;500.0
20;propane;44.063;9.999997854232788;2.2495292872190475;6.0;24.465960562229156;499.9999523162842
20;heptane;100.125;10.0;2.058609239757061;6.0;24.99192923307419;500.0
20;tetradecane;198.235;10.0;2.021898865699768;6.0;24.998721480369568;500.0
20;n-butane;58.078;10.0;2.2157088965177536;6.0;24.878770411014557;500.0
21;tridecane;184.219;10.0;2.000019296516257;6.0;24.999465346336365;500.0
21;hexadecane;226.266;10.0;2.000013045158994;6.0;24.999642372131348;500.0
21;pentadecane;212.25;10.0;2.00001460727799;6.0;24.999597668647766;500.0
21;dodecane;170.203;10.0;2.0000229639754252;6.0;24.999361634254456;500.0
21;eicosane;282.329;10.0;2.0000092916534413;6.0;24.9997478723526;500.0
21;hexane;86.11;10.0;2.000217819295358;6.0;24.993506371974945;500.0
21;nonane;128.157;10.0;2.0000488102486997;6.0;24.99861776828766;500.0
21;heptacosane;380.438;10.0;2.000006535470675;6.0;24.999822974205017;500.0
21;tetracosane;338.391;10.0;2.0000074106101238;6.0;24.999799728393555;500.0
21;octacosane;394.454;10.0;2.000006304966064;6.0;24.99983012676239;500.0
21;methane;16.031;5.261804014444351;2.335079789161682;6.0;18.239645957946777;414.85440731048584
21;decane;142.172;10.0;2.0000361014099326;6.0;24.998984336853027;500.0
21;octadecane;254.297;10.0;2.0000108039957922;6.0;24.999704957008362;500.0
21;heptadecane;240.282;10.0;2.0000118061998364;6.0;24.99967634677887;500.0
21;n-undecane;156.188;10.0;2.000028207037758;6.0;24.99921143054962;500.0
21;ethane;30.047;9.991140127182007;2.0414521545171738;6.0;22.531302869319916;499.88763332366943
21;nonadecane;268.313;10.0;2.000009979627066;6.0;24.999728202819824;500.0
21;octane;114.141;10.0;2.0000711554384907;6.0;24.997965097427368;500.0
21;pentane;72.094;10.0;2.0005121795693412;6.0;24.983330070972443;500.0
21;heptane;100.125;10.0;2.000115030736197;6.0;24.99664455652237;500.0
21;propane;44.063;9.99999463558197;2.004187618382275;6.0;24.662775695323944;499.9999523162842
21;tetradecane;198.235;10.0;2.0000166229365277;6.0;24.99954044818878;500.0
21;n-butane;58.078;10.0;2.0018561102915555;6.0;24.934277832508087;500.0
22;tridecane;184.219;10.0;2.000000000005447;6.0;24.999919533729553;500.0
22;hexadecane;226.266;10.0;2.0000000000022924;6.0;24.99994993209839;500.0
22;pentadecane;212.25;10.0;2.000000000002944;6.0;24.999942779541016;500.0
22;dodecane;170.203;10.0;2.0000000000080025;6.0;24.999899864196777;500.0
22;hexane;86.11;10.0;2.000000001137989;6.0;24.9984872341156;500.0
22;eicosane;282.329;10.0;2.0000000000010827;6.0;24.999966025352478;500.0
22;nonane;128.157;10.0;2.0000000000423728;6.0;24.99975323677063;500.0
22;heptacosane;380.438;10.0;2.0000000000004974;6.0;24.99997854232788;500.0
22;tetracosane;338.391;10.0;2.000000000000657;6.0;24.999974966049194;500.0
22;octacosane;394.454;10.0;2.0000000000004596;6.0;24.99997854232788;500.0
22;methane;16.031;5.219492703676224;2.24581378698349;6.0;18.333844244480133;416.943621635437
22;decane;142.172;10.0;2.000000000021754;6.0;24.999828338623047;500.0
22;octadecane;254.297;10.0;2.0000000000015112;6.0;24.999958872795105;500.0
22;heptadecane;240.282;10.0;2.0000000000018385;6.0;24.99995529651642;500.0
22;n-undecane;156.188;10.0;2.0000000000126077;6.0;24.999871253967285;500.0
22;ethane;30.047;9.978745102882385;2.001113883801736;6.0;23.264672458171844;499.91776943206787
22;nonadecane;268.313;10.0;2.0000000000012683;6.0;24.99996244907379;500.0
22;octane;114.141;10.0;2.0000000000974674;6.0;24.999611973762512;500.0
22;pentane;72.094;10.0;2.0000000072489565;6.0;24.9954617023468;500.0
22;heptane;100.125;10.0;2.0000000002789533;6.0;24.999300837516785;500.0
22;propane;44.063;9.99996566772461;2.0000029162681585;6.0;24.845241904258728;499.9999523162842
22;tetradecane;198.235;10.0;2.0000000000039173;6.0;24.999932050704956;500.0
22;n-butane;58.078;9.999998927116394;2.0000001280118624;6.0;24.977289736270905;500.0
23;tridecane;184.219;10.0;2.0000000000000004;6.0;24.99996781349182;500.0
23;hexadecane;226.266;10.0;2.0;6.0;24.999980330467224;500.0
23;pentadecane;212.25;10.0;2.0;6.0;24.99997854232788;500.0
23;dodecane;170.203;10.0;2.0000000000000004;6.0;24.99996066093445;500.0
23;eicosane;282.329;10.0;2.0;6.0;24.999987483024597;500.0
23;hexane;86.11;10.0;2.000000000000435;6.0;24.999279379844666;500.0
23;nonane;128.157;10.0;2.000000000000005;6.0;24.99989628791809;500.0
23;heptacosane;380.438;10.0;2.0;6.0;24.999992847442627;500.0
23;tetracosane;338.391;10.0;2.0;6.0;24.999991059303284;500.0
23;octacosane;394.454;10.0;2.0;6.0;24.999992847442627;500.0
23;methane;16.031;5.327081471681595;2.2109599262475967;6.0;18.365734815597534;419.785475730896
23;decane;142.172;10.0;2.000000000000002;6.0;24.999930262565613;500.0
23;octadecane;254.297;10.0;2.0;6.0;24.999985694885254;500.0
23;heptadecane;240.282;10.0;2.0;6.0;24.99998390674591;500.0
23;n-undecane;156.188;10.0;2.000000000000001;6.0;24.999948143959045;500.0
23;octane;114.141;10.0;2.000000000000015;6.0;24.999831914901733;500.0
23;nonadecane;268.313;10.0;2.0;6.0;24.999985694885254;500.0
23;ethane;30.047;9.965463876724243;2.0001156298385467;6.0;23.621535003185272;499.9342441558838
23;pentane;72.094;10.0;2.0000000000059783;6.0;24.997657537460327;500.0
23;heptane;100.125;10.0;2.000000000000064;6.0;24.99968707561493;500.0
23;propane;44.063;9.99990451335907;2.0000000336080745;6.0;24.90300953388214;500.0
23;tetradecane;198.235;10.0;2.0;6.0;24.99997317790985;500.0
23;n-butane;58.078;9.999997854232788;2.000000000343826;6.0;24.98705118894577;500.0
24;tridecane;184.219;10.0;2.0;6.0;24.999980330467224;500.0
24;hexadecane;226.266;10.0;2.0;6.0;24.999987483024597;500.0
24;pentadecane;212.25;10.0;2.0;6.0;24.999985694885254;500.0
24;dodecane;170.203;10.0;2.0;6.0;24.999974966049194;500.0
24;hexane;86.11;10.0;2.0000000000000036;6.0;24.999535083770752;500.0
24;eicosane;282.329;10.0;2.0;6.0;24.999992847442627;500.0
24;nonane;128.157;10.0;2.0;6.0;24.999935626983643;500.0
24;heptacosane;380.438;10.0;2.0;6.0;24.99999463558197;500.0
24;tetracosane;338.391;10.0;2.0;6.0;24.99999463558197;500.0
24;octacosane;394.454;10.0;2.0;6.0;24.99999463558197;500.0
24;methane;16.031;5.484991699457169;2.197056323289871;6.0;18.37478369474411;422.55377769470215
24;decane;142.172;10.0;2.0;6.0;24.99995529651642;500.0
24;octadecane;254.297;10.0;2.0;6.0;24.999991059303284;500.0
24;heptadecane;240.282;10.0;2.0;6.0;24.99998927116394;500.0
24;n-undecane;156.188;10.0;2.0;6.0;24.99996781349182;500.0
24;ethane;30.047;9.955799877643585;2.000028522228604;6.0;23.791709542274475;499.9445915222168
24;octane;114.141;10.0;2.0;6.0;24.999894499778748;500.0
24;nonadecane;268.313;10.0;2.0;6.0;24.999991059303284;500.0
24;pentane;72.094;10.0;2.0000000000000826;6.0;24.998449683189392;500.0
24;propane;44.063;9.9998379945755;2.000000002158317;6.0;24.92693305015564;500.0
24;heptane;100.125;10.0;2.0000000000000004;6.0;24.99980330467224;500.0
24;tetradecane;198.235;10.0;2.0;6.0;24.99998390674591;500.0
24;n-butane;58.078;9.99999463558197;2.0000000000093707;6.0;24.990859031677246;500.0
25;tridecane;184.219;10.0;2.0;6.0;24.999985694885254;500.0
25;hexadecane;226.266;10.0;2.0;6.0;24.999991059303284;500.0
25;pentadecane;212.25;10.0;2.0;6.0;24.99998927116394;500.0
25;dodecane;170.203;10.0;2.0;6.0;24.999982118606567;500.0
25;eicosane;282.329;10.0;2.0;6.0;24.99999463558197;500.0
25;hexane;86.11;10.0;2.0;6.0;24.99964952468872;500.0
25;nonane;128.157;10.0;2.0;6.0;24.999951720237732;500.0
25;heptacosane;380.438;10.0;2.0;6.0;24.999996423721313;500.0
25;tetracosane;338.391;10.0;2.0;6.0;24.999996423721313;500.0
25;octacosane;394.454;10.0;2.0;6.0;24.999996423721313;500.0
25;methane;16.031;5.68635880947113;2.1951089650392532;6.0;18.36694359779358;425.16674995422363
25;decane;142.172;10.0;2.0;6.0;24.99996781349182;500.0
25;octadecane;254.297;10.0;2.0;6.0;24.999992847442627;500.0
25;heptadecane;240.282;10.0;2.0;6.0;24.999992847442627;500.0
25;octane;114.141;10.0;2.0;6.0;24.999921321868896;500.0
25;n-undecane;156.188;10.0;2.0;6.0;24.999976754188538;500.0
25;nonadecane;268.313;10.0;2.0;6.0;24.999992847442627;500.0
25;ethane;30.047;9.949114739894867;2.000012194206647;6.0;23.887232840061188;499.9499797821045
25;pentane;72.094;9.999998927116394;2.000000000000006;6.0;24.9987930059433;500.0
25;propane;44.063;9.999781131744385;2.000000000400137;6.0;24.938169717788696;500.0
25;heptane;100.125;10.0;2.0;6.0;24.999853372573853;500.0
25;tetradecane;198.235;10.0;2.0;6.0;24.999987483024597;500.0
25;n-butane;58.078;9.999992489814758;2.0000000000010334;6.0;24.992595314979553;500.0
26;tridecane;184.219;10.0;2.0;6.0;24.999987483024597;500.0
26;hexadecane;226.266;10.0;2.0;6.0;24.999992847442627;500.0
26;pentadecane;212.25;10.0;2.0;6.0;24.999991059303284;500.0
26;dodecane;170.203;10.0;2.0;6.0;24.99998390674591;500.0
26;hexane;86.11;10.0;2.0;6.0;24.99970316886902;500.0
26;eicosane;282.329;10.0;2.0;6.0;24.99999463558197;500.0
26;nonane;128.157;10.0;2.0;6.0;24.999958872795105;500.0
26;heptacosane;380.438;10.0;2.0;6.0;24.999996423721313;500.0
26;tetracosane;338.391;10.0;2.0;6.0;24.999996423721313;500.0
26;octacosane;394.454;10.0;2.0;6.0;24.999996423721313;500.0
26;methane;16.031;5.891483426094055;2.1992323845624924;6.0;18.352280855178833;427.40960121154785
26;decane;142.172;10.0;2.0;6.0;24.99997317790985;500.0
26;octadecane;254.297;10.0;2.0;6.0;24.99999463558197;500.0
26;heptadecane;240.282;10.0;2.0;6.0;24.999992847442627;500.0
26;n-undecane;156.188;10.0;2.0;6.0;24.999980330467224;500.0
26;ethane;30.047;9.946804285049438;2.0000072335888035;6.0;23.918505609035492;499.95436668395996
26;nonadecane;268.313;10.0;2.0;6.0;24.99999463558197;500.0
26;octane;114.141;10.0;2.0;6.0;24.9999338388443;500.0
26;pentane;72.094;9.999998927116394;2.0000000000000013;6.0;24.998966455459595;500.0
26;propane;44.063;9.999739289283752;2.000000000143822;6.0;24.944182336330414;500.0
26;heptane;100.125;10.0;2.0;6.0;24.999876618385315;500.0
26;tetradecane;198.235;10.0;2.0;6.0;24.99998927116394;500.0
26;n-butane;58.078;9.999991416931152;2.000000000000271;6.0;24.993495643138885;500.0
27;tridecane;184.219;10.0;2.0;6.0;24.99998927116394;500.0
27;hexadecane;226.266;10.0;2.0;6.0;24.999992847442627;500.0
27;pentadecane;212.25;10.0;2.0;6.0;24.999992847442627;500.0
27;dodecane;170.203;10.0;2.0;6.0;24.999985694885254;500.0
27;eicosane;282.329;10.0;2.0;6.0;24.999996423721313;500.0
27;hexane;86.11;10.0;2.0;6.0;24.999733567237854;500.0
27;nonane;128.157;10.0;2.0;6.0;24.99996244907379;500.0
27;heptacosane;380.438;10.0;2.0;6.0;24.999996423721313;500.0
27;tetracosane;338.391;10.0;2.0;6.0;24.999996423721313;500.0
27;octacosane;394.454;10.0;2.0;6.0;24.999998211860657;500.0
27;methane;16.031;6.092522501945496;2.207562282681465;6.0;18.334161639213562;429.3553352355957
27;decane;142.172;10.0;2.0;6.0;24.999974966049194;500.0
27;octadecane;254.297;10.0;2.0;6.0;24.99999463558197;500.0
27;heptadecane;240.282;10.0;2.0;6.0;24.99999463558197;500.0
27;n-undecane;156.188;10.0;2.0;6.0;24.999982118606567;500.0
27;ethane;30.047;9.947325706481934;2.000005244222848;6.0;23.918523490428925;499.9582290649414
27;nonadecane;268.313;10.0;2.0;6.0;24.99999463558197;500.0
27;octane;114.141;10.0;2.0;6.0;24.99993920326233;500.0
27;pentane;72.094;9.999998927116394;2.0000000000000004;6.0;24.9990576505661;500.0
27;heptane;100.125;10.0;2.0;6.0;24.999887347221375;500.0
27;propane;44.063;9.999725341796875;2.0000000000766227;6.0;24.9462029337883;500.0
27;tetradecane;198.235;10.0;2.0;6.0;24.999991059303284;500.0
27;n-butane;58.078;9.999990344047546;2.000000000000121;6.0;24.99398559331894;500.0
28;tridecane;184.219;10.0;2.0;6.0;24.99998927116394;500.0
28;hexadecane;226.266;10.0;2.0;6.0;24.999992847442627;500.0
28;pentadecane;212.25;10.0;2.0;6.0;24.999992847442627;500.0
28;dodecane;170.203;10.0;2.0;6.0;24.999987483024597;500.0
28;eicosane;282.329;10.0;2.0;6.0;24.999996423721313;500.0
28;hexane;86.11;10.0;2.0;6.0;24.999744296073914;500.0
28;nonane;128.157;10.0;2.0;6.0;24.999964237213135;500.0
28;heptacosane;380.438;10.0;2.0;6.0;24.999998211860657;500.0
28;tetracosane;338.391;10.0;2.0;6.0;24.999996423721313;500.0
28;octacosane;394.454;10.0;2.0;6.0;24.999998211860657;500.0
28;methane;16.031;6.277465105056763;2.218365803360939;6.0;18.3157080411911;430.9993028640747
28;decane;142.172;10.0;2.0;6.0;24.999976754188538;500.0
28;octadecane;254.297;10.0;2.0;6.0;24.99999463558197;500.0
28;heptadecane;240.282;10.0;2.0;6.0;24.99999463558197;500.0
28;n-undecane;156.188;10.0;2.0;6.0;24.999982118606567;500.0
28;octane;114.141;10.0;2.0;6.0;24.999942779541016;500.0
28;nonadecane;268.313;10.0;2.0;6.0;24.999996423721313;500.0
28;ethane;30.047;9.949168920516968;2.0000042952701733;6.0;23.90500247478485;499.9610900878906
28;pentane;72.094;9.999998927116394;2.0000000000000004;6.0;24.99907910823822;500.0
28;heptane;100.125;10.0;2.0;6.0;24.999892711639404;500.0
28;propane;44.063;9.999738216400146;2.000000000051438;6.0;24.945124685764313;500.0
28;tetradecane;198.235;10.0;2.0;6.0;24.999991059303284;500.0
28;n-butane;58.078;9.999990344047546;2.0000000000000724;6.0;24.993996322155;500.0
29;tridecane;184.219;10.0;2.0;6.0;24.99998927116394;500.0
29;hexadecane;226.266;10.0;2.0;6.0;24.999992847442627;500.0
29;pentadecane;212.25;10.0;2.0;6.0;24.999992847442627;500.0
29;dodecane;170.203;10.0;2.0;6.0;24.999985694885254;500.0
29;hexane;86.11;10.0;2.0;6.0;24.999724626541138;500.0
29;eicosane;282.329;10.0;2.0;6.0;24.999996423721313;500.0
29;nonane;128.157;10.0;2.0;6.0;24.99996244907379;500.0
29;heptacosane;380.438;10.0;2.0;6.0;24.999996423721313;500.0
29;tetracosane;338.391;10.0;2.0;6.0;24.999996423721313;500.0
29;octacosane;394.454;10.0;2.0;6.0;24.999998211860657;500.0
29;methane;16.031;6.447290241718292;2.2309546768665314;6.0;18.296310305595398;432.37011432647705
29;decane;142.172;10.0;2.0;6.0;24.999974966049194;500.0
29;octadecane;254.297;10.0;2.0;6.0;24.99999463558197;500.0
29;heptadecane;240.282;10.0;2.0;6.0;24.99999463558197;500.0
29;octane;114.141;10.0;2.0;6.0;24.999937415122986;500.0
29;ethane;30.047;9.955727458000183;2.0000037312654513;6.0;23.861875236034393;499.965238571167
29;nonadecane;268.313;10.0;2.0;6.0;24.99999463558197;500.0
29;n-undecane;156.188;10.0;2.0;6.0;24.999982118606567;500.0
29;pentane;72.094;9.999998927116394;2.0;6.0;24.999014735221863;500.0
29;heptane;100.125;10.0;2.0;6.0;24.999883770942688;500.0
29;propane;44.063;9.999775767326355;2.00000000003948;6.0;24.941567182540894;500.0
29;tetradecane;198.235;10.0;2.0;6.0;24.999991059303284;500.0
29;n-butane;58.078;9.999991416931152;2.000000000000052;6.0;24.993631541728973;500.0
30;tridecane;184.219;10.0;2.0;6.0;24.999985694885254;500.0
30;hexadecane;226.266;10.0;2.0;6.0;24.999991059303284;500.0
30;pentadecane;212.25;10.0;2.0;6.0;24.99998927116394;500.0
30;dodecane;170.203;10.0;2.0;6.0;24.999982118606567;500.0
30;eicosane;282.329;10.0;2.0;6.0;24.99999463558197;500.0
30;hexane;86.11;10.0;2.0;6.0;24.999667406082153;500.0
30;nonane;128.157;10.0;2.0;6.0;24.999953508377075;500.0
30;heptacosane;380.438;10.0;2.0;6.0;24.999996423721313;500.0
30;tetracosane;338.391;10.0;2.0;6.0;24.999996423721313;500.0
30;octacosane;394.454;10.0;2.0;6.0;24.999996423721313;500.0
30;methane;16.031;6.605252504348755;2.2448275089263916;6.0;18.279205858707428;433.55157375335693
30;decane;142.172;10.0;2.0;6.0;24.99996781349182;500.0
30;octadecane;254.297;10.0;2.0;6.0;24.999992847442627;500.0
30;heptadecane;240.282;10.0;2.0;6.0;24.999992847442627;500.0
30;n-undecane;156.188;10.0;2.0;6.0;24.999976754188538;500.0
30;ethane;30.047;9.964500427246094;2.0000033930527934;6.0;23.791319727897644;499.96981620788574
30;octane;114.141;10.0;2.0;6.0;24.99992311000824;500.0
30;nonadecane;268.313;10.0;2.0;6.0;24.99999463558197;500.0
30;pentane;72.094;10.0;2.0;6.0;24.998825192451477;500.0
30;propane;44.063;9.99984335899353;2.0000000000330354;6.0;24.93421971797943;500.0
30;heptane;100.125;10.0;2.0;6.0;24.999858736991882;500.0
30;tetradecane;198.235;10.0;2.0;6.0;24.999987483024597;500.0
30;n-butane;58.078;9.99999463558197;2.0000000000000413;6.0;24.992555975914;500.0
31;tridecane;184.219;10.0;2.0;6.0;24.99997854232788;500.0
31;hexadecane;226.266;10.0;2.0;6.0;24.999987483024597;500.0
31;pentadecane;212.25;10.0;2.0;6.0;24.999985694885254;500.0
31;dodecane;170.203;10.0;2.0;6.0;24.999974966049194;500.0
31;hexane;86.11;10.0;2.0;6.0;24.99953866004944;500.0
31;eicosane;282.329;10.0;2.0;6.0;24.999991059303284;500.0
31;nonane;128.157;10.0;2.0;6.0;24.9999338388443;500.0
31;heptacosane;380.438;10.0;2.0;6.0;24.99999463558197;500.0
31;tetracosane;338.391;10.0;2.0;6.0;24.99999463558197;500.0
31;octacosane;394.454;10.0;2.0;6.0;24.99999463558197;500.0
31;methane;16.031;6.736313819885254;2.258280873298645;6.0;18.26323688030243;434.5059394836426
31;decane;142.172;10.0;2.0;6.0;24.99995529651642;500.0
31;octadecane;254.297;10.0;2.0;6.0;24.99998927116394;500.0
31;heptadecane;240.282;10.0;2.0;6.0;24.99998927116394;500.0
31;octane;114.141;10.0;2.0;6.0;24.999892711639404;500.0
31;ethane;30.047;9.97360759973526;2.000003224298098;6.0;23.680784106254578;499.97453689575195
31;nonadecane;268.313;10.0;2.0;6.0;24.999991059303284;500.0
31;n-undecane;156.188;10.0;2.0;6.0;24.999966025352478;500.0
31;pentane;72.094;10.0;2.0;6.0;24.99842643737793;500.0
31;propane;44.063;9.99991524219513;2.000000000029776;6.0;24.92067813873291;500.0
31;heptane;100.125;10.0;2.0;6.0;24.99980330467224;500.0
31;tetradecane;198.235;10.0;2.0;6.0;24.999982118606567;500.0
31;n-butane;58.078;9.999997854232788;2.0000000000000364;6.0;24.990486204624176;500.0
