1;2,5-dimethylhexane;Float32[3.3506138, 2.5746708, -2.0938063, 1.0421365]
1;2-methylheptane;Float32[3.4320886, 2.4896147, -1.8181666, 0.98291653]
1;3-methyldecane;Float32[4.6621284, 3.3283722, -2.6440802, 1.472176]
1;hexadecane;Float32[7.752496, 3.5024986, -3.4868634, 1.136708]
1;3,3-dimethylhexane;Float32[3.227393, 2.8880558, -2.4927435, 1.3381585]
1;3-methyltridecane;Float32[6.4304967, 3.6253479, -3.343322, 1.4787807]
1;2-methylbutane;Float32[1.6845511, 1.8799689, -1.1644828, 0.65122944]
1;nonane;Float32[3.9523296, 2.454576, -2.144233, 0.9255049]
1;heptacosane;Float32[13.328181, 4.791099, -6.0007634, 1.2225138]
1;2,2-dimethylpropane;Float32[1.4514772, 2.0857286, -1.2575502, 0.5986575]
1;2,4,4-trimethylhexane;Float32[3.661251, 3.1836517, -2.8912625, 1.5053977]
1;octadecane;Float32[8.61073, 3.6599145, -4.1101165, 1.0997168]
1;heptadecane;Float32[8.25368, 3.6768534, -3.7167957, 1.2487907]
1;n-undecane;Float32[5.189313, 2.8483565, -2.5181777, 1.0425421]
1;nonadecane;Float32[9.188413, 3.7961109, -4.134734, 1.220741]
1;2,2,4,4,6,8,8-heptamethylnonane;Float32[6.752454, 4.295626, -4.15737, 1.7432901]
1;3-methyldodecane;Float32[5.573905, 3.4800541, -2.9986207, 1.4904914]
1;3,4-dimethylhexane;Float32[3.2815974, 2.713232, -2.1973722, 1.2502888]
1;3-methylheptane;Float32[3.4298942, 2.5592952, -1.8777252, 1.0242146]
1;n-butane;Float32[1.0253061, 1.3036501, -0.98413634, 0.3915146]
1;2,2,5,5-tetramethylhexane;Float32[3.9448142, 3.317866, -2.8278627, 1.4478915]
1;tridecane;Float32[6.05564, 2.9461577, -2.8815916, 1.0950878]
1;2,2,3-trimethylpentane;Float32[3.0649655, 2.9979973, -2.4788122, 1.439597]
1;decane;Float32[4.412293, 2.664068, -2.4005568, 1.0023301]
1;3-ethylpentane;Float32[2.4085414, 2.3262975, -1.9851081, 0.93192416]
1;2,3-dimethyldodecane;Float32[6.1711335, 3.766223, -3.2564445, 1.6138624]
1;3-methylundecane;Float32[5.0456038, 3.3366375, -2.8042066, 1.4679282]
1;2-methyldecane;Float32[5.0472097, 3.0570855, -2.6300414, 1.2127899]
1;3-methylpentane;Float32[2.2207434, 2.1342053, -1.691954, 0.7426159]
1;octane;Float32[3.3936458, 2.3327134, -1.7475604, 0.88861656]
1;2-methyldodecane;Float32[5.906706, 3.4590585, -2.9722426, 1.3102642]
1;2,6-dimethyloctane;Float32[4.39381, 3.004187, -2.6462758, 1.2736067]
1;2,2,3,4-tetramethylpentane;Float32[3.4610035, 3.2109885, -2.94535, 1.5838625]
1;3,3-diethylpentane;Float32[3.2896912, 3.067824, -2.7445655, 1.5609561]
1;2,3,4-trimethyl pentane;Float32[3.00571, 2.7912545, -2.3104146, 1.309559]
1;2-methylhexane;Float32[2.8664012, 2.3591177, -1.7832922, 0.8896015]
1;2,2,3-trimethylbutane;Float32[2.5819206, 2.7854195, -2.2076356, 1.2614828]
1;3-methyl-3-ethylpentane;Float32[3.0282118, 2.8818913, -2.4707656, 1.3916017]
1;pentadecane;Float32[7.3439884, 3.249807, -3.4719288, 1.1012856]
1;hexane;Float32[2.2912169, 1.9317293, -1.3880266, 0.61028606]
1;2-methyloctane;Float32[4.182004, 2.616324, -2.3083348, 1.0996052]
1;octacosane;Float32[13.780398, 4.9600143, -6.249468, 1.2567233]
1;2,2,4,4-tetramethylpentane;Float32[3.337065, 3.1554823, -2.747961, 1.4506937]
1;2-methyl-3-ethyl-pentane;Float32[3.2134664, 2.7145915, -2.2023115, 1.246306]
1;2-methylpentane;Float32[2.3403916, 2.0872192, -1.3318925, 0.7066791]
1;2,3,3,4-tetramethylpentane;Float32[3.4493804, 3.2073858, -3.0144255, 1.6839253]
1;2,3-dimethyldecane;Float32[5.241722, 3.4390757, -2.8287814, 1.5750607]
1;ethane;Float32[-0.0685547, 0.6295375, -0.51054096, 0.04498138]
1;2,3-dimethylpentane;Float32[2.6563625, 2.5244608, -1.8667076, 1.1475216]
1;2,3-dimethylundecane;Float32[5.65277, 3.6371243, -3.0919173, 1.6062824]
1;pentane;Float32[1.620232, 1.7209442, -1.0920095, 0.478316]
1;tetradecane;Float32[6.5702577, 3.1350846, -3.0619366, 1.2477579]
1;2-methylundecane;Float32[5.3759575, 3.3743246, -2.7993097, 1.3633575]
1;squalane;Float32[13.5646, 5.7738876, -6.813686, 1.5556802]
1;2,2-dimethylbutane;Float32[2.2103417, 2.378071, -1.6239351, 0.8832693]
1;2-methylpropane;Float32[1.0661134, 1.5956681, -0.79367334, 0.3674444]
1;2,3,3-trimethylpentane;Float32[3.0664866, 3.0514078, -2.575103, 1.5293375]
1;3-ethylhexane;Float32[3.3591337, 2.5253863, -2.1297996, 1.0947593]
1;2,2-dimethylhexane;Float32[3.3533976, 2.8156862, -2.3282578, 1.1653129]
1;2,2,4-trimethylpentane;Float32[3.082855, 2.929039, -2.1991982, 1.2605457]
1;2,4-dimethylhexane;Float32[3.298248, 2.6894732, -2.1320279, 1.1287351]
1;2,2,5-trimethylhexane;Float32[3.7980378, 2.9651875, -2.6851208, 1.2606131]
1;3-methylhexane;Float32[2.8272126, 2.4139414, -1.8540924, 0.9871922]
1;dodecane;Float32[5.609414, 2.8661509, -2.716357, 1.0322105]
1;eicosane;Float32[9.687066, 4.020186, -4.4386325, 1.1859276]
1;2,3-dimethylheptane;Float32[3.95888, 2.9321766, -2.246124, 1.3175737]
1;2,7-dimethyloctane;Float32[4.401173, 2.9467869, -2.5774386, 1.2080189]
1;4-methylheptane;Float32[3.4092994, 2.5188565, -2.0739365, 1.0406042]
1;tetracosane;Float32[11.991475, 4.4036365, -5.3358426, 1.219205]
1;methane;Float32[-0.4183707, 0.50302106, -0.44619933, -0.011900451]
1;3,3-dimethylpentane;Float32[2.6077223, 2.6921096, -2.0644104, 1.2303677]
1;2,2,3,3-tetramethylpentane;Float32[3.4187093, 3.287313, -3.0713565, 1.7682875]
1;2,2-dimethylpentane;Float32[2.7337265, 2.5723472, -2.0614526, 1.0529274]
1;2-methyltridecane;Float32[6.431785, 3.4277983, -3.2599478, 1.3987833]
1;2,3-dimethylbutane;Float32[2.0453172, 2.2497473, -1.4801508, 0.88495225]
1;2,3-dimethylhexane;Float32[3.1901805, 2.6894865, -2.1548326, 1.2282536]
1;2,3-dimethylnonane;Float32[4.451887, 3.4826698, -2.8110888, 1.5327448]
1;propane;Float32[0.5850855, 0.99413306, -0.5797798, 0.15595874]
1;heptane;Float32[2.8504188, 2.1386178, -1.58454, 0.7435103]
1;2,4-dimethylpentane;Float32[2.6763644, 2.4227133, -1.7419957, 0.9068258]
2;2,5-dimethylhexane;Float32[4.225462, 2.4779935, -2.0878193, 2.6102521]
2;2-methylheptane;Float32[4.247634, 2.3107247, -1.7288785, 2.5690882]
2;3-methyldecane;Float32[5.741461, 3.0832498, -2.2983544, 3.7103481]
2;hexadecane;Float32[8.640525, 2.7700753, -2.8672907, 4.050957]
2;3,3-dimethylhexane;Float32[4.2753806, 2.8731158, -2.509975, 3.0674229]
2;3-methyltridecane;Float32[7.6016793, 3.187837, -2.7690845, 4.3062057]
2;2-methylbutane;Float32[2.2415392, 1.8404957, -1.2158788, 1.596956]
2;nonane;Float32[4.6740246, 2.1481328, -1.9370786, 2.5971026]
2;heptacosane;Float32[14.297856, 3.3983102, -4.9551883, 5.8466816]
2;2,2-dimethylpropane;Float32[2.0559356, 2.0598674, -1.3154807, 1.5775756]
2;2,4,4-trimethylhexane;Float32[4.870746, 3.191925, -2.866365, 3.4843452]
2;octadecane;Float32[9.516413, 2.8067317, -3.414909, 4.3212805]
2;heptadecane;Float32[9.156168, 2.8857715, -3.061737, 4.315421]
2;n-undecane;Float32[5.995573, 2.4255397, -2.1707768, 3.0940657]
2;nonadecane;Float32[10.101185, 2.8841653, -3.4039636, 4.6011205]
2;2,2,4,4,6,8,8-heptamethylnonane;Float32[8.407475, 4.1113067, -3.553688, 5.1009026]
2;3-methyldodecane;Float32[6.725395, 3.1063719, -2.4954522, 4.122783]
2;3,4-dimethylhexane;Float32[4.2658076, 2.6965907, -2.1929789, 2.90676]
2;3-methylheptane;Float32[4.3039427, 2.447874, -1.8078027, 2.640557]
2;n-butane;Float32[1.3512373, 1.2017595, -1.0198067, 1.0550861]
2;2,2,5,5-tetramethylhexane;Float32[5.133843, 3.2579334, -2.6940062, 3.5550401]
2;tridecane;Float32[6.914807, 2.4043586, -2.410724, 3.510257]
2;2,2,3-trimethylpentane;Float32[4.171458, 3.0132406, -2.4923222, 3.216193]
2;decane;Float32[5.1835384, 2.3085191, -2.1322882, 2.8555179]
2;3-ethylpentane;Float32[3.1307454, 2.2430794, -1.9964466, 2.2449243]
2;2,3-dimethyldodecane;Float32[7.4827065, 3.4078708, -2.6798658, 4.5434275]
2;3-methylundecane;Float32[6.172121, 3.0335636, -2.3726196, 3.9097402]
2;2-methyldecane;Float32[6.0816183, 2.7667277, -2.284348, 3.418759]
2;3-methylpentane;Float32[2.8940818, 2.088843, -1.7239311, 1.9050046]
2;octane;Float32[4.0468597, 2.0683956, -1.6091214, 2.3617084]
2;2-methyldodecane;Float32[6.9983788, 3.0297942, -2.4690032, 3.9112499]
2;2,6-dimethyloctane;Float32[5.443931, 2.8059368, -2.4502084, 3.3379247]
2;2,2,3,4-tetramethylpentane;Float32[4.6506104, 3.242, -2.8888986, 3.543092]
2;3,3-diethylpentane;Float32[4.333284, 2.9703498, -2.6922376, 3.4127371]
2;2,3,4-trimethyl pentane;Float32[3.9982898, 2.8014517, -2.3296542, 2.947109]
2;2-methylhexane;Float32[3.6165855, 2.245399, -1.7704, 2.2666857]
2;2,2,3-trimethylbutane;Float32[3.562734, 2.813376, -2.2434046, 2.7949312]
2;3-methyl-3-ethylpentane;Float32[4.0288053, 2.82767, -2.4813359, 3.0763557]
2;pentadecane;Float32[8.2308445, 2.5838873, -2.8994813, 3.852264]
2;hexane;Float32[2.797846, 1.7611167, -1.3631358, 1.6751822]
2;2-methyloctane;Float32[5.0804195, 2.4020925, -2.1344914, 2.9011118]
2;octacosane;Float32[14.774275, 3.5149865, -5.1749477, 6.037936]
2;2,2,4,4-tetramethylpentane;Float32[4.470342, 3.1352258, -2.6349103, 3.3749955]
2;2-methyl-3-ethyl-pentane;Float32[4.175938, 2.6888127, -2.2004507, 2.8734212]
2;2-methylpentane;Float32[2.994933, 2.0120168, -1.3727081, 1.8637278]
2;2,3,3,4-tetramethylpentane;Float32[4.6644373, 3.2609816, -2.9662113, 3.667741]
2;2,3-dimethyldecane;Float32[6.515685, 3.2421765, -2.41752, 4.1016216]
2;ethane;Float32[0.049294613, 0.5663143, -0.51231164, 0.34684226]
2;2,3-dimethylpentane;Float32[3.5457556, 2.5463223, -1.8940015, 2.5913188]
2;2,3-dimethylundecane;Float32[6.9527225, 3.358388, -2.5913844, 4.3423877]
2;pentane;Float32[2.0410469, 1.5850364, -1.101036, 1.3439101]
2;tetradecane;Float32[7.4460387, 2.5319614, -2.5387068, 3.8320272]
2;2-methylundecane;Float32[6.4424543, 3.0116625, -2.3733258, 3.7670517]
2;squalane;Float32[14.681238, 4.028314, -5.3511186, 7.3344183]
2;2,2-dimethylbutane;Float32[3.0015874, 2.3783941, -1.6926221, 2.1358438]
2;2-methylpropane;Float32[1.4514041, 1.5301589, -0.84405756, 1.0670303]
2;2,3,3-trimethylpentane;Float32[4.2055936, 3.086216, -2.5941086, 3.330496]
2;3-ethylhexane;Float32[4.215407, 2.4325972, -2.1081207, 2.660963]
2;2,2-dimethylhexane;Float32[4.3385305, 2.7556286, -2.316841, 2.8468337]
2;2,2,4-trimethylpentane;Float32[4.12141, 2.9217343, -2.2038608, 2.9582665]
2;2,4-dimethylhexane;Float32[4.255223, 2.66772, -2.1307685, 2.7518587]
2;2,2,5-trimethylhexane;Float32[4.9225097, 2.922092, -2.6509597, 3.1671855]
2;3-methylhexane;Float32[3.6164994, 2.3523746, -1.864856, 2.3791]
2;dodecane;Float32[6.4428673, 2.3802574, -2.3062963, 3.2661333]
2;eicosane;Float32[10.603548, 3.046228, -3.6671996, 4.7215557]
2;2,3-dimethylheptane;Float32[5.027438, 2.8622222, -2.130864, 3.2097065]
2;2,7-dimethyloctane;Float32[5.403996, 2.7333565, -2.3975666, 3.1981463]
2;4-methylheptane;Float32[4.247552, 2.3807425, -2.0337458, 2.6249783]
2;tetracosane;Float32[12.930014, 3.1856275, -4.4017577, 5.3764124]
2;methane;Float32[-0.36735547, 0.47357285, -0.4449898, 0.13415101]
2;3,3-dimethylpentane;Float32[3.5473754, 2.6916928, -2.1143663, 2.737107]
2;2,2,3,3-tetramethylpentane;Float32[4.695964, 3.3638415, -2.9679363, 3.8306797]
2;2,2-dimethylpentane;Float32[3.6257837, 2.5469508, -2.111338, 2.5205166]
2;2-methyltridecane;Float32[7.5498643, 2.9476175, -2.6978924, 4.1780424]
2;2,3-dimethylbutane;Float32[2.7676733, 2.2497172, -1.5255264, 2.0674832]
2;2,3-dimethylhexane;Float32[4.191933, 2.6885405, -2.1333323, 2.8987777]
2;2,3-dimethylnonane;Float32[5.660177, 3.3224034, -2.5007606, 3.8516972]
2;propane;Float32[0.8119491, 0.9099959, -0.601808, 0.6427228]
2;heptane;Float32[3.4329753, 1.9173557, -1.5012681, 2.0151892]
2;2,4-dimethylpentane;Float32[3.4677627, 2.373817, -1.775653, 2.2646406]
3;2,5-dimethylhexane;Float32[5.546193, 2.6488204, -0.91424084, 4.053728]
3;2-methylheptane;Float32[5.511492, 2.376562, -0.5488008, 4.029327]
3;3-methyldecane;Float32[7.417141, 3.1168733, -0.5338212, 5.7531962]
3;hexadecane;Float32[10.340999, 2.4077942, -0.5573424, 6.7097764]
3;3,3-dimethylhexane;Float32[5.797223, 3.1621675, -1.158897, 4.653768]
3;3-methyltridecane;Float32[9.511872, 3.0759034, -0.49614656, 6.8817534]
3;2-methylbutane;Float32[3.0662134, 1.9581369, -0.57330644, 2.482295]
3;nonane;Float32[5.8701515, 2.0679433, -0.67105496, 4.130667]
3;heptacosane;Float32[16.620125, 2.622689, -1.2945904, 10.054143]
3;2,2-dimethylpropane;Float32[2.94053, 2.2182226, -0.59780836, 2.4921687]
3;2,4,4-trimethylhexane;Float32[6.618176, 3.5418334, -1.2782344, 5.291949]
3;octadecane;Float32[11.326389, 2.3663116, -0.8636483, 7.2608485]
3;heptadecane;Float32[10.916415, 2.4854605, -0.6326531, 7.1134663]
3;n-undecane;Float32[7.375827, 2.271151, -0.5754858, 4.969477]
3;nonadecane;Float32[11.971232, 2.4084554, -0.72941816, 7.6859527]
3;2,2,4,4,6,8,8-heptamethylnonane;Float32[10.857957, 4.1259995, -0.6861671, 8.136115]
3;3-methyldodecane;Float32[8.5691595, 3.0409546, -0.38918817, 6.521111]
3;3,4-dimethylhexane;Float32[5.698783, 2.950912, -0.9298892, 4.4292135]
3;3-methylheptane;Float32[5.6224966, 2.5762467, -0.5972172, 4.1281853]
3;n-butane;Float32[1.880632, 1.202624, -0.5890244, 1.6777139]
3;2,2,5,5-tetramethylhexane;Float32[6.9048147, 3.5347934, -0.9573325, 5.470984]
3;tridecane;Float32[8.442271, 2.1677544, -0.51012313, 5.714394]
3;2,2,3-trimethylpentane;Float32[5.769907, 3.357296, -1.0706306, 4.8436465]
3;decane;Float32[6.4780693, 2.1996272, -0.70944846, 4.552633]
3;3-ethylpentane;Float32[4.223211, 2.370209, -1.0513567, 3.4614468]
3;2,3-dimethyldodecane;Float32[9.553751, 3.4014826, -0.29615915, 7.2084136]
3;3-methylundecane;Float32[7.9426775, 3.0213516, -0.42927253, 6.135919]
3;2-methyldecane;Float32[7.710928, 2.756359, -0.5594882, 5.432695]
3;3-methylpentane;Float32[3.8910463, 2.2278938, -0.90035915, 2.9872491]
3;octane;Float32[5.1248126, 2.0127618, -0.5149349, 3.7178566]
3;2-methyldodecane;Float32[8.782311, 2.9161124, -0.401626, 6.2815704]
3;2,6-dimethyloctane;Float32[7.0699053, 2.9227982, -0.8249599, 5.2265306]
3;2,2,3,4-tetramethylpentane;Float32[6.3767476, 3.605449, -1.2779421, 5.3289933]
3;3,3-diethylpentane;Float32[5.90025, 3.1987326, -1.216557, 5.104385]
3;2,3,4-trimethyl pentane;Float32[5.4410057, 3.0946014, -1.0616038, 4.4517174]
3;2-methylhexane;Float32[4.7548766, 2.3523393, -0.77551615, 3.5396085]
3;2,2,3-trimethylbutane;Float32[4.9693384, 3.1363752, -1.0200788, 4.2059493]
3;3-methyl-3-ethylpentane;Float32[5.5030794, 3.0838513, -1.1584051, 4.622707]
3;pentadecane;Float32[9.88107, 2.262011, -0.7235302, 6.3621006]
3;hexane;Float32[3.6198447, 1.7494512, -0.6166096, 2.6646914]
3;2-methyloctane;Float32[6.4802923, 2.4506881, -0.7641479, 4.553152]
3;octacosane;Float32[17.171778, 2.7126262, -1.3889002, 10.386015]
3;2,2,4,4-tetramethylpentane;Float32[6.124362, 3.4090724, -1.0456887, 5.127008]
3;2-methyl-3-ethyl-pentane;Float32[5.5825663, 2.9345055, -0.96145535, 4.368888]
3;2-methylpentane;Float32[3.9770374, 2.1280036, -0.5669596, 2.9402292]
3;2,3,3,4-tetramethylpentane;Float32[6.422355, 3.6536846, -1.3299626, 5.472829]
3;2,3-dimethyldecane;Float32[8.449225, 3.3564527, -0.38136637, 6.4012585]
3;ethane;Float32[0.2607928, 0.54526645, -0.31638795, 0.6284988]
3;2,3-dimethylpentane;Float32[4.8210397, 2.8059323, -0.81349456, 3.9236937]
3;2,3-dimethylundecane;Float32[8.963125, 3.4109683, -0.3737291, 6.831782]
3;pentane;Float32[2.7220411, 1.5813143, -0.51330435, 2.1525705]
3;tetradecane;Float32[9.037699, 2.2545972, -0.4991697, 6.1900587]
3;2-methylundecane;Float32[8.154086, 2.9481323, -0.47704828, 5.959496]
3;squalane;Float32[17.50172, 3.1782331, -0.5547365, 12.618384]
3;2,2-dimethylbutane;Float32[4.1385837, 2.6124072, -0.755028, 3.2988634]
3;2-methylpropane;Float32[2.0450091, 1.587549, -0.40082008, 1.7238288]
3;2,3,3-trimethylpentane;Float32[5.8380756, 3.4532743, -1.1475099, 4.9785967]
3;3-ethylhexane;Float32[5.5061817, 2.5814414, -0.95107305, 4.1031175]
3;2,2-dimethylhexane;Float32[5.7905407, 2.986997, -1.0130025, 4.3918943]
3;2,2,4-trimethylpentane;Float32[5.625538, 3.2108278, -0.8627628, 4.516827]
3;2,4-dimethylhexane;Float32[5.6541014, 2.905013, -0.9040445, 4.2470818]
3;2,2,5-trimethylhexane;Float32[6.5798974, 3.2172189, -1.135237, 4.9110775]
3;3-methylhexane;Float32[4.7887373, 2.5046277, -0.857581, 3.6667697]
3;dodecane;Float32[7.898376, 2.1829522, -0.55677783, 5.3063416]
3;eicosane;Float32[12.526956, 2.5311575, -0.86989343, 7.9477477]
3;2,3-dimethylheptane;Float32[6.608656, 3.081159, -0.6565896, 4.9421034]
3;2,7-dimethyloctane;Float32[6.971328, 2.8262076, -0.8504859, 5.0198045]
3;4-methylheptane;Float32[5.530494, 2.4893315, -0.85860324, 4.083969]
3;tetracosane;Float32[15.072327, 2.5161798, -1.1095074, 9.164692]
3;methane;Float32[-0.2696828, 0.46272486, -0.34721416, 0.26959628]
3;3,3-dimethylpentane;Float32[4.90048, 2.9687366, -0.94979846, 4.12552]
3;2,2,3,3-tetramethylpentane;Float32[6.5240455, 3.7679234, -1.2310971, 5.6984906]
3;2,2-dimethylpentane;Float32[4.9249115, 2.7873032, -0.9935032, 3.874772]
3;2-methyltridecane;Float32[9.403491, 2.7948585, -0.4824189, 6.710141]
3;2,3-dimethylbutane;Float32[3.816209, 2.4554381, -0.6653094, 3.1659136]
3;2,3-dimethylhexane;Float32[5.641139, 2.9509153, -0.8615571, 4.4332137]
3;2,3-dimethylnonane;Float32[7.483204, 3.4700131, -0.6529151, 5.966191]
3;propane;Float32[1.1885056, 0.9021619, -0.29390925, 1.0995234]
3;heptane;Float32[4.3871846, 1.8809323, -0.5781988, 3.1917582]
3;2,4-dimethylpentane;Float32[4.6403885, 2.5537472, -0.7765068, 3.5241747]
4;2,5-dimethylhexane;Float32[7.0839214, 3.0172598, -0.8051411, 4.84658]
4;2-methylheptane;Float32[7.018356, 2.682565, -0.3379735, 4.7712016]
4;3-methyldecane;Float32[9.35346, 3.3852804, -0.015213635, 6.728273]
4;hexadecane;Float32[12.499739, 2.5589323, 0.25426134, 8.080125]
4;3,3-dimethylhexane;Float32[7.6169987, 3.767422, -0.8782629, 5.3330417]
4;3-methyltridecane;Float32[11.710702, 3.2390833, 0.31592306, 8.118919]
4;2-methylbutane;Float32[4.046313, 2.2011569, -0.5378679, 2.9858518]
4;nonane;Float32[7.3399525, 2.29612, -0.37140623, 4.9045715]
4;heptacosane;Float32[19.819866, 2.7367578, 0.028052662, 12.298565]
4;2,2-dimethylpropane;Float32[3.9962735, 2.5732572, -0.42587605, 2.8742456]
4;2,4,4-trimethylhexane;Float32[8.68044, 4.231453, -0.8532305, 5.991452]
4;octadecane;Float32[13.667219, 2.5067878, 0.04528937, 8.795558]
4;heptadecane;Float32[13.169539, 2.6335218, 0.2261537, 8.563543]
4;n-undecane;Float32[9.070101, 2.480179, -0.11616554, 5.9102154]
4;nonadecane;Float32[14.409625, 2.5469158, 0.22806057, 9.305899]
4;2,2,4,4,6,8,8-heptamethylnonane;Float32[13.563883, 4.5335665, 0.5477985, 9.24133]
4;3-methyldodecane;Float32[10.681119, 3.2315156, 0.32604155, 7.6600285]
4;3,4-dimethylhexane;Float32[7.3954945, 3.3461254, -0.92868125, 5.336444]
4;3-methylheptane;Float32[7.1709895, 2.8946784, -0.41497293, 4.905907]
4;n-butane;Float32[2.5508692, 1.3522993, -0.5599711, 2.0257208]
4;2,2,5,5-tetramethylhexane;Float32[9.008321, 4.201274, -0.40780035, 6.186416]
4;tridecane;Float32[10.3291025, 2.3477497, 0.11165414, 6.822881]
4;2,2,3-trimethylpentane;Float32[7.631936, 3.966739, -0.72063136, 5.502893]
4;decane;Float32[8.063225, 2.4207304, -0.3523766, 5.419318]
4;3-ethylpentane;Float32[5.553077, 2.7047734, -0.9920888, 4.1440716]
4;2,3-dimethyldodecane;Float32[11.921342, 3.6473324, 0.5227808, 8.449194]
4;3-methylundecane;Float32[9.971712, 3.247598, 0.19694003, 7.1942396]
4;2-methyldecane;Float32[9.616276, 3.0252507, -0.024298575, 6.3734617]
4;3-methylpentane;Float32[5.076272, 2.512708, -0.8587296, 3.6028945]
4;octane;Float32[6.460882, 2.242339, -0.2956256, 4.4118996]
4;2-methyldodecane;Float32[10.853015, 3.109356, 0.3283542, 7.3941765]
4;2,6-dimethyloctane;Float32[9.016533, 3.3393576, -0.44625536, 6.116405]
4;2,2,3,4-tetramethylpentane;Float32[8.419026, 4.2870727, -0.79227364, 5.9958153]
4;3,3-diethylpentane;Float32[7.7846713, 3.7938478, -0.8711976, 5.8174696]
4;2,3,4-trimethyl pentane;Float32[7.1040716, 3.5593421, -0.86949396, 5.1948876]
4;2-methylhexane;Float32[6.1046557, 2.6610806, -0.62776196, 4.1967144]
4;2,2,3-trimethylbutane;Float32[6.6135287, 3.7047396, -0.7058432, 4.767169]
4;3-methyl-3-ethylpentane;Float32[7.2807927, 3.6797092, -0.8884207, 5.280517]
4;pentadecane;Float32[11.958158, 2.4249208, 0.023087833, 7.647444]
4;hexane;Float32[4.6516056, 1.9604709, -0.53271544, 3.190424]
4;2-methyloctane;Float32[8.150755, 2.769289, -0.44602647, 5.361459]
4;octacosane;Float32[20.487993, 2.848271, -0.007879879, 12.682198]
4;2,2,4,4-tetramethylpentane;Float32[8.06598, 4.024171, -0.5518776, 5.767962]
4;2-methyl-3-ethyl-pentane;Float32[7.2543926, 3.3688428, -0.8884419, 5.21358]
4;2-methylpentane;Float32[5.1369123, 2.3998425, -0.48776987, 3.5333195]
4;2,3,3,4-tetramethylpentane;Float32[8.4687805, 4.34138, -0.7960905, 6.1476474]
4;2,3-dimethyldecane;Float32[10.673689, 3.7036269, 0.22972235, 7.4593067]
4;ethane;Float32[0.54335076, 0.59626174, -0.30422017, 0.7908151]
4;2,3-dimethylpentane;Float32[6.3011985, 3.1802392, -0.77415335, 4.6802483]
4;2,3-dimethylundecane;Float32[11.264063, 3.7015784, 0.35156807, 7.9787264]
4;pentane;Float32[3.5860596, 1.7791187, -0.44882002, 2.577294]
4;tetradecane;Float32[11.020894, 2.4265597, 0.18686995, 7.3881288]
4;2-methylundecane;Float32[10.1386795, 3.172262, 0.15438613, 6.987178]
4;squalane;Float32[21.311478, 3.3140657, 1.6199144, 15.294219]
4;2,2-dimethylbutane;Float32[5.481923, 3.0733125, -0.5660025, 3.8005178]
4;2-methylpropane;Float32[2.7662115, 1.7625388, -0.37174633, 2.09222]
4;2,3,3-trimethylpentane;Float32[7.764035, 4.1240997, -0.76942, 5.6196494]
4;3-ethylhexane;Float32[7.056256, 2.9435728, -0.8259212, 4.8967824]
4;2,2-dimethylhexane;Float32[7.526528, 3.5468013, -0.69604003, 5.013422]
4;2,2,4-trimethylpentane;Float32[7.40551, 3.7981126, -0.53888214, 5.149925]
4;2,4-dimethylhexane;Float32[7.282836, 3.3174226, -0.78823507, 5.061385]
4;2,2,5-trimethylhexane;Float32[8.498193, 3.808743, -0.710724, 5.5966673]
4;3-methylhexane;Float32[6.1568055, 2.7970512, -0.78097653, 4.3898616]
4;dodecane;Float32[9.689574, 2.3766525, -0.013422158, 6.3282843]
4;eicosane;Float32[15.056666, 2.6636326, 0.13881716, 9.649682]
4;2,3-dimethylheptane;Float32[8.444705, 3.4996393, -0.39740124, 5.801655]
4;2,7-dimethyloctane;Float32[8.836801, 3.214492, -0.5005106, 5.9099226]
4;4-methylheptane;Float32[7.046969, 2.79725, -0.7119483, 4.8643036]
4;tetracosane;Float32[17.975897, 2.633751, 0.09953294, 11.178476]
4;methane;Float32[-0.13148047, 0.4899562, -0.34000295, 0.34549206]
4;3,3-dimethylpentane;Float32[6.5129066, 3.530744, -0.7254679, 4.7114744]
4;2,2,3,3-tetramethylpentane;Float32[8.692151, 4.5711565, -0.5870913, 6.2853966]
4;2,2-dimethylpentane;Float32[6.4725795, 3.310035, -0.75707877, 4.4486203]
4;2-methyltridecane;Float32[11.568634, 2.9699905, 0.3228267, 7.915969]
4;2,3-dimethylbutane;Float32[5.036323, 2.780894, -0.6104685, 3.785377]
4;2,3-dimethylhexane;Float32[7.3109865, 3.352328, -0.7487818, 5.277767]
4;2,3-dimethylnonane;Float32[9.628759, 3.8836596, -0.15875593, 6.9501123]
4;propane;Float32[1.6735139, 1.0104, -0.27778617, 1.3546307]
4;heptane;Float32[5.5802155, 2.1064856, -0.4133351, 3.7960641]
4;2,4-dimethylpentane;Float32[6.015055, 2.9047995, -0.6851376, 4.2215576]
5;2,5-dimethylhexane;Float32[8.449016, 3.5319164, -0.56261533, 5.153193]
5;2-methylheptane;Float32[8.331422, 3.1253297, -0.009665675, 5.012279]
5;3-methyldecane;Float32[10.90121, 3.7336795, 0.65895444, 7.0106697]
5;hexadecane;Float32[14.190839, 2.7888193, 1.2890737, 8.652141]
5;3,3-dimethylhexane;Float32[9.216982, 4.4825187, -0.47460586, 5.5206714]
5;3-methyltridecane;Float32[13.347799, 3.43205, 1.3256557, 8.504408]
5;2-methylbutane;Float32[4.928673, 2.551569, -0.43971997, 3.1978922]
5;nonane;Float32[8.604975, 2.6547296, 0.050375752, 5.1543307]
5;heptacosane;Float32[22.385443, 3.006765, 1.5642412, 13.469494]
5;2,2-dimethylpropane;Float32[4.9415526, 3.0119133, -0.18235761, 2.9638758]
5;2,4,4-trimethylhexane;Float32[10.4948845, 5.070128, -0.31112903, 6.1058893]
5;octadecane;Float32[15.511624, 2.7392826, 1.199219, 9.481824]
5;heptadecane;Float32[14.939134, 2.868511, 1.3214738, 9.189708]
5;n-undecane;Float32[10.443978, 2.7781284, 0.498524, 6.2420926]
5;nonadecane;Float32[16.328884, 2.7811491, 1.4505503, 10.046899]
5;2,2,4,4,6,8,8-heptamethylnonane;Float32[15.620243, 5.026239, 1.9839876, 9.060384]
5;3-methyldodecane;Float32[12.279135, 3.469463, 1.2199588, 7.998709]
5;3,4-dimethylhexane;Float32[8.874826, 3.9054296, -0.83575505, 5.7501197]
5;3-methylheptane;Float32[8.500127, 3.3298514, -0.11138601, 5.1706595]
5;n-butane;Float32[3.1566167, 1.5741072, -0.47850418, 2.171149]
5;2,2,5,5-tetramethylhexane;Float32[10.822925, 4.979142, 0.28589302, 6.2115645]
5;tridecane;Float32[11.821032, 2.6084278, 0.9152835, 7.246383]
5;2,2,3-trimethylpentane;Float32[9.297201, 4.7404456, -0.2691788, 5.650392]
5;decane;Float32[9.38091, 2.747175, 0.14373428, 5.7203827]
5;3-ethylpentane;Float32[6.733557, 3.155099, -0.8435616, 4.4404006]
5;2,3-dimethyldodecane;Float32[13.718436, 3.9631927, 1.5318458, 8.713778]
5;3-methylundecane;Float32[11.532828, 3.5272906, 0.99688965, 7.4999733]
5;2-methyldecane;Float32[11.165778, 3.3995593, 0.6691101, 6.623932]
5;3-methylpentane;Float32[6.1203866, 2.903015, -0.7387635, 3.871409]
5;octane;Float32[7.6418242, 2.6121964, 0.03194528, 4.6497283]
5;2-methyldodecane;Float32[12.456991, 3.3811028, 1.2359228, 7.719019]
5;2,6-dimethyloctane;Float32[10.65325, 3.870734, 0.06555825, 6.3379807]
5;2,2,3,4-tetramethylpentane;Float32[10.250377, 5.1667743, -0.20548385, 6.0297303]
5;3,3-diethylpentane;Float32[9.443168, 4.5195436, -0.39309853, 5.98614]
5;2,3,4-trimethyl pentane;Float32[8.575377, 4.177699, -0.5725028, 5.456639]
5;2-methylhexane;Float32[7.314898, 3.1171553, -0.37453407, 4.417128]
5;2,2,3-trimethylbutane;Float32[8.077024, 4.409542, -0.30508584, 4.873688]
5;3-methyl-3-ethylpentane;Float32[8.849643, 4.3986936, -0.50458544, 5.460607]
5;pentadecane;Float32[13.598239, 2.6720927, 0.97159415, 8.177998]
5;hexane;Float32[5.5893936, 2.298175, -0.3593313, 3.3786566]
5;2-methyloctane;Float32[9.621906, 3.2586257, -0.0038358644, 5.5788445]
5;octacosane;Float32[23.155008, 3.145029, 1.5830076, 13.882767]
5;2,2,4,4-tetramethylpentane;Float32[9.754763, 4.760816, 0.06615692, 5.7990975]
5;2-methyl-3-ethyl-pentane;Float32[8.719808, 3.9411342, -0.71539706, 5.5741887]
5;2-methylpentane;Float32[6.1741595, 2.7941039, -0.32971817, 3.778322]
5;2,3,3,4-tetramethylpentane;Float32[10.278488, 5.187818, -0.17578596, 6.2223425]
5;2,3-dimethyldecane;Float32[12.459265, 4.1686625, 1.0047965, 7.6970553]
5;ethane;Float32[0.7951147, 0.6768657, -0.26790845, 0.8638463]
5;2,3-dimethylpentane;Float32[7.606298, 3.6965625, -0.6448607, 5.0104957]
5;2,3-dimethylundecane;Float32[13.049866, 4.0808163, 1.2571101, 8.208962]
5;pentane;Float32[4.366534, 2.0698159, -0.31118613, 2.7352521]
5;tetradecane;Float32[12.586892, 2.681871, 1.0644472, 7.8687096]
5;2-methylundecane;Float32[11.706716, 3.4881387, 0.95673615, 7.260727]
5;squalane;Float32[24.285929, 3.5633063, 4.1902447, 16.546888]
5;2,2-dimethylbutane;Float32[6.687631, 3.641792, -0.28623718, 3.941768]
5;2-methylpropane;Float32[3.4271767, 2.0296745, -0.29123414, 2.240397]
5;2,3,3-trimethylpentane;Float32[9.4816, 4.9567523, -0.2900352, 5.727612]
5;3-ethylhexane;Float32[8.420891, 3.4316046, -0.59385103, 5.217009]
5;2,2-dimethylhexane;Float32[9.0818815, 4.250555, -0.24540538, 5.1237736]
5;2,2,4-trimethylpentane;Float32[8.964077, 4.5070133, -0.11416382, 5.2861924]
5;2,4-dimethylhexane;Float32[8.695141, 3.8449748, -0.55431205, 5.389503]
5;2,2,5-trimethylhexane;Float32[10.214652, 4.571605, -0.15288538, 5.683582]
5;3-methylhexane;Float32[7.357707, 3.2164006, -0.59961337, 4.690226]
5;dodecane;Float32[11.119488, 2.652301, 0.69726044, 6.707125]
5;eicosane;Float32[17.049652, 2.896407, 1.4265263, 10.444726]
5;2,3-dimethylheptane;Float32[10.0221, 4.067451, -0.008443065, 6.0455604]
5;2,7-dimethyloctane;Float32[10.438564, 3.7526634, -0.024435945, 6.1649003]
5;4-methylheptane;Float32[8.391263, 3.2624958, -0.4543659, 5.16558]
5;tetracosane;Float32[20.287077, 2.88251, 1.6179073, 12.178626]
5;methane;Float32[-0.006747529, 0.5314521, -0.32089207, 0.37554812]
5;3,3-dimethylpentane;Float32[7.936625, 4.194519, -0.3958406, 4.8846145]
5;2,2,3,3-tetramethylpentane;Float32[10.619326, 5.517403, 0.18072873, 6.231775]
5;2,2-dimethylpentane;Float32[7.849997, 3.9407141, -0.40756005, 4.59793]
5;2-methyltridecane;Float32[13.227686, 3.2173386, 1.3264582, 8.273944]
5;2,3-dimethylbutane;Float32[6.137433, 3.2427719, -0.47344357, 4.0421376]
5;2,3-dimethylhexane;Float32[8.770155, 3.9094012, -0.52433544, 5.6148157]
5;2,3-dimethylnonane;Float32[11.438797, 4.461746, 0.48096973, 7.1555037]
5;propane;Float32[2.1122959, 1.1710688, -0.22321379, 1.4640315]
5;heptane;Float32[6.653327, 2.465749, -0.15364856, 3.9932432]
5;2,4-dimethylpentane;Float32[7.2181044, 3.3640072, -0.49883288, 4.5136743]
6;2,5-dimethylhexane;Float32[8.245222, 2.8842986, 0.14315078, 4.746795]
6;2-methylheptane;Float32[8.095479, 2.367088, 0.60851383, 4.7026777]
6;3-methyldecane;Float32[10.40475, 2.5354702, 1.7169666, 6.6221833]
6;hexadecane;Float32[13.327396, 1.0721161, 2.7603886, 8.148774]
6;3,3-dimethylhexane;Float32[9.05153, 3.783347, 0.38004848, 5.049787]
6;3-methyltridecane;Float32[12.542324, 1.7920537, 2.7841837, 8.035921]
6;2-methylbutane;Float32[4.794464, 2.1394763, -0.045150425, 2.9643192]
6;nonane;Float32[8.296397, 1.7869133, 0.723793, 4.882746]
6;heptacosane;Float32[20.921625, 0.23290601, 4.056171, 12.543829]
6;2,2-dimethylpropane;Float32[4.806409, 2.5946941, 0.34247383, 2.6283803]
6;2,4,4-trimethylhexane;Float32[10.299163, 4.3022757, 0.7575295, 5.4731307]
6;octadecane;Float32[14.527843, 0.8252632, 2.8598912, 8.899433]
6;heptadecane;Float32[14.018527, 1.0563079, 2.8854706, 8.645395]
6;n-undecane;Float32[9.953327, 1.6419537, 1.4231505, 5.9314303]
6;nonadecane;Float32[15.284561, 0.76703817, 3.2088816, 9.416829]
6;2,2,4,4,6,8,8-heptamethylnonane;Float32[14.661478, 3.1380596, 4.060152, 7.838511]
6;3-methyldodecane;Float32[11.5706, 1.9702252, 2.5380826, 7.582068]
6;3,4-dimethylhexane;Float32[8.64381, 3.204097, -0.15405539, 5.3277154]
6;3-methylheptane;Float32[8.27397, 2.5757928, 0.51412296, 4.8576694]
6;n-butane;Float32[3.0669873, 1.2579724, -0.25425354, 2.0535]
6;2,2,5,5-tetramethylhexane;Float32[10.48641, 4.00854, 1.4708736, 5.5897093]
6;tridecane;Float32[11.168366, 1.2253492, 2.0755491, 6.875349]
6;2,2,3-trimethylpentane;Float32[9.081088, 4.0342927, 0.7347386, 5.000501]
6;decane;Float32[8.979405, 1.7451612, 0.93100953, 5.43232]
6;3-ethylpentane;Float32[6.5208197, 2.5630438, -0.2876518, 4.099961]
6;2,3-dimethyldodecane;Float32[12.907777, 2.2983177, 3.0586975, 8.075563]
6;3-methylundecane;Float32[10.921778, 2.1698751, 2.2016742, 7.0959344]
6;2-methyldecane;Float32[10.677718, 2.2171252, 1.7209868, 6.2353883]
6;3-methylpentane;Float32[5.945772, 2.3883698, -0.26644138, 3.5965388]
6;octane;Float32[7.4129467, 1.8770624, 0.57919693, 4.421196]
6;2-methyldodecane;Float32[11.757926, 1.8997259, 2.542273, 7.30862]
6;2,6-dimethyloctane;Float32[10.287257, 2.8723123, 1.0202065, 5.8474717]
6;2,2,3,4-tetramethylpentane;Float32[10.034696, 4.4121585, 0.9490857, 5.2616687]
6;3,3-diethylpentane;Float32[9.206469, 3.7475455, 0.6117654, 5.3789663]
6;2,3,4-trimethyl pentane;Float32[8.394075, 3.5765781, 0.2763655, 4.892335]
6;2-methylhexane;Float32[7.1460733, 2.5020769, 0.16749594, 4.1308055]
6;2,2,3-trimethylbutane;Float32[7.895219, 3.8123705, 0.5807965, 4.2921076]
6;3-methyl-3-ethylpentane;Float32[8.647814, 3.7134416, 0.37060758, 4.9100904]
6;pentadecane;Float32[12.8153925, 1.0714973, 2.333384, 7.728455]
6;hexane;Float32[5.482568, 1.7845842, -0.04729202, 3.2283542]
6;2-methyloctane;Float32[9.347341, 2.3927386, 0.75405955, 5.2197146]
6;octacosane;Float32[21.648554, 0.28009692, 4.1762023, 12.917782]
6;2,2,4,4-tetramethylpentane;Float32[9.446755, 3.8818746, 1.179996, 5.1519637]
6;2-methyl-3-ethyl-pentane;Float32[8.413867, 3.2064474, 0.03147671, 5.083366]
6;2-methylpentane;Float32[6.0096607, 2.2806177, 0.13860056, 3.5126624]
6;2,3,3,4-tetramethylpentane;Float32[10.029418, 4.384379, 1.0300958, 5.491067]
6;2,3-dimethyldecane;Float32[11.895896, 2.8397703, 2.2530181, 7.1653767]
6;ethane;Float32[0.7323802, 0.5247265, -0.15013805, 0.8015354]
6;2,3-dimethylpentane;Float32[7.395247, 3.1036105, -0.0030191215, 4.5985103]
6;2,3-dimethylundecane;Float32[12.355483, 2.5729527, 2.6579232, 7.599276]
6;pentane;Float32[4.247438, 1.6451453, -0.031556156, 2.5888743]
6;tetradecane;Float32[11.86997, 1.1911745, 2.3210123, 7.469717]
6;2-methylundecane;Float32[11.109159, 2.1525624, 2.140165, 6.849426]
6;squalane;Float32[22.333553, 0.042200007, 7.751114, 14.657919]
6;2,2-dimethylbutane;Float32[6.538151, 3.1300342, 0.35935697, 3.5413463]
6;2-methylpropane;Float32[3.3119376, 1.714841, 0.0038189618, 2.054063]
6;2,3,3-trimethylpentane;Float32[9.282679, 4.2529435, 0.7425854, 5.0511203]
6;3-ethylhexane;Float32[8.235401, 2.7618484, 0.041010354, 4.8531046]
6;2,2-dimethylhexane;Float32[8.911251, 3.5547168, 0.55798244, 4.6591225]
6;2,2,4-trimethylpentane;Float32[8.733268, 3.8025887, 0.8017049, 4.7274833]
6;2,4-dimethylhexane;Float32[8.499542, 3.1886685, 0.1726999, 4.9602156]
6;2,2,5-trimethylhexane;Float32[9.9816885, 3.7802305, 0.8663013, 5.1314754]
6;3-methylhexane;Float32[7.201217, 2.6260295, -0.06647733, 4.3969617]
6;dodecane;Float32[10.543895, 1.3882276, 1.7427413, 6.370468]
6;eicosane;Float32[15.946742, 0.7830834, 3.2813137, 9.770211]
6;2,3-dimethylheptane;Float32[9.733926, 3.207798, 0.8212018, 5.563024]
6;2,7-dimethyloctane;Float32[10.1002445, 2.8048034, 0.88838696, 5.6809936]
6;4-methylheptane;Float32[8.190914, 2.5691438, 0.13007328, 4.86289]
6;tetracosane;Float32[18.971748, 0.38711038, 3.8493745, 11.344078]
6;methane;Float32[-0.033248164, 0.4618608, -0.26367396, 0.34239656]
6;3,3-dimethylpentane;Float32[7.752867, 3.581797, 0.3776426, 4.4146237]
6;2,2,3,3-tetramethylpentane;Float32[10.385343, 4.6596107, 1.4767473, 5.503801]
6;2,2-dimethylpentane;Float32[7.6655545, 3.3229666, 0.32554552, 4.177859]
6;2-methyltridecane;Float32[12.443265, 1.6094142, 2.7579463, 7.7901692]
6;2,3-dimethylbutane;Float32[5.9680133, 2.7602177, 0.07342264, 3.6907785]
6;2,3-dimethylhexane;Float32[8.553732, 3.214729, 0.19286248, 5.194345]
6;2,3-dimethylnonane;Float32[11.013483, 3.316624, 1.5717998, 6.613864]
6;propane;Float32[2.0272396, 0.9370069, -0.03594133, 1.3516654]
6;heptane;Float32[6.491054, 1.8460392, 0.26981375, 3.8010647]
6;2,4-dimethylpentane;Float32[7.026477, 2.7930186, 0.123337, 4.138867]
7;2,5-dimethylhexane;Float32[7.7238073, 2.3163333, 0.7116557, 4.2127275]
7;2-methylheptane;Float32[7.5816407, 1.7259126, 1.0954634, 4.2523775]
7;3-methyldecane;Float32[9.623561, 1.5887109, 2.5007923, 5.97534]
7;hexadecane;Float32[12.257789, -0.16158755, 3.8127751, 7.3182817]
7;3,3-dimethylhexane;Float32[8.495993, 3.1059637, 1.0297152, 4.4828224]
7;3-methyltridecane;Float32[11.502371, 0.569116, 3.8229504, 7.233591]
7;2-methylbutane;Float32[4.4571676, 1.7833191, 0.2985025, 2.6298974]
7;nonane;Float32[7.74205, 1.0973114, 1.2550421, 4.413639]
7;heptacosane;Float32[19.218, -1.6671096, 5.790226, 11.167516]
7;2,2-dimethylpropane;Float32[4.4435244, 2.2049003, 0.760187, 2.2410748]
7;2,4,4-trimethylhexane;Float32[9.642085, 3.525927, 1.5547345, 4.7623353]
7;octadecane;Float32[13.338901, -0.5316604, 4.0382895, 7.9660254]
7;heptadecane;Float32[12.889575, -0.23904784, 4.0007534, 7.761745]
7;n-undecane;Float32[9.23573, 0.78002787, 2.1172864, 5.3704677]
7;nonadecane;Float32[14.034555, -0.6523922, 4.45157, 8.427714]
7;2,2,4,4,6,8,8-heptamethylnonane;Float32[13.319298, 1.5978024, 5.496089, 6.5252976]
7;3-methyldodecane;Float32[10.612044, 0.83305806, 3.4908206, 6.84321]
7;3,4-dimethylhexane;Float32[8.077871, 2.5804749, 0.4127522, 4.766935]
7;3-methylheptane;Float32[7.760742, 1.9354938, 1.0132128, 4.390351]
7;n-butane;Float32[2.838587, 0.99541444, -0.04107236, 1.8436081]
7;2,2,5,5-tetramethylhexane;Float32[9.713762, 3.0955884, 2.3357704, 4.9342933]
7;tridecane;Float32[10.299852, 0.20238332, 2.9241338, 6.2026944]
7;2,2,3-trimethylpentane;Float32[8.4460535, 3.3333366, 1.4947244, 4.2912893]
7;decane;Float32[8.340933, 0.9689116, 1.5401435, 4.916943]
7;3-ethylpentane;Float32[6.048137, 2.077346, 0.1967457, 3.6200464]
7;2,3-dimethyldodecane;Float32[11.826336, 1.0268344, 4.135295, 7.1780343]
7;3-methylundecane;Float32[10.049952, 1.1246537, 3.077172, 6.3991036]
7;2-methyldecane;Float32[9.904261, 1.277686, 2.4957044, 5.601211]
7;3-methylpentane;Float32[5.5316706, 1.954533, 0.15327722, 3.187322]
7;octane;Float32[6.943007, 1.281547, 1.0257498, 4.0156665]
7;2-methyldodecane;Float32[10.807146, 0.7710038, 3.481918, 6.5856695]
7;2,6-dimethyloctane;Float32[9.580878, 2.035566, 1.750247, 5.194695]
7;2,2,3,4-tetramethylpentane;Float32[9.345389, 3.6350582, 1.8078527, 4.463489]
7;3,3-diethylpentane;Float32[8.570903, 3.0369985, 1.3903804, 4.6529565]
7;2,3,4-trimethyl pentane;Float32[7.854569, 3.0208025, 0.9334603, 4.2553563]
7;2-methylhexane;Float32[6.7050085, 1.9611437, 0.6100461, 3.7120674]
7;2,2,3-trimethylbutane;Float32[7.348088, 3.214262, 1.2477121, 3.677862]
7;3-methyl-3-ethylpentane;Float32[8.068912, 3.0679495, 1.048335, 4.279594]
7;pentadecane;Float32[11.813893, -0.094140366, 3.3184998, 6.94999]
7;hexane;Float32[5.1721926, 1.3479283, 0.23286003, 2.949787]
7;2-methyloctane;Float32[8.761416, 1.6608769, 1.3389843, 4.691678]
7;octacosane;Float32[19.887777, -1.6867243, 5.9788723, 11.493166]
7;2,2,4,4-tetramethylpentane;Float32[8.72045, 3.0441725, 2.0051045, 4.454283]
7;2-methyl-3-ethyl-pentane;Float32[7.79586, 2.5884361, 0.6494842, 4.4653563]
7;2-methylpentane;Float32[5.606515, 1.837699, 0.54077977, 3.1252863]
7;2,3,3,4-tetramethylpentane;Float32[9.301312, 3.5592384, 1.9354877, 4.68471]
7;2,3-dimethyldecane;Float32[11.0083475, 1.7725435, 3.1572902, 6.3937182]
7;ethane;Float32[0.6171321, 0.40854034, -0.04029628, 0.69549865]
7;2,3-dimethylpentane;Float32[6.882419, 2.579865, 0.52903837, 4.071378]
7;2,3-dimethylundecane;Float32[11.364273, 1.394797, 3.6554992, 6.750076]
7;pentane;Float32[3.959719, 1.2973869, 0.23113996, 2.327573]
7;tetradecane;Float32[10.935872, 0.09787135, 3.23598, 6.746844]
7;2-methylundecane;Float32[10.244419, 1.1156276, 2.999235, 6.163793]
7;squalane;Float32[20.19324, -2.3578289, 10.0757, 12.696294]
7;2,2-dimethylbutane;Float32[6.0934258, 2.6372175, 0.8671189, 3.073879]
7;2-methylpropane;Float32[3.0518477, 1.453622, 0.26794755, 1.7903854]
7;2,3,3-trimethylpentane;Float32[8.647588, 3.5340097, 1.5184776, 4.327182]
7;3-ethylhexane;Float32[7.742713, 2.187896, 0.5630935, 4.34455]
7;2,2-dimethylhexane;Float32[8.375132, 2.8900282, 1.1591078, 4.137649]
7;2,2,4-trimethylpentane;Float32[8.123471, 3.123161, 1.499211, 4.0900493]
7;2,4-dimethylhexane;Float32[7.9695888, 2.6039324, 0.75520664, 4.4002404]
7;2,2,5-trimethylhexane;Float32[9.321841, 3.0100915, 1.6268253, 4.507833]
7;3-methylhexane;Float32[6.7614713, 2.1066713, 0.3808946, 3.9631617]
7;dodecane;Float32[9.747732, 0.44248262, 2.5170028, 5.7519374]
7;eicosane;Float32[14.63866, -0.6967785, 4.586841, 8.728957]
7;2,3-dimethylheptane;Float32[9.102297, 2.4582477, 1.4589336, 4.9524055]
7;2,7-dimethyloctane;Float32[9.415655, 1.9984626, 1.5978987, 5.0335956]
7;4-methylheptane;Float32[7.68439, 1.9745508, 0.61573535, 4.3991156]
7;tetracosane;Float32[17.43614, -1.3339316, 5.4044414, 10.101674]
7;methane;Float32[-0.08544448, 0.40908358, -0.21059422, 0.2894245]
7;3,3-dimethylpentane;Float32[7.2226095, 2.997127, 0.9846541, 3.8606503]
7;2,2,3,3-tetramethylpentane;Float32[9.625473, 3.749679, 2.4256575, 4.707031]
7;2,2-dimethylpentane;Float32[7.1513357, 2.7371826, 0.8956539, 3.6689951]
7;2-methyltridecane;Float32[11.416094, 0.40074298, 3.7760768, 6.996349]
7;2,3-dimethylbutane;Float32[5.5429416, 2.3311973, 0.5270209, 3.2422683]
7;2,3-dimethylhexane;Float32[7.9981647, 2.5866113, 0.7642546, 4.6417046]
7;2,3-dimethylnonane;Float32[10.230997, 2.3622365, 2.3744175, 5.887645]
7;propane;Float32[1.8424983, 0.75204986, 0.14682877, 1.1720798]
7;heptane;Float32[6.1000485, 1.3346478, 0.62945956, 3.4585567]
7;2,4-dimethylpentane;Float32[6.5497127, 2.2934809, 0.6313626, 3.6441538]
8;2,5-dimethylhexane;Float32[7.528148, 2.0979946, 0.92750764, 4.0028462]
8;2-methylheptane;Float32[7.3853254, 1.4728156, 1.2809215, 4.0784082]
8;3-methyldecane;Float32[9.309089, 1.1988398, 2.8014202, 5.709869]
8;hexadecane;Float32[11.831584, -0.6582458, 4.21272, 6.9808264]
8;3,3-dimethylhexane;Float32[8.26411, 2.8086407, 1.2824292, 4.2111216]
8;3-methyltridecane;Float32[11.085433, 0.06877289, 4.2214475, 6.9007688]
8;2-methylbutane;Float32[4.3298197, 1.6467222, 0.4282726, 2.5010636]
8;nonane;Float32[7.523084, 0.8205347, 1.4551643, 4.2305474]
8;heptacosane;Float32[18.547935, -2.418064, 6.447902, 10.60436]
8;2,2-dimethylpropane;Float32[4.30098, 2.042832, 0.92270124, 2.0555282]
8;2,4,4-trimethylhexane;Float32[9.360088, 3.174539, 1.8704883, 4.4162655]
8;octadecane;Float32[12.866916, -1.0751481, 4.4858603, 7.5854473]
8;heptadecane;Float32[12.440196, -0.7597592, 4.4245915, 7.4015446]
8;n-undecane;Float32[8.950401, 0.4325532, 2.3802357, 5.148517]
8;nonadecane;Float32[13.539644, -1.219069, 4.9233317, 8.024277]
8;2,2,4,4,6,8,8-heptamethylnonane;Float32[12.744738, 0.91598874, 6.0627856, 5.909867]
8;3-methyldodecane;Float32[10.2254305, 0.36472765, 3.8566225, 6.5393324]
8;3,4-dimethylhexane;Float32[7.8619657, 2.33996, 0.62447095, 4.557517]
8;3-methylheptane;Float32[7.563799, 1.6827593, 1.2010934, 4.2022834]
8;n-butane;Float32[2.7517176, 0.89365715, 0.03820884, 1.7656372]
8;2,2,5,5-tetramethylhexane;Float32[9.370467, 2.6722035, 2.682897, 4.5895557]
8;tridecane;Float32[9.953276, -0.21125588, 3.2464051, 5.9316225]
8;2,2,3-trimethylpentane;Float32[8.174659, 3.019957, 1.7937822, 3.9564269]
8;decane;Float32[8.088187, 0.65717936, 1.7703396, 4.71455]
8;3-ethylpentane;Float32[5.8674426, 1.8910494, 0.37916434, 3.4353502]
8;2,3-dimethyldodecane;Float32[11.386297, 0.4996408, 4.548989, 6.810443]
8;3-methylundecane;Float32[9.698763, 0.6941725, 3.4133153, 6.1115646]
8;2-methyldecane;Float32[9.596658, 0.8944907, 2.7926683, 5.337906]
8;3-methylpentane;Float32[5.3727655, 1.786131, 0.3120222, 3.0329652]
8;octane;Float32[6.759629, 1.0450189, 1.1930015, 3.8618493]
8;2-methyldodecane;Float32[10.427379, 0.3099847, 3.8423407, 6.284786]
8;2,6-dimethyloctane;Float32[9.300833, 1.6936324, 2.0308442, 4.928158]
8;2,2,3,4-tetramethylpentane;Float32[9.042648, 3.2761428, 2.148347, 4.074081]
8;3,3-diethylpentane;Float32[8.297634, 2.7170942, 1.695314, 4.307491]
8;2,3,4-trimethyl pentane;Float32[7.644618, 2.7997603, 1.1836138, 4.004668]
8;2-methylhexane;Float32[6.5506387, 1.7614357, 0.7759836, 3.5399978]
8;2,2,3-trimethylbutane;Float32[7.1137, 2.945369, 1.5107799, 3.3855777]
8;3-methyl-3-ethylpentane;Float32[7.829079, 2.7895937, 1.3114727, 3.9966156]
8;pentadecane;Float32[11.414136, -0.56484044, 3.6927938, 6.633496]
8;hexane;Float32[5.055207, 1.1786569, 0.33479023, 2.8483133]
8;2-methyloctane;Float32[8.533967, 1.3678374, 1.56104, 4.479489]
8;octacosane;Float32[19.19241, -2.4684396, 6.6638494, 10.904211]
8;2,2,4,4-tetramethylpentane;Float32[8.399766, 2.6573207, 2.3347278, 4.0968814]
8;2-methyl-3-ethyl-pentane;Float32[7.5638785, 2.3564534, 0.88146496, 4.233375]
8;2-methylpentane;Float32[5.454892, 1.6678181, 0.6926725, 2.9756143]
8;2,3,3,4-tetramethylpentane;Float32[8.970882, 3.167522, 2.2980669, 4.254184]
8;2,3-dimethyldecane;Float32[10.647237, 1.3285321, 3.5050492, 6.0760527]
8;ethane;Float32[0.5722877, 0.363377, -0.0003919946, 0.657165]
8;2,3-dimethylpentane;Float32[6.688047, 2.380039, 0.7289586, 3.8735154]
8;2,3-dimethylundecane;Float32[10.960259, 0.9046015, 4.039041, 6.3999615]
8;pentane;Float32[3.8511324, 1.1632427, 0.32868803, 2.230958]
8;tetradecane;Float32[10.5631485, -0.3439578, 3.5835664, 6.454218]
8;2-methylundecane;Float32[9.899258, 0.6917074, 3.3288531, 5.878009]
8;squalane;Float32[19.33381, -3.3385408, 10.968433, 11.866333]
8;2,2-dimethylbutane;Float32[5.911167, 2.4252086, 1.066597, 2.8534124]
8;2-methylpropane;Float32[2.953879, 1.354816, 0.3683976, 1.6901643]
8;2,3,3-trimethylpentane;Float32[8.371476, 3.2059457, 1.8250873, 3.9758723]
8;3-ethylhexane;Float32[7.553138, 1.963346, 0.75890064, 4.15453]
8;2,2-dimethylhexane;Float32[8.15657, 2.6065092, 1.3927662, 3.901871]
8;2,2,4-trimethylpentane;Float32[7.8680806, 2.824363, 1.7756288, 3.7864368]
8;2,4-dimethylhexane;Float32[7.774545, 2.3826785, 0.975121, 4.181028]
8;2,2,5-trimethylhexane;Float32[9.042397, 2.6665983, 1.9297296, 4.198915]
8;3-methylhexane;Float32[6.5919924, 1.9023118, 0.54881144, 3.8005111]
8;dodecane;Float32[9.430198, 0.060160853, 2.810843, 5.504077]
8;eicosane;Float32[14.121835, -1.2858955, 5.0822506, 8.304525]
8;2,3-dimethylheptane;Float32[8.856232, 2.1572175, 1.7011405, 4.711356]
8;2,7-dimethyloctane;Float32[9.144887, 1.6697237, 1.870987, 4.7683854]
8;4-methylheptane;Float32[7.4878902, 1.738756, 0.79802203, 4.2253246]
8;tetracosane;Float32[16.83146, -2.0155778, 5.9941454, 9.593387]
8;methane;Float32[-0.10522634, 0.3889761, -0.19059977, 0.26926228]
8;3,3-dimethylpentane;Float32[7.0039115, 2.7446496, 1.2218952, 3.606622]
8;2,2,3,3-tetramethylpentane;Float32[9.2669735, 3.3010244, 2.8100617, 4.2434072]
8;2,2-dimethylpentane;Float32[6.9432626, 2.488623, 1.11899, 3.4287255]
8;2-methyltridecane;Float32[11.005841, -0.092047475, 4.1663823, 6.666406]
8;2,3-dimethylbutane;Float32[5.3813667, 2.166764, 0.6989244, 3.0706623]
8;2,3-dimethylhexane;Float32[7.7847304, 2.339417, 0.97951245, 4.4365726]
8;2,3-dimethylnonane;Float32[9.913726, 1.9659252, 2.6818671, 5.5918465]
8;propane;Float32[1.7707748, 0.68018436, 0.2158221, 1.1069275]
8;heptane;Float32[5.948476, 1.1326113, 0.76297355, 3.3312879]
8;2,4-dimethylpentane;Float32[6.3825645, 2.1157076, 0.822397, 3.4432611]
9;2,5-dimethylhexane;Float32[7.4539967, 2.0118413, 1.0094528, 3.9203956]
9;2-methylheptane;Float32[7.3084183, 1.3647823, 1.3460662, 4.024351]
9;3-methyldecane;Float32[9.179547, 1.0248541, 2.892557, 5.63511]
9;hexadecane;Float32[11.6591835, -0.86996305, 4.339966, 6.8646064]
9;3,3-dimethylhexane;Float32[8.149037, 2.6516402, 1.3839293, 4.0657945]
9;3-methyltridecane;Float32[10.913533, -0.1509509, 4.349669, 6.79381]
9;2-methylbutane;Float32[4.280513, 1.5926579, 0.47734445, 2.4513574]
9;nonane;Float32[7.436448, 0.69997895, 1.5058986, 4.195961]
9;heptacosane;Float32[18.279768, -2.7286005, 6.672266, 10.385758]
9;2,2-dimethylpropane;Float32[4.234817, 1.9630865, 0.9874403, 1.964518]
9;2,4,4-trimethylhexane;Float32[9.221106, 2.9919589, 1.9991151, 4.231663]
9;octadecane;Float32[12.676207, -1.3051965, 4.631176, 7.4461923]
9;heptadecane;Float32[12.258382, -0.9812217, 4.5609784, 7.272353]
9;n-undecane;Float32[8.836318, 0.28254625, 2.454921, 5.095962]
9;nonadecane;Float32[13.340412, -1.457777, 5.0776143, 7.8762903]
9;2,2,4,4,6,8,8-heptamethylnonane;Float32[12.474355, 0.57717407, 6.285568, 5.6130266]
9;3-methyldodecane;Float32[10.065993, 0.1579292, 3.972475, 6.4469275]
9;3,4-dimethylhexane;Float32[7.777423, 2.245338, 0.70316356, 4.4800634]
9;3-methylheptane;Float32[7.484146, 1.5722449, 1.2620556, 4.1488814]
9;n-butane;Float32[2.717021, 0.8523407, 0.067636326, 1.7371138]
9;2,2,5,5-tetramethylhexane;Float32[9.198168, 2.4500663, 2.8264673, 4.3908353]
9;tridecane;Float32[9.813423, -0.38946965, 3.343807, 5.8526587]
9;2,2,3-trimethylpentane;Float32[8.045363, 2.8617811, 1.9140205, 3.7840207]
9;decane;Float32[7.9879985, 0.5226215, 1.8325112, 4.6714315]
9;3-ethylpentane;Float32[5.797351, 1.8183779, 0.44755644, 3.3633716]
9;2,3-dimethyldodecane;Float32[11.203985, 0.26688787, 4.6832013, 6.690948]
9;3-methylundecane;Float32[9.554145, 0.50323904, 3.5179355, 6.02701]
9;2-methyldecane;Float32[9.472722, 0.7260414, 2.8819463, 5.262525]
9;3-methylpentane;Float32[5.3101597, 1.7187575, 0.3722102, 2.9745402]
9;octane;Float32[6.6884165, 0.9421936, 1.231149, 3.84189]
9;2-methyldodecane;Float32[10.273459, 0.10899426, 3.955678, 6.1911507]
9;2,6-dimethyloctane;Float32[9.185346, 1.5421679, 2.1316626, 4.829063]
9;2,2,3,4-tetramethylpentane;Float32[8.894807, 3.0896432, 2.286435, 3.8634474]
9;3,3-diethylpentane;Float32[8.167871, 2.555884, 1.8168913, 4.129953]
9;2,3,4-trimethyl pentane;Float32[7.55952, 2.7066069, 1.2789519, 3.9040096]
9;2-methylhexane;Float32[6.492777, 1.6826147, 0.83833426, 3.4711585]
9;2,2,3-trimethylbutane;Float32[7.0005646, 2.8073552, 1.6171355, 3.2352784]
9;3-methyl-3-ethylpentane;Float32[7.7174883, 2.6531181, 1.4158607, 3.8603404]
9;pentadecane;Float32[11.252128, -0.76670235, 3.8100135, 6.5292315]
9;hexane;Float32[5.009258, 1.1112233, 0.37196547, 2.8121195]
9;2-methyloctane;Float32[8.445248, 1.2397345, 1.6209837, 4.4298773]
9;octacosane;Float32[18.911304, -2.795434, 6.899422, 10.670454]
9;2,2,4,4-tetramethylpentane;Float32[8.240003, 2.454907, 2.4700148, 3.8958051]
9;2-methyl-3-ethyl-pentane;Float32[7.477545, 2.2701182, 0.9677989, 4.147041]
9;2-methylpentane;Float32[5.405456, 1.6089507, 0.7485735, 2.9123337]
9;2,3,3,4-tetramethylpentane;Float32[8.803557, 2.9580464, 2.4470713, 3.9997728]
9;2,3-dimethyldecane;Float32[10.497484, 1.1297537, 3.614476, 5.977105]
9;ethane;Float32[0.55417174, 0.3452967, 0.013034653, 0.6444856]
9;2,3-dimethylpentane;Float32[6.614199, 2.3033428, 0.8035187, 3.7998245]
9;2,3-dimethylundecane;Float32[10.792521, 0.6864759, 4.161912, 6.287292]
9;pentane;Float32[3.809033, 1.1099364, 0.3649096, 2.1957688]
9;tetradecane;Float32[10.412445, -0.5339018, 3.690632, 6.3632665]
9;2-methylundecane;Float32[9.759474, 0.5058241, 3.4306123, 5.7924476]
9;squalane;Float32[18.973654, -3.7676287, 11.294331, 11.515492]
9;2,2-dimethylbutane;Float32[5.825286, 2.3197615, 1.1466213, 2.7446687]
9;2-methylpropane;Float32[2.916988, 1.3172629, 0.40507025, 1.6535939]
9;2,3,3-trimethylpentane;Float32[8.235848, 3.0352924, 1.9494562, 3.7889528]
9;3-ethylhexane;Float32[7.480738, 1.8745025, 0.82948583, 4.0889177]
9;2,2-dimethylhexane;Float32[8.053861, 2.4683063, 1.4863658, 3.787264]
9;2,2,4-trimethylpentane;Float32[7.747345, 2.674755, 1.8879204, 3.6284664]
9;2,4-dimethylhexane;Float32[7.697358, 2.292848, 1.0584843, 4.0962615]
9;2,2,5-trimethylhexane;Float32[8.908277, 2.4917786, 2.05393, 4.032271]
9;3-methylhexane;Float32[6.5260663, 1.8206698, 0.61199874, 3.7398643]
9;dodecane;Float32[9.302413, -0.10492222, 2.8973877, 5.437521]
9;eicosane;Float32[13.914242, -1.5329994, 5.245349, 8.147539]
9;2,3-dimethylheptane;Float32[8.756206, 2.0259483, 1.7856992, 4.6295295]
9;2,7-dimethyloctane;Float32[9.033282, 1.5263852, 1.9715407, 4.663732]
9;4-methylheptane;Float32[7.413105, 1.6389114, 0.85335773, 4.1860065]
9;tetracosane;Float32[16.589466, -2.2985613, 6.1927047, 9.398727]
9;methane;Float32[-0.11271197, 0.3813053, -0.18312371, 0.2615413]
9;3,3-dimethylpentane;Float32[6.9015822, 2.6194863, 1.316978, 3.481108]
9;2,2,3,3-tetramethylpentane;Float32[9.077136, 3.052158, 2.9703972, 3.9552345]
9;2,2-dimethylpentane;Float32[6.845516, 2.365305, 1.2089581, 3.3079243]
9;2-methyltridecane;Float32[10.839414, -0.3058637, 4.2910237, 6.5588865]
9;2,3-dimethylbutane;Float32[5.3227224, 2.1062481, 0.76283926, 3.0009682]
9;2,3-dimethylhexane;Float32[7.7009487, 2.2393353, 1.0605383, 4.360336]
9;2,3-dimethylnonane;Float32[9.782562, 1.7876261, 2.7755592, 5.5028825]
9;propane;Float32[1.7512742, 0.66059387, 0.23522182, 1.0876245]
9;heptane;Float32[5.8924828, 1.0388603, 0.77920216, 3.3336718]
9;2,4-dimethylpentane;Float32[6.319227, 2.0469193, 0.89421624, 3.3654406]
10;2,5-dimethylhexane;Float32[7.4198713, 1.9713879, 1.041895, 3.8856552]
10;2-methylheptane;Float32[7.269726, 1.3133069, 1.3741308, 4.0019755]
10;3-methyldecane;Float32[9.116214, 0.94146305, 2.928016, 5.598043]
10;hexadecane;Float32[11.580963, -0.9641351, 4.387923, 6.7974358]
10;3,3-dimethylhexane;Float32[8.077489, 2.5508235, 1.4282645, 3.978746]
10;3-methyltridecane;Float32[10.831449, -0.25456136, 4.3993487, 6.737662]
10;2-methylbutane;Float32[4.258998, 1.568865, 0.49641296, 2.4316266]
10;nonane;Float32[7.396206, 0.6467179, 1.5239816, 4.1813927]
10;heptacosane;Float32[18.162271, -2.8629475, 6.756764, 10.268115]
10;2,2-dimethylpropane;Float32[4.1986628, 1.9157842, 1.0148792, 1.9160697]
10;2,4,4-trimethylhexane;Float32[9.137147, 2.8767166, 2.0564609, 4.1161942]
10;octadecane;Float32[12.590716, -1.4070244, 4.6859016, 7.3681707]
10;heptadecane;Float32[12.175846, -1.0799834, 4.6123834, 7.198138]
10;n-undecane;Float32[8.783987, 0.21613123, 2.4821723, 5.0721717]
10;nonadecane;Float32[13.2515, -1.5628407, 5.1356425, 7.7943273]
10;2,2,4,4,6,8,8-heptamethylnonane;Float32[12.32461, 0.38102865, 6.3818536, 5.427965]
10;3-methyldodecane;Float32[9.989364, 0.05987079, 4.0173593, 6.4000983]
10;3,4-dimethylhexane;Float32[7.7421355, 2.2068508, 0.73242605, 4.4513316]
10;3-methylheptane;Float32[7.443999, 1.5198886, 1.285838, 4.1246753]
10;n-butane;Float32[2.7013843, 0.8349166, 0.07860848, 1.7265248]
10;2,2,5,5-tetramethylhexane;Float32[9.094445, 2.3110244, 2.891404, 4.2591166]
10;tridecane;Float32[9.749297, -0.46920574, 3.3799171, 5.8118377]
10;2,2,3-trimethylpentane;Float32[7.9717436, 2.7656858, 1.9659666, 3.681175]
10;decane;Float32[7.9421024, 0.46355528, 1.854946, 4.652839]
10;3-ethylpentane;Float32[5.76889, 1.7887158, 0.47328994, 3.3349812]
10;2,3-dimethyldodecane;Float32[11.117007, 0.15650363, 4.735258, 6.6308904]
10;3-methylundecane;Float32[9.48427, 0.41233945, 3.5584805, 5.9852138]
10;2-methyldecane;Float32[9.412194, 0.64561564, 2.9164798, 5.22555]
10;3-methylpentane;Float32[5.2828703, 1.6892984, 0.39570782, 2.9515605]
10;octane;Float32[6.6556554, 0.8978451, 1.2442791, 3.8358192]
10;2-methyldodecane;Float32[10.199547, 0.014003109, 3.9994166, 6.1432977]
10;2,6-dimethyloctane;Float32[9.127271, 1.4659574, 2.172654, 4.7806253]
10;2,2,3,4-tetramethylpentane;Float32[8.808982, 2.9735518, 2.3468635, 3.7296922]
10;3,3-diethylpentane;Float32[8.095611, 2.459631, 1.8685055, 4.020213]
10;2,3,4-trimethyl pentane;Float32[7.5211987, 2.661772, 1.3161424, 3.8605752]
10;2-methylhexane;Float32[6.4640665, 1.6458669, 0.86279404, 3.4426498]
10;2,2,3-trimethylbutane;Float32[6.935368, 2.721965, 1.6635047, 3.1458285]
10;3-methyl-3-ethylpentane;Float32[7.6553574, 2.5729516, 1.4600266, 3.785232]
10;pentadecane;Float32[11.17812, -0.85698944, 3.853826, 6.4710026]
10;hexane;Float32[4.9875317, 1.0833662, 0.38571855, 2.7988262]
10;2-methyloctane;Float32[8.401742, 1.1793087, 1.6437469, 4.4074063]
10;octacosane;Float32[18.785913, -2.9403532, 6.988919, 10.542893]
10;2,2,4,4-tetramethylpentane;Float32[8.145272, 2.3288443, 2.53044, 3.7636333]
10;2-methyl-3-ethyl-pentane;Float32[7.4456363, 2.2382061, 0.9997076, 4.115132]
10;2-methylpentane;Float32[5.3830338, 1.5828153, 0.77016556, 2.88792]
10;2,3,3,4-tetramethylpentane;Float32[8.702766, 2.8243024, 2.5136933, 3.8237314]
10;2,3-dimethyldecane;Float32[10.424646, 1.0336698, 3.6572154, 5.926607]
10;ethane;Float32[0.5461742, 0.3375236, 0.016508792, 0.6414298]
10;2,3-dimethylpentane;Float32[6.5851936, 2.2729433, 0.8312613, 3.7723975]
10;2,3-dimethylundecane;Float32[10.711745, 0.5819346, 4.2096276, 6.230674]
10;pentane;Float32[3.7898068, 1.0875628, 0.3785996, 2.1827304]
10;tetradecane;Float32[10.343452, -0.619, 3.7304986, 6.3142295]
10;2-methylundecane;Float32[9.691593, 0.4172405, 3.4700444, 5.749997]
10;squalane;Float32[18.801012, -3.97774, 11.423019, 11.326982]
10;2,2-dimethylbutane;Float32[5.7764378, 2.2565615, 1.1810406, 2.6839492]
10;2-methylpropane;Float32[2.9028032, 1.3025377, 0.4195163, 1.6395642]
10;2,3,3-trimethylpentane;Float32[8.155578, 2.9284513, 2.0040944, 3.6725934]
10;3-ethylhexane;Float32[7.44929, 1.8370109, 0.8558769, 4.06642]
10;2,2-dimethylhexane;Float32[7.9940195, 2.3878992, 1.5270137, 3.7235708]
10;2,2,4-trimethylpentane;Float32[7.678369, 2.5840824, 1.9375447, 3.5329897]
10;2,4-dimethylhexane;Float32[7.6623077, 2.2515457, 1.0913192, 4.059991]
10;2,2,5-trimethylhexane;Float32[8.827318, 2.3819094, 2.1099355, 3.9289958]
10;3-methylhexane;Float32[6.4956536, 1.7844894, 0.6364088, 3.7170172]
10;dodecane;Float32[9.2436905, -0.1786168, 2.9292843, 5.4047]
10;eicosane;Float32[13.82209, -1.6411892, 5.3066335, 8.061174]
10;2,3-dimethylheptane;Float32[8.707192, 1.9627972, 1.8188621, 4.5922294]
10;2,7-dimethyloctane;Float32[8.976939, 1.4541674, 2.012594, 4.6122203]
10;4-methylheptane;Float32[7.379449, 1.5949738, 0.8737891, 4.172869]
10;tetracosane;Float32[16.483236, -2.421178, 6.26732, 9.292636]
10;methane;Float32[-0.11558376, 0.3783131, -0.18033683, 0.25856185]
10;3,3-dimethylpentane;Float32[6.8440485, 2.544664, 1.3579601, 3.4103143]
10;2,2,3,3-tetramethylpentane;Float32[8.957489, 2.888576, 3.043703, 3.7512825]
10;2,2-dimethylpentane;Float32[6.7885203, 2.2908404, 1.2482675, 3.239]
10;2-methyltridecane;Float32[10.760094, -0.40626365, 4.339072, 6.5027866]
10;2,3-dimethylbutane;Float32[5.2991943, 2.0810697, 0.78719413, 2.9742756]
10;2,3-dimethylhexane;Float32[7.661382, 2.1929693, 1.0919529, 4.3288064]
10;2,3-dimethylnonane;Float32[9.7181425, 1.7009456, 2.8120677, 5.4574957]
10;propane;Float32[1.7481635, 0.6450862, 0.23833844, 1.0845073]
10;heptane;Float32[5.8664136, 0.99875134, 0.78324056, 3.3377979]
10;2,4-dimethylpentane;Float32[6.2926664, 2.0174458, 0.9223815, 3.3329186]
11;2,5-dimethylhexane;Float32[7.4005837, 1.9479334, 1.0558414, 3.8691485]
11;2-methylheptane;Float32[7.2454515, 1.2834619, 1.388792, 3.9910133]
11;3-methyldecane;Float32[9.078292, 0.89385766, 2.9441001, 5.5732045]
11;hexadecane;Float32[11.536759, -1.0121492, 4.407398, 6.7443156]
11;3,3-dimethylhexane;Float32[8.024786, 2.4751213, 1.4506311, 3.917583]
11;3-methyltridecane;Float32[10.7832775, -0.31213486, 4.4208517, 6.698646]
11;2-methylbutane;Float32[4.2479124, 1.5564498, 0.50430554, 2.4234264]
11;nonane;Float32[7.3734927, 0.6197932, 1.5314302, 4.1719174]
11;heptacosane;Float32[18.099503, -2.928954, 6.789025, 10.198557]
11;2,2-dimethylpropane;Float32[4.1749845, 1.8822871, 1.0280794, 1.8834813]
11;2,4,4-trimethylhexane;Float32[9.076417, 2.7902052, 2.0863416, 4.0292225]
11;octadecane;Float32[12.542742, -1.4586118, 4.707698, 7.3104196]
11;heptadecane;Float32[12.128582, -1.1304675, 4.6330223, 7.141043]
11;n-undecane;Float32[8.754807, 0.18254678, 2.4931576, 5.0565886]
11;nonadecane;Float32[13.20223, -1.6156298, 5.1585984, 7.735526]
11;2,2,4,4,6,8,8-heptamethylnonane;Float32[12.224064, 0.24474262, 6.4298077, 5.2842116]
11;3-methyldodecane;Float32[9.944312, 0.0049285777, 4.037037, 6.3681984]
11;3,4-dimethylhexane;Float32[7.7256227, 2.1896996, 0.74335915, 4.440623]
11;3-methylheptane;Float32[7.419011, 1.4900326, 1.2965169, 4.109538]
11;n-butane;Float32[2.692936, 0.8265126, 0.08274434, 1.7225548]
11;2,2,5,5-tetramethylhexane;Float32[9.020204, 2.2082374, 2.925675, 4.155892]
11;tridecane;Float32[9.713149, -0.51018924, 3.3944588, 5.782325]
11;2,2,3-trimethylpentane;Float32[7.921327, 2.6960166, 1.9917657, 3.6042526]
11;decane;Float32[7.916671, 0.4340387, 1.8640608, 4.6410437]
11;3-ethylpentane;Float32[5.755971, 1.7751223, 0.4831958, 3.323272]
11;2,3-dimethyldodecane;Float32[11.06674, 0.094934806, 4.7579074, 6.590874]
11;3-methylundecane;Float32[9.442994, 0.3610283, 3.5764418, 5.957576]
11;2-methyldecane;Float32[9.375953, 0.5999415, 2.931987, 5.2013354]
11;3-methylpentane;Float32[5.268793, 1.6740613, 0.4055777, 2.9418283]
11;octane;Float32[6.63743, 0.8763783, 1.2496402, 3.8323689]
11;2-methyldodecane;Float32[10.156024, -0.038983, 4.018468, 6.1106296]
11;2,6-dimethyloctane;Float32[9.091351, 1.4191948, 2.1916447, 4.751283]
11;2,2,3,4-tetramethylpentane;Float32[8.749326, 2.8879209, 2.3774345, 3.6252725]
11;3,3-diethylpentane;Float32[8.046872, 2.3904877, 1.8934679, 3.9377136]
11;2,3,4-trimethyl pentane;Float32[7.500869, 2.6357305, 1.3315475, 3.8385289]
11;2-methylhexane;Float32[6.446704, 1.6251013, 0.87347156, 3.4298687]
11;2,2,3-trimethylbutane;Float32[6.890809, 2.6597748, 1.6867552, 3.0772157]
11;3-methyl-3-ethylpentane;Float32[7.613561, 2.5162914, 1.481255, 3.7333486]
11;pentadecane;Float32[11.136323, -0.9031319, 3.8714662, 6.4262886]
11;hexane;Float32[4.9750314, 1.0704752, 0.39083603, 2.7939243]
11;2-methyloctane;Float32[8.375448, 1.145311, 1.6542292, 4.39282]
11;octacosane;Float32[18.717321, -3.014405, 7.0236716, 10.466905]
11;2,2,4,4-tetramethylpentane;Float32[8.078327, 2.235973, 2.561803, 3.6603184]
11;2-methyl-3-ethyl-pentane;Float32[7.4339094, 2.226476, 1.0114362, 4.1034026]
11;2-methylpentane;Float32[5.370238, 1.5684662, 0.7790739, 2.8786862]
11;2,3,3,4-tetramethylpentane;Float32[8.630869, 2.7241552, 2.548381, 3.6781075]
11;2,3-dimethyldecane;Float32[10.381526, 0.9783635, 3.6763873, 5.8926525]
11;ethane;Float32[0.54188025, 0.33356375, 0.016254704, 0.6419655]
11;2,3-dimethylpentane;Float32[6.5729723, 2.2599156, 0.84162885, 3.762117]
11;2,3-dimethylundecane;Float32[10.664574, 0.52266204, 4.230569, 6.193446]
11;pentane;Float32[3.7791688, 1.076811, 0.38396302, 2.1778538]
11;tetradecane;Float32[10.304458, -0.6628256, 3.7465274, 6.2775426]
11;2-methylundecane;Float32[9.651229, 0.36717868, 3.487564, 5.722078]
11;squalane;Float32[18.69927, -4.100994, 11.477562, 11.20493]
11;2,2-dimethylbutane;Float32[5.742999, 2.2112286, 1.1979895, 2.6418183]
11;2-methylpropane;Float32[2.8970666, 1.2963195, 0.42571148, 1.6339531]
11;2,3,3-trimethylpentane;Float32[8.098833, 2.849254, 2.031924, 3.5822523]
11;3-ethylhexane;Float32[7.4332323, 1.8187925, 0.8660312, 4.060464]
11;2,2-dimethylhexane;Float32[7.952086, 2.3315508, 1.5473442, 3.679864]
11;2,2,4-trimethylpentane;Float32[7.630846, 2.518291, 1.9630358, 3.4618423]
11;2,4-dimethylhexane;Float32[7.643153, 2.2285013, 1.1051435, 4.0439687]
11;2,2,5-trimethylhexane;Float32[8.768954, 2.3000286, 2.1394951, 3.8509233]
11;3-methylhexane;Float32[6.47847, 1.7652508, 0.64644724, 3.70831]
11;dodecane;Float32[9.210706, -0.21636666, 2.9421606, 5.3817925]
11;eicosane;Float32[13.771573, -1.6951401, 5.3306904, 8.001144]
11;2,3-dimethylheptane;Float32[8.677836, 1.9261038, 1.8333943, 4.57096]
11;2,7-dimethyloctane;Float32[8.941984, 1.4097041, 2.0315938, 4.5811286]
11;4-methylheptane;Float32[7.361144, 1.5724369, 0.88208276, 4.1679287]
11;tetracosane;Float32[16.42618, -2.48148, 6.2960577, 9.225638]
11;methane;Float32[-0.11673999, 0.3770658, -0.17929222, 0.25736585]
11;3,3-dimethylpentane;Float32[6.8049335, 2.4908993, 1.3782251, 3.3612008]
11;2,2,3,3-tetramethylpentane;Float32[8.869189, 2.763672, 3.082977, 3.584119]
11;2,2-dimethylpentane;Float32[6.7487364, 2.2373407, 1.2680187, 3.1913903]
11;2-methyltridecane;Float32[10.7136, -0.46171236, 4.3597655, 6.4634156]
11;2,3-dimethylbutane;Float32[5.2888594, 2.0692573, 0.79667586, 2.9640217]
11;2,3-dimethylhexane;Float32[7.6386385, 2.1669962, 1.1049273, 4.3140864]
11;2,3-dimethylnonane;Float32[9.67949, 1.650525, 2.828664, 5.4266257]
11;propane;Float32[1.7479321, 0.64037085, 0.23909406, 1.083782]
11;heptane;Float32[5.8514643, 0.97978914, 0.7849527, 3.3392718]
11;2,4-dimethylpentane;Float32[6.2797947, 2.0026085, 0.93358976, 3.3205428]
12;2,5-dimethylhexane;Float32[7.3871446, 1.9310814, 1.0630859, 3.8581886]
12;2-methylheptane;Float32[7.226999, 1.2619437, 1.398436, 3.9837866]
12;3-methyldecane;Float32[9.050794, 0.85995203, 2.952966, 5.5541677]
12;hexadecane;Float32[11.509514, -1.0427165, 4.4166183, 6.698809]
12;3,3-dimethylhexane;Float32[7.980144, 2.4103694, 1.4646462, 3.868627]
12;3-methyltridecane;Float32[10.750058, -0.35206297, 4.432176, 6.666409]
12;2-methylbutane;Float32[4.24077, 1.5483044, 0.50815755, 2.418772]
12;nonane;Float32[7.3580375, 0.6028859, 1.5349219, 4.164902]
12;heptacosane;Float32[18.061485, -2.9690435, 6.8020706, 10.150326]
12;2,2-dimethylpropane;Float32[4.1562223, 1.8543062, 1.0359172, 1.8579935]
12;2,4,4-trimethylhexane;Float32[9.02515, 2.715429, 2.1058564, 3.9562013]
12;octadecane;Float32[12.513919, -1.4911069, 4.717665, 7.263636]
12;heptadecane;Float32[12.09996, -1.162555, 4.6426363, 7.094348]
12;n-undecane;Float32[8.735677, 0.16146477, 2.4981344, 5.0450525]
12;nonadecane;Float32[13.172686, -1.6485866, 5.1689076, 7.6887383]
12;2,2,4,4,6,8,8-heptamethylnonane;Float32[12.144311, 0.13302608, 6.459361, 5.1597023]
12;3-methyldodecane;Float32[9.912663, -0.033477943, 4.047391, 6.343577]
12;3,4-dimethylhexane;Float32[7.716098, 2.1804414, 0.7475365, 4.4365606]
12;3-methylheptane;Float32[7.3998327, 1.4684752, 1.3024231, 4.097889]
12;n-butane;Float32[2.687282, 0.8214888, 0.08436104, 1.7210244]
12;2,2,5,5-tetramethylhexane;Float32[8.958833, 2.1211333, 2.9480267, 4.0677752]
12;tridecane;Float32[9.689933, -0.5363844, 3.4011118, 5.758676]
12;2,2,3-trimethylpentane;Float32[7.8801374, 2.6369545, 2.007642, 3.5398946]
12;decane;Float32[7.899821, 0.41577026, 1.8682284, 4.632518]
12;3-ethylpentane;Float32[5.748829, 1.7675133, 0.4872788, 3.317809]
12;2,3-dimethyldodecane;Float32[11.031959, 0.05227055, 4.7696114, 6.560258]
12;3-methylundecane;Float32[9.413669, 0.32493183, 3.5859976, 5.936781]
12;2-methyldecane;Float32[9.350018, 0.5678854, 2.9404252, 5.1824255]
12;3-methylpentane;Float32[5.259401, 1.663842, 0.4106283, 2.936695]
12;octane;Float32[6.625081, 0.8635279, 1.2521175, 3.8301144]
12;2-methyldodecane;Float32[10.125855, -0.075565025, 4.028431, 6.0846243]
12;2,6-dimethyloctane;Float32[9.064253, 1.3837948, 2.20255, 4.729335]
12;2,2,3,4-tetramethylpentane;Float32[8.700332, 2.8148642, 2.3965719, 3.5361934]
12;3,3-diethylpentane;Float32[8.007567, 2.3323216, 1.9083126, 3.8687277]
12;2,3,4-trimethyl pentane;Float32[7.487315, 2.616803, 1.3389176, 3.8242874]
12;2-methylhexane;Float32[6.43394, 1.6104811, 0.87929267, 3.4220073]
12;2,2,3-trimethylbutane;Float32[6.854125, 2.6065502, 1.7012913, 3.0197518]
12;3-methyl-3-ethylpentane;Float32[7.5797305, 2.4688811, 1.4938239, 3.6922781]
12;pentadecane;Float32[11.110266, -0.93226683, 3.8796737, 6.388751]
12;hexane;Float32[4.9661403, 1.0631579, 0.39277205, 2.792112]
12;2-methyloctane;Float32[8.356273, 1.1215903, 1.6601872, 4.381315]
12;octacosane;Float32[18.674301, -3.061469, 7.038245, 10.413778]
12;2,2,4,4-tetramethylpentane;Float32[8.02324, 2.1573193, 2.5819423, 3.5721672]
12;2-methyl-3-ethyl-pentane;Float32[7.4296236, 2.2221856, 1.0157264, 4.099111]
12;2-methylpentane;Float32[5.3617, 1.5591168, 0.78320915, 2.8740284]
12;2,3,3,4-tetramethylpentane;Float32[8.5711565, 2.6383018, 2.570746, 3.5504158]
12;2,3-dimethyldecane;Float32[10.350578, 0.9388754, 3.6867146, 5.8663683]
12;ethane;Float32[0.5389429, 0.33098015, 0.014595022, 0.6438689]
12;2,3-dimethylpentane;Float32[6.566965, 2.2533038, 0.8455934, 3.758162]
12;2,3-dimethylundecane;Float32[10.631438, 0.4810396, 4.2414827, 6.165279]
12;pentane;Float32[3.7718647, 1.070388, 0.3862618, 2.175982]
12;tetradecane;Float32[10.279675, -0.6909105, 3.7538846, 6.247366]
12;2-methylundecane;Float32[9.622617, 0.33217475, 3.4969807, 5.7004256]
12;squalane;Float32[18.628445, -4.190667, 11.504748, 11.112037]
12;2,2-dimethylbutane;Float32[5.7154775, 2.1728115, 1.2084161, 2.6080668]
12;2-methylpropane;Float32[2.894458, 1.2932531, 0.42889068, 1.631331]
12;2,3,3-trimethylpentane;Float32[8.051499, 2.781209, 2.0495431, 3.5056]
12;3-ethylhexane;Float32[7.423115, 1.8078257, 0.87021357, 4.0605626]
12;2,2-dimethylhexane;Float32[7.9174833, 2.2848637, 1.5599993, 3.644902]
12;2,2,4-trimethylpentane;Float32[7.591869, 2.4624896, 1.9794692, 3.4023438]
12;2,4-dimethylhexane;Float32[7.629799, 2.2120676, 1.1125387, 4.0312395]
12;2,2,5-trimethylhexane;Float32[8.720215, 2.2299945, 2.158973, 3.7847285]
12;3-methylhexane;Float32[6.4662247, 1.7521889, 0.651234, 3.7048597]
12;dodecane;Float32[9.189229, -0.2404056, 2.948038, 5.363925]
12;eicosane;Float32[13.74146, -1.7285348, 5.3412886, 7.9543037]
12;2,3-dimethylheptane;Float32[8.656093, 1.8993722, 1.841053, 4.556111]
12;2,7-dimethyloctane;Float32[8.91563, 1.3761202, 2.0425043, 4.5574613]
12;4-methylheptane;Float32[7.348816, 1.5579435, 0.8859692, 4.165762]
12;tetracosane;Float32[16.392057, -2.5181792, 6.308045, 9.176577]
12;methane;Float32[-0.117262185, 0.37646505, -0.17889152, 0.25683984]
12;3,3-dimethylpentane;Float32[6.7730827, 2.4455168, 1.390693, 3.3221257]
12;2,2,3,3-tetramethylpentane;Float32[8.7948265, 2.6560037, 3.1088638, 3.4387774]
12;2,2-dimethylpentane;Float32[6.716217, 2.192639, 1.2803221, 3.1530368]
12;2-methyltridecane;Float32[10.681963, -0.49960688, 4.3704405, 6.4313426]
12;2,3-dimethylbutane;Float32[5.283697, 2.0628216, 0.800507, 2.959187]
12;2,3-dimethylhexane;Float32[7.6219754, 2.1483355, 1.1112059, 4.305592]
12;2,3-dimethylnonane;Float32[9.651248, 1.614096, 2.8377984, 5.402546]
12;propane;Float32[1.7531192, 0.6449014, 0.23551954, 1.0874624]
12;heptane;Float32[5.840976, 0.96874255, 0.78580433, 3.3397791]
12;2,4-dimethylpentane;Float32[6.2721148, 1.9933418, 0.94020575, 3.3085833]
13;2,5-dimethylhexane;Float32[7.376459, 1.917288, 1.0678132, 3.8486683]
13;2-methylheptane;Float32[7.210967, 1.243793, 1.4061418, 3.9776022]
13;3-methyldecane;Float32[9.027839, 0.8317995, 2.9590795, 5.537023]
13;hexadecane;Float32[11.490154, -1.0659337, 4.4221673, 6.653841]
13;3,3-dimethylhexane;Float32[7.9396358, 2.3513374, 1.4753616, 3.8244092]
13;3-methyltridecane;Float32[10.72359, -0.38442615, 4.439757, 6.635133]
13;2-methylbutane;Float32[4.2354054, 1.5420338, 0.51053464, 2.4151762]
13;nonane;Float32[7.3456116, 0.5899731, 1.5369262, 4.1586127]
13;heptacosane;Float32[18.036045, -2.9984894, 6.8087482, 10.103071]
13;2,2-dimethylpropane;Float32[4.1398153, 1.8290492, 1.041658, 1.8349372]
13;2,4,4-trimethylhexane;Float32[8.978868, 2.646861, 2.121244, 3.8873715]
13;octadecane;Float32[12.494291, -1.5156026, 4.723477, 7.218086]
13;heptadecane;Float32[12.080074, -1.1869072, 4.648334, 7.0489736]
13;n-undecane;Float32[8.720878, 0.14547345, 2.5008771, 5.034587]
13;nonadecane;Float32[13.152526, -1.6732748, 5.174777, 7.643183]
13;2,2,4,4,6,8,8-heptamethylnonane;Float32[12.0746355, 0.03315904, 6.4816623, 5.0393634]
13;3-methyldodecane;Float32[9.886958, -0.064836, 4.0542393, 6.320947]
13;3,4-dimethylhexane;Float32[7.7094617, 2.1743631, 0.74922013, 4.434935]
13;3-methylheptane;Float32[7.3830333, 1.4501655, 1.3065817, 4.087525]
13;n-butane;Float32[2.6815414, 0.8165443, 0.08495833, 1.7208967]
13;2,2,5,5-tetramethylhexane;Float32[8.904072, 2.0421834, 2.9654915, 3.985288]
13;tridecane;Float32[9.672516, -0.5564178, 3.404878, 5.735993]
13;2,2,3-trimethylpentane;Float32[7.843838, 2.5835464, 2.019552, 3.4799206]
13;decane;Float32[7.886578, 0.40201125, 1.8705425, 4.624971]
13;3-ethylpentane;Float32[5.743814, 1.7621229, 0.4892465, 3.3145278]
13;2,3-dimethyldodecane;Float32[11.004192, 0.017862938, 4.777186, 6.5323963]
13;3-methylundecane;Float32[9.389603, 0.29528788, 3.5923562, 5.918106]
13;2-methyldecane;Float32[9.328623, 0.541649, 2.946153, 5.164925]
13;3-methylpentane;Float32[5.2521462, 1.6558568, 0.41377056, 2.9334903]
13;octane;Float32[6.6151133, 0.8540092, 1.2535219, 3.828262]
13;2-methyldodecane;Float32[10.101681, -0.10505281, 4.034971, 6.0599957]
13;2,6-dimethyloctane;Float32[9.041012, 1.3532695, 2.2103984, 4.709518]
13;2,2,3,4-tetramethylpentane;Float32[8.657142, 2.7487504, 2.4110923, 3.451619]
13;3,3-diethylpentane;Float32[7.972621, 2.2794437, 1.9191896, 3.8044288]
13;2,3,4-trimethyl pentane;Float32[7.477199, 2.6014204, 1.3432384, 3.8127532]
13;2-methylhexane;Float32[6.4231086, 1.5983721, 0.8834249, 3.4152486]
13;2,2,3-trimethylbutane;Float32[6.8217945, 2.5583096, 1.7122847, 2.9668014]
13;3-methyl-3-ethylpentane;Float32[7.549715, 2.4259562, 1.5030055, 3.6553237]
13;pentadecane;Float32[11.091519, -0.9540915, 3.8845172, 6.351862]
13;hexane;Float32[4.958649, 1.0579246, 0.3935423, 2.791431]
13;2-methyloctane;Float32[8.3402195, 1.102236, 1.6643881, 4.370564]
13;octacosane;Float32[18.644314, -3.097364, 7.0460877, 10.362133]
13;2,2,4,4-tetramethylpentane;Float32[7.974169, 2.086036, 2.5975094, 3.4897254]
13;2-methyl-3-ethyl-pentane;Float32[7.4280596, 2.220621, 1.0172899, 4.0975475]
13;2-methylpentane;Float32[5.3551235, 1.5520808, 0.7854463, 2.8707101]
13;2,3,3,4-tetramethylpentane;Float32[8.518378, 2.5605917, 2.5880108, 3.4305778]
13;2,3-dimethyldecane;Float32[10.325092, 0.9062376, 3.6936564, 5.84257]
13;ethane;Float32[0.53647435, 0.32887393, 0.012390152, 0.6462846]
13;2,3-dimethylpentane;Float32[6.5635347, 2.2493129, 0.8471943, 3.7565248]
13;2,3-dimethylundecane;Float32[10.604653, 0.44712988, 4.248575, 6.140059]
13;pentane;Float32[3.7658179, 1.0655609, 0.38744593, 2.1752114]
13;tetradecane;Float32[10.261353, -0.7123874, 3.7580945, 6.217984]
13;2-methylundecane;Float32[9.5992, 0.30363908, 3.5033174, 5.6803637]
13;squalane;Float32[18.57256, -4.265508, 11.522021, 11.024443]
13;2,2-dimethylbutane;Float32[5.6908355, 2.1378016, 1.2163404, 2.577111]
13;2-methylpropane;Float32[2.8931475, 1.2914785, 0.4309761, 1.6297603]
13;2,3,3-trimethylpentane;Float32[8.009278, 2.719227, 2.063028, 3.4341748]
13;3-ethylhexane;Float32[7.415316, 1.7996485, 0.8722081, 4.062799]
13;2,2-dimethylhexane;Float32[7.8863206, 2.2426598, 1.5696564, 3.6128643]
13;2,2,4-trimethylpentane;Float32[7.556982, 2.4116182, 1.9923289, 3.3464694]
13;2,4-dimethylhexane;Float32[7.618756, 2.1982446, 1.1177008, 4.0183883]
13;2,2,5-trimethylhexane;Float32[8.67641, 2.1661353, 2.174395, 3.7220259]
13;3-methylhexane;Float32[6.4559736, 1.7415378, 0.6540903, 3.703366]
13;dodecane;Float32[9.172818, -0.25878754, 2.9513335, 5.347146]
13;eicosane;Float32[13.721113, -1.7533902, 5.347196, 7.908624]
13;2,3-dimethylheptane;Float32[8.637678, 1.8768196, 1.8461572, 4.5432897]
13;2,7-dimethyloctane;Float32[8.893257, 1.347444, 2.0503428, 4.535832]
13;4-methylheptane;Float32[7.3388457, 1.5465562, 0.88823986, 4.1645236]
13;tetracosane;Float32[16.369228, -2.5451553, 6.314352, 9.128478]
13;methane;Float32[-0.11755264, 0.37610236, -0.17872785, 0.256568]
13;3,3-dimethylpentane;Float32[6.744891, 2.4043875, 1.4000927, 3.2868137]
13;2,2,3,3-tetramethylpentane;Float32[8.728418, 2.5581737, 3.1291103, 3.303271]
13;2,2-dimethylpentane;Float32[6.6871157, 2.1521318, 1.2897037, 3.1179872]
13;2-methyltridecane;Float32[10.657085, -0.5298665, 4.37738, 6.4003363]
13;2,3-dimethylbutane;Float32[5.2840834, 2.062164, 0.80088735, 2.9561286]
13;2,3-dimethylhexane;Float32[7.6078687, 2.1326678, 1.1150458, 4.2991385]
13;2,3-dimethylnonane;Float32[9.627681, 1.5837159, 2.8440664, 5.3807406]
13;propane;Float32[1.75501, 0.64655256, 0.23421676, 1.0888038]
13;heptane;Float32[5.8322806, 0.9607138, 0.7863332, 3.33993]
13;2,4-dimethylpentane;Float32[6.2666955, 1.9864665, 0.9454943, 3.2951622]
14;2,5-dimethylhexane;Float32[7.3690915, 1.9080516, 1.0773243, 3.8266735]
14;2-methylheptane;Float32[7.195966, 1.2270199, 1.4130849, 3.9714966]
14;3-methyldecane;Float32[9.007822, 0.80757755, 2.9656432, 5.515757]
14;hexadecane;Float32[11.474399, -1.0857412, 4.4263244, 6.608022]
14;3,3-dimethylhexane;Float32[7.90341, 2.2985911, 1.4877709, 3.772804]
14;3-methyltridecane;Float32[10.701111, -0.41188836, 4.4474335, 6.5987906]
14;2-methylbutane;Float32[4.232662, 1.5394202, 0.5154899, 2.402272]
14;nonane;Float32[7.334517, 0.5787604, 1.5383501, 4.152554]
14;heptacosane;Float32[18.016321, -3.023215, 6.813171, 10.053307]
14;2,2-dimethylpropane;Float32[4.125658, 1.8068212, 1.0492301, 1.8066252]
14;2,4,4-trimethylhexane;Float32[8.938445, 2.5865052, 2.140612, 3.8042035]
14;octadecane;Float32[12.478829, -1.5364258, 4.7277308, 7.171704]
14;heptadecane;Float32[12.064209, -1.2076814, 4.6525564, 7.0029426]
14;n-undecane;Float32[8.708001, 0.13172095, 2.5027544, 5.024327]
14;nonadecane;Float32[13.136626, -1.6941923, 5.178994, 7.596627]
14;2,2,4,4,6,8,8-heptamethylnonane;Float32[12.011344, -0.058707964, 6.5035405, 4.9139533]
14;3-methyldodecane;Float32[9.864861, -0.09156819, 4.0612326, 6.294081]
14;3,4-dimethylhexane;Float32[7.705886, 2.1724334, 0.753087, 4.4246736]
14;3-methylheptane;Float32[7.3681073, 1.4344887, 1.3116406, 4.072947]
14;n-butane;Float32[2.6767402, 0.8130634, 0.08671442, 1.7165223]
14;2,2,5,5-tetramethylhexane;Float32[8.854147, 1.9695543, 2.9834452, 3.9001017]
14;tridecane;Float32[9.657734, -0.57363045, 3.4075348, 5.7130933]
14;2,2,3-trimethylpentane;Float32[7.8140917, 2.5393162, 2.0385556, 3.3993332]
14;decane;Float32[7.874916, 0.3901903, 1.8721346, 4.6177325]
14;3-ethylpentane;Float32[5.7395854, 1.7575623, 0.49045768, 3.3120773]
14;2,3-dimethyldodecane;Float32[10.981587, -0.00975294, 4.786228, 6.495877]
14;3-methylundecane;Float32[9.3688135, 0.26994693, 3.5989811, 5.8953776]
14;2-methyldecane;Float32[9.309315, 0.51806957, 2.9508135, 5.1475925]
14;3-methylpentane;Float32[5.2476225, 1.6516325, 0.4193149, 2.9215367]
14;octane;Float32[6.6061535, 0.8458314, 1.2545192, 3.826498]
14;2-methyldodecane;Float32[10.08029, -0.13119717, 4.040169, 6.035299]
14;2,6-dimethyloctane;Float32[9.020389, 1.3262726, 2.218618, 4.685364]
14;2,2,3,4-tetramethylpentane;Float32[8.621133, 2.6927333, 2.4323833, 3.3463807]
14;3,3-diethylpentane;Float32[7.9400315, 2.2295358, 1.9284108, 3.742115]
14;2,3,4-trimethyl pentane;Float32[7.473683, 2.5954227, 1.3581725, 3.7734904]
14;2-methylhexane;Float32[6.413145, 1.5873288, 0.887026, 3.4083757]
14;2,2,3-trimethylbutane;Float32[6.795654, 2.5188231, 1.7305924, 2.892757]
14;3-methyl-3-ethylpentane;Float32[7.5235844, 2.3883195, 1.513894, 3.6104846]
14;pentadecane;Float32[11.076177, -0.9724122, 3.8881059, 6.314292]
14;hexane;Float32[4.951753, 1.0534935, 0.39388564, 2.791162]
14;2-methyloctane;Float32[8.325585, 1.084812, 1.667903, 4.3596163]
14;octacosane;Float32[18.620348, -3.1282098, 7.051536, 10.3081]
14;2,2,4,4-tetramethylpentane;Float32[7.9295945, 2.0206351, 2.6137178, 3.4046497]
14;2-methyl-3-ethyl-pentane;Float32[7.4274945, 2.2200522, 1.0178579, 4.0969787]
14;2-methylpentane;Float32[5.349337, 1.5459557, 0.7869969, 2.8676577]
14;2,3,3,4-tetramethylpentane;Float32[8.47459, 2.495383, 2.6147916, 3.2871938]
14;2,3-dimethyldecane;Float32[10.30401, 0.87964183, 3.7023456, 5.8101664]
14;ethane;Float32[0.53403455, 0.3267827, 0.009967956, 0.648945]
14;2,3-dimethylpentane;Float32[6.5630026, 2.249243, 0.85102624, 3.7462099]
14;2,3-dimethylundecane;Float32[10.582709, 0.4197268, 4.257243, 6.1064863]
14;pentane;Float32[3.7602618, 1.0613232, 0.38823, 2.1748414]
14;tetradecane;Float32[10.245986, -0.73080873, 3.7611003, 6.188134]
14;2-methylundecane;Float32[9.578193, 0.278113, 3.5084393, 5.6604924]
14;squalane;Float32[18.525688, -4.330115, 11.541244, 10.923645]
14;2,2-dimethylbutane;Float32[5.670805, 2.1092439, 1.2289506, 2.5319014]
14;2-methylpropane;Float32[2.8933365, 1.2917389, 0.43537292, 1.6224238]
14;2,3,3-trimethylpentane;Float32[7.973825, 2.666758, 2.0835176, 3.3422942]
14;3-ethylhexane;Float32[7.4084525, 1.7925467, 0.87340575, 4.0658054]
14;2,2-dimethylhexane;Float32[7.858021, 2.2043548, 1.5807561, 3.5757911]
14;2,2,4-trimethylpentane;Float32[7.525361, 2.3650832, 2.0063643, 3.285392]
14;2,4-dimethylhexane;Float32[7.609575, 2.1868668, 1.1236528, 3.9999905]
14;2,2,5-trimethylhexane;Float32[8.636338, 2.1072824, 2.1907966, 3.6539342]
14;3-methylhexane;Float32[6.447385, 1.7331337, 0.6577849, 3.6978667]
14;dodecane;Float32[9.158687, -0.2746219, 2.9536297, 5.330409]
14;eicosane;Float32[13.705194, -1.7743771, 5.351369, 7.861696]
14;2,3-dimethylheptane;Float32[8.622619, 1.8589448, 1.8534038, 4.5215096]
14;2,7-dimethyloctane;Float32[8.874819, 1.3242147, 2.062718, 4.5019555]
14;4-methylheptane;Float32[7.329828, 1.5363632, 0.88992625, 4.1635604]
14;tetracosane;Float32[16.351507, -2.5677931, 6.318613, 9.078292]
14;methane;Float32[-0.1177589, 0.37582678, -0.17865157, 0.2563956]
14;3,3-dimethylpentane;Float32[6.7216663, 2.370194, 1.4142615, 3.2371328]
14;2,2,3,3-tetramethylpentane;Float32[8.670716, 2.4723608, 3.1554854, 3.1541505]
14;2,2-dimethylpentane;Float32[6.660812, 2.115388, 1.3005713, 3.0780296]
14;2-methyltridecane;Float32[10.635366, -0.5564933, 4.382865, 6.368831]
14;2,3-dimethylbutane;Float32[5.2949333, 2.074575, 0.8203381, 2.918341]
14;2,3-dimethylhexane;Float32[7.5967784, 2.1211782, 1.1210846, 4.2837095]
14;2,3-dimethylnonane;Float32[9.608146, 1.5589712, 2.8522942, 5.3501763]
14;propane;Float32[1.7572265, 0.6448951, 0.23115346, 1.0918673]
14;heptane;Float32[5.8243456, 0.95386845, 0.78673834, 3.339945]
14;2,4-dimethylpentane;Float32[6.2642856, 1.9837619, 0.95627326, 3.2676296]
15;2,5-dimethylhexane;Float32[7.360548, 1.8970845, 1.083315, 3.8123822]
15;2-methylheptane;Float32[7.1812778, 1.2106725, 1.4197615, 3.9651668]
15;3-methyldecane;Float32[8.988122, 0.7837316, 2.970858, 5.4977756]
15;hexadecane;Float32[11.460154, -1.103707, 4.429848, 6.561627]
15;3,3-dimethylhexane;Float32[7.8675466, 2.2464025, 1.4976948, 3.7282717]
15;3-methyltridecane;Float32[10.6793995, -0.43836674, 4.453672, 6.5647073]
15;2-methylbutane;Float32[4.2288, 1.5351446, 0.51854527, 2.3946621]
15;nonane;Float32[7.324016, 0.56833196, 1.5395273, 4.146756]
15;heptacosane;Float32[17.998304, -3.045555, 6.8164263, 10.002802]
15;2,2-dimethylpropane;Float32[4.111684, 1.784707, 1.0548245, 1.7829567]
15;2,4,4-trimethylhexane;Float32[8.898056, 2.5259628, 2.1557293, 3.7320483]
15;octadecane;Float32[12.464983, -1.5553029, 4.7312565, 7.124797]
15;heptadecane;Float32[12.049987, -1.2265391, 4.656101, 6.956456]
15;n-undecane;Float32[8.695986, 0.11908914, 2.5042481, 5.0142674]
15;nonadecane;Float32[13.122357, -1.7131293, 5.1824436, 7.5494905]
15;2,2,4,4,6,8,8-heptamethylnonane;Float32[11.950742, -0.14721356, 6.5222297, 4.7945895]
15;3-methyldodecane;Float32[9.843404, -0.11748026, 4.0667396, 6.2704825]
15;3,4-dimethylhexane;Float32[7.701514, 2.1691155, 0.7548567, 4.420241]
15;3-methylheptane;Float32[7.3529334, 1.4184016, 1.3156039, 4.0613613]
15;n-butane;Float32[2.6712804, 0.80868924, 0.08745854, 1.7151005]
15;2,2,5,5-tetramethylhexane;Float32[8.80626, 1.8994094, 2.9985907, 3.8229477]
15;tridecane;Float32[9.644111, -0.5893529, 3.4096878, 5.690162]
15;2,2,3-trimethylpentane;Float32[7.783278, 2.4933019, 2.0516765, 3.33403]
15;decane;Float32[7.86396, 0.3792909, 1.8734163, 4.610775]
15;3-ethylpentane;Float32[5.7356534, 1.7533218, 0.491408, 3.3099732]
15;2,3-dimethyldodecane;Float32[10.959256, -0.037188154, 4.792791, 6.4656186]
15;3-methylundecane;Float32[9.348512, 0.24522014, 3.604169, 5.8760543]
15;2-methyldecane;Float32[9.290885, 0.49568942, 2.9550633, 5.1304464]
15;3-methylpentane;Float32[5.2418365, 1.6456332, 0.42309666, 2.9147499]
15;octane;Float32[6.5976195, 0.8382095, 1.2553598, 3.8247669]
15;2-methyldodecane;Float32[10.060103, -0.15570448, 4.044831, 6.010667]
15;2,6-dimethyloctane;Float32[8.999841, 1.2992892, 2.2255623, 4.664051]
15;2,2,3,4-tetramethylpentane;Float32[8.584527, 2.635622, 2.4475734, 3.2574127]
15;3,3-diethylpentane;Float32[7.909102, 2.1817608, 1.9367682, 3.6824877]
15;2,3,4-trimethyl pentane;Float32[7.4672036, 2.5851078, 1.3659459, 3.7518864]
15;2-methylhexane;Float32[6.403458, 1.5766033, 0.89057374, 3.4010522]
15;2,2,3-trimethylbutane;Float32[6.768459, 2.4775546, 1.7430365, 2.833892]
15;3-methyl-3-ethylpentane;Float32[7.497493, 2.3505, 1.5223058, 3.572405]
15;pentadecane;Float32[11.062357, -0.9887495, 3.8911495, 6.2762876]
15;hexane;Float32[4.9451246, 1.0493776, 0.39407468, 2.7910416]
15;2-methyloctane;Float32[8.311464, 1.0680996, 1.671203, 4.348522]
15;octacosane;Float32[18.598303, -3.156429, 7.055744, 10.2533655]
15;2,2,4,4-tetramethylpentane;Float32[7.8868346, 1.9574288, 2.6272352, 3.327346]
15;2-methyl-3-ethyl-pentane;Float32[7.427291, 2.2198462, 1.0180632, 4.096773]
15;2-methylpentane;Float32[5.3434258, 1.5396616, 0.7885264, 2.8645258]
15;2,3,3,4-tetramethylpentane;Float32[8.429941, 2.42854, 2.633566, 3.1668591]
15;2,3-dimethyldecane;Float32[10.282824, 0.8527336, 3.7086802, 5.7841945]
15;ethane;Float32[0.53160465, 0.32470587, 0.0074328715, 0.65169567]
15;2,3-dimethylpentane;Float32[6.5616145, 2.247688, 0.8527851, 3.7417853]
15;2,3-dimethylundecane;Float32[10.560902, 0.39232537, 4.2634773, 6.079489]
15;pentane;Float32[3.7548633, 1.0572788, 0.38887727, 2.174615]
15;tetradecane;Float32[10.231904, -0.74759305, 3.7635603, 6.1580663]
15;2-methylundecane;Float32[9.558225, 0.25401112, 3.5130844, 5.640881]
15;squalane;Float32[18.480215, -4.392959, 11.555441, 10.83136]
15;2,2-dimethylbutane;Float32[5.6498485, 2.0791996, 1.2377334, 2.496623]
15;2-methylpropane;Float32[2.8929753, 1.2911669, 0.43812662, 1.6191467]
15;2,3,3-trimethylpentane;Float32[7.937533, 2.612822, 2.0980327, 3.2661414]
15;3-ethylhexane;Float32[7.4019303, 1.7858015, 0.87431824, 4.069158]
15;2,2-dimethylhexane;Float32[7.830256, 2.1666238, 1.5896913, 3.5436032]
15;2,2,4-trimethylpentane;Float32[7.4945974, 2.3195477, 2.0180883, 3.229255]
15;2,4-dimethylhexane;Float32[7.6000805, 2.1749396, 1.1286882, 3.9826]
15;2,2,5-trimethylhexane;Float32[8.597383, 2.049767, 2.2047231, 3.5918949]
15;3-methylhexane;Float32[6.4384723, 1.7242072, 0.66031957, 3.695357]
15;dodecane;Float32[9.145574, -0.28914037, 2.9554777, 5.313799]
15;eicosane;Float32[13.6909275, -1.7933489, 5.354728, 7.8141065]
15;2,3-dimethylheptane;Float32[8.606894, 1.8399466, 1.8585249, 4.505585]
15;2,7-dimethyloctane;Float32[8.855563, 1.2997543, 2.0714452, 4.476111]
15;4-methylheptane;Float32[7.3211513, 1.5266082, 0.8914279, 4.162602]
15;tetracosane;Float32[16.335468, -2.5882177, 6.321869, 9.027297]
15;methane;Float32[-0.11793549, 0.37558293, -0.17860773, 0.2562651]
15;3,3-dimethylpentane;Float32[6.6976123, 2.3346424, 1.4243374, 3.1979294]
15;2,2,3,3-tetramethylpentane;Float32[8.61363, 2.3869705, 3.1753058, 3.0269885]
15;2,2-dimethylpentane;Float32[6.6349797, 2.079162, 1.3092961, 3.0430932]
15;2-methyltridecane;Float32[10.615002, -0.5812894, 4.387773, 6.3369265]
15;2,3-dimethylbutane;Float32[5.2983775, 2.0780866, 0.8289436, 2.9020288]
15;2,3-dimethylhexane;Float32[7.5848103, 2.1082797, 1.1250407, 4.273921]
15;2,3-dimethylnonane;Float32[9.588306, 1.5336481, 2.8582702, 5.3259006]
15;propane;Float32[1.7581002, 0.6444022, 0.2300244, 1.0929977]
15;heptane;Float32[5.816735, 0.94749236, 0.78709817, 3.3399093]
15;2,4-dimethylpentane;Float32[6.260506, 1.9791347, 0.9643538, 3.2453606]
16;2,5-dimethylhexane;Float32[7.3550363, 1.8874589, 1.0876573, 3.800852]
16;2-methylheptane;Float32[7.1723266, 1.1973639, 1.426268, 3.9579597]
16;3-methyldecane;Float32[8.980864, 0.7696587, 2.9749787, 5.4744687]
16;hexadecane;Float32[11.4511, -1.1188732, 4.433086, 6.5140257]
16;3,3-dimethylhexane;Float32[7.837442, 2.1972573, 1.5063616, 3.6871228]
16;3-methyltridecane;Float32[10.670407, -0.45462638, 4.458831, 6.5241036]
16;2-methylbutane;Float32[4.22551, 1.5307451, 0.5207471, 2.3892386]
16;nonane;Float32[7.318085, 0.5599223, 1.5405864, 4.14106]
16;heptacosane;Float32[17.985598, -3.0648174, 6.8192053, 9.950127]
16;2,2-dimethylpropane;Float32[4.0980163, 1.762941, 1.0594417, 1.7616272]
16;2,4,4-trimethylhexane;Float32[8.861171, 2.467471, 2.1687589, 3.6641293]
16;octadecane;Float32[12.456395, -1.5713283, 4.7344627, 7.0766006]
16;heptadecane;Float32[12.041035, -1.2425547, 4.6593385, 6.908788]
16;n-undecane;Float32[8.68871, 0.1087151, 2.505562, 5.004162]
16;nonadecane;Float32[13.113349, -1.7292018, 5.185559, 7.5009446]
16;2,2,4,4,6,8,8-heptamethylnonane;Float32[11.895728, -0.23059292, 6.539149, 4.677116]
16;3-methyldodecane;Float32[9.834596, -0.13328673, 4.071074, 6.2414327]
16;3,4-dimethylhexane;Float32[7.7004333, 2.166716, 0.75565416, 4.4184904]
16;3-methylheptane;Float32[7.3504725, 1.4117715, 1.3186272, 4.0442677]
16;n-butane;Float32[2.6680589, 0.80502266, 0.087724894, 1.7150298]
16;2,2,5,5-tetramethylhexane;Float32[8.762429, 1.832469, 3.0121963, 3.7502897]
16;tridecane;Float32[9.635439, -0.60253555, 3.4116068, 5.666757]
16;2,2,3-trimethylpentane;Float32[7.7530227, 2.447466, 2.0618892, 3.2765603]
16;decane;Float32[7.8576417, 0.37050378, 1.8745513, 4.6039023]
16;3-ethylpentane;Float32[5.7318416, 1.7492161, 0.49227354, 3.3081377]
16;2,3-dimethyldodecane;Float32[10.943039, -0.061170176, 4.7981052, 6.4377685]
16;3-methylundecane;Float32[9.340758, 0.23044406, 3.6082082, 5.8514285]
16;2-methyldecane;Float32[9.278566, 0.47688437, 2.9590828, 5.112674]
16;3-methylpentane;Float32[5.2398496, 1.6429219, 0.4258487, 2.9075353]
16;octane;Float32[6.593538, 0.83243793, 1.2561313, 3.8230255]
16;2-methyldodecane;Float32[10.046243, -0.17630507, 4.0491986, 5.9851737]
16;2,6-dimethyloctane;Float32[8.990891, 1.2816646, 2.2315032, 4.63681]
16;2,2,3,4-tetramethylpentane;Float32[8.548459, 2.5790548, 2.4597054, 3.1769502]
16;3,3-diethylpentane;Float32[7.8792977, 2.1354508, 1.9446324, 3.6257532]
16;2,3,4-trimethyl pentane;Float32[7.4596014, 2.57307, 1.3703412, 3.7385075]
16;2-methylhexane;Float32[6.39943, 1.5688851, 0.8941657, 3.3924918]
16;2,2,3-trimethylbutane;Float32[6.741403, 2.436233, 1.7525806, 2.7826943]
16;3-methyl-3-ethylpentane;Float32[7.4728336, 2.3136752, 1.5294698, 3.5377908]
16;pentadecane;Float32[11.053769, -1.0021365, 3.893966, 6.237263]
16;hexane;Float32[4.943527, 1.0472236, 0.39420077, 2.7909439]
16;2-methyloctane;Float32[8.303208, 1.0546024, 1.6743833, 4.3366127]
16;octacosane;Float32[18.581717, -3.1813912, 7.0594378, 10.196493]
16;2,2,4,4-tetramethylpentane;Float32[7.8465867, 1.8967173, 2.6393037, 3.2543356]
16;2-methyl-3-ethyl-pentane;Float32[7.427215, 2.219771, 1.0181378, 4.0966988]
16;2-methylpentane;Float32[5.343229, 1.5377412, 0.789869, 2.8603332]
16;2,3,3,4-tetramethylpentane;Float32[8.385923, 2.3622255, 2.648325, 3.0588384]
16;2,3-dimethyldecane;Float32[10.267497, 0.8289175, 3.7138247, 5.760883]
16;ethane;Float32[0.5291155, 0.322569, 0.004836347, 0.65450096]
16;2,3-dimethylpentane;Float32[6.5604415, 2.2458603, 0.8535873, 3.7400963]
16;2,3-dimethylundecane;Float32[10.545117, 0.36825085, 4.268478, 6.0551896]
16;pentane;Float32[3.751859, 1.0542012, 0.38947853, 2.174423]
16;tetradecane;Float32[10.222863, -0.76172394, 3.7657695, 6.127295]
16;2-methylundecane;Float32[9.544473, 0.2336496, 3.5174627, 5.620641]
16;squalane;Float32[18.442047, -4.450178, 11.567172, 10.741096]
16;2,2-dimethylbutane;Float32[5.62981, 2.0494516, 1.2446319, 2.466242]
16;2-methylpropane;Float32[2.8923368, 1.2901816, 0.4401386, 1.6177508]
16;2,3,3-trimethylpentane;Float32[7.9024568, 2.5595407, 2.1095734, 3.1980464]
16;3-ethylhexane;Float32[7.403221, 1.7841082, 0.87503153, 4.071887]
16;2,2-dimethylhexane;Float32[7.8072095, 2.131145, 1.5975438, 3.5138366]
16;2,2,4-trimethylpentane;Float32[7.465533, 2.275484, 2.0286608, 3.1750853]
16;2,4-dimethylhexane;Float32[7.596557, 2.16749, 1.133334, 3.9615753]
16;2,2,5-trimethylhexane;Float32[8.563049, 1.9957261, 2.2173138, 3.5324724]
16;3-methylhexane;Float32[6.450668, 1.7341559, 0.66130537, 3.6805694]
16;dodecane;Float32[9.13731, -0.30125284, 2.9571147, 5.296979]
16;eicosane;Float32[13.681916, -1.8094462, 5.357739, 7.7649465]
16;2,3-dimethylheptane;Float32[8.596572, 1.8234751, 1.8626152, 4.4918313]
16;2,7-dimethyloctane;Float32[8.840821, 1.2773904, 2.078458, 4.4532146]
16;4-methylheptane;Float32[7.324312, 1.5267556, 0.8926783, 4.1599627]
16;tetracosane;Float32[16.32471, -2.6056647, 6.324706, 8.974282]
16;methane;Float32[-0.11810207, 0.37535048, -0.17857632, 0.2561555]
16;3,3-dimethylpentane;Float32[6.6745687, 2.2995257, 1.4324186, 3.1636302]
16;2,2,3,3-tetramethylpentane;Float32[8.55909, 2.303979, 3.1917086, 2.9117136]
16;2,2-dimethylpentane;Float32[6.612002, 2.0444863, 1.3169515, 3.0106852]
16;2-methyltridecane;Float32[10.601085, -0.60202175, 4.392374, 6.303574]
16;2,3-dimethylbutane;Float32[5.29861, 2.0777004, 0.8323807, 2.8958051]
16;2,3-dimethylhexane;Float32[7.580046, 2.0998425, 1.1279451, 4.26585]
16;2,3-dimethylnonane;Float32[9.574194, 1.5112208, 2.8631208, 5.304175]
16;propane;Float32[1.7584127, 0.64413863, 0.22959271, 1.0934322]
16;heptane;Float32[5.8135295, 0.9429146, 0.78743404, 3.3398263]
16;2,4-dimethylpentane;Float32[6.256821, 1.9739068, 0.9716546, 3.2241619]
