epoch;name;Mw;m;σ;λ_a;λ_r;ϵ;split
1;ethane;30.047;2.102050308227539;3.1096004486083983;6.0;18.886734161376953;205.98355865478516;train
1;2,2-dimethylpropane;72.094;2.302878448486328;3.3233365173339844;6.0;16.924010009765624;215.820475769043;train
1;2,2-dimethylbutane;86.11;2.356396820068359;3.3806573486328126;6.0;16.414306640625;218.3777130126953;train
1;2,3-dimethylpentane;100.125;2.3745628662109377;3.399633270263672;6.0;16.245975036621093;219.2155487060547;train
1;2,4-dimethylpentane;100.125;2.35009326171875;3.3735571899414065;6.0;16.47343963623047;218.07726287841797;train
1;3-methylheptane;114.141;2.384727294921875;3.410955047607422;6.0;16.154644775390626;219.66390075683594;train
1;2-methyl-3-ethyl-pentane;114.141;2.393214141845703;3.4194689331054686;6.0;16.069337463378904;220.0924041748047;train
1;2,4-dimethylhexane;114.141;2.3890350341796873;3.4155391540527344;6.0;16.10721923828125;219.89739074707032;train
1;2,2,3,4-tetramethylpentane;128.157;2.444856994628906;3.475345245361328;6.0;15.595028381347657;222.47525329589843;train
1;2,2,5-trimethylhexane;128.157;2.42505517578125;3.4538647766113284;6.0;15.776289672851561;221.58492431640627;train
1;2,6-dimethyloctane;142.172;2.4288609313964846;3.458243865966797;6.0;15.744655151367187;221.71962127685546;train
1;2,3-dimethylnonane;156.188;2.460881622314453;3.4922999572753906;6.0;15.447104187011718;223.17746429443358;train
1;3-methyldodecane;184.219;2.4695164794921878;3.5020620727539065;6.0;15.36407928466797;223.61020050048825;train
1;2,3-dimethyldodecane;198.235;2.508175811767578;3.5429539794921876;6.0;15.011769409179687;225.3511215209961;train
1;2,2,4,4,6,8,8-heptamethylnonane;226.266;2.541627380371094;3.578846252441406;6.0;14.702178344726562;226.86477966308595;train
1;tetracosane;338.391;2.519908447265625;3.556059814453125;6.0;14.906002807617188;225.85971069335935;train
1;propane;44.063;2.169033447265625;3.1804100799560544;6.0;18.22034683227539;209.3202796936035;train
1;pentane;72.094;2.252210968017578;3.268866241455078;6.0;17.41103759765625;213.38874816894534;train
1;2,3-dimethylbutane;86.11;2.333312591552734;3.355627746582031;6.0;16.635277404785157;217.2702484130859;train
1;3-methylhexane;100.125;2.356402252197266;3.3804353637695312;6.0;16.41592010498047;218.37647399902346;train
1;2,5-dimethylhexane;114.141;2.376334197998047;3.4015643615722655;6.0;16.230152893066403;219.2933120727539;train
1;2,2,3-trimethylpentane;114.141;2.4326257934570314;3.4622695617675783;6.0;15.70801025390625;221.8844696044922;train
1;2,3,3-trimethylpentane;114.141;2.4395667724609376;3.4697701721191407;6.0;15.639464111328126;222.24772338867186;train
1;4-methylheptane;114.141;2.3789905700683596;3.404547821044922;6.0;16.204477539062502;219.40890197753907;train
1;3,3-diethylpentane;128.157;2.4186604919433594;3.4475459899902345;6.0;15.828287963867187;221.33760223388668;train
1;2,3-dimethylheptane;128.157;2.4239447326660155;3.452723663330078;6.0;15.788327026367188;221.51314697265624;train
1;2,7-dimethyloctane;142.172;2.417039520263672;3.4457015686035155;6.0;15.854487304687499;221.17490539550778;train
1;3-methylundecane;170.203;2.4564306030273437;3.4877919006347655;6.0;15.487789001464844;223.00316467285154;train
1;tridecane;184.219;2.422580047607422;3.4516771240234374;6.0;15.801604919433593;221.44357604980468;train
1;tetradecane;198.235;2.434752410888672;3.4647169494628907;6.0;15.688877563476563;221.9815414428711;train
1;heptadecane;240.282;2.465025970458984;3.4974277038574217;6.0;15.40711181640625;223.39637451171876;train
1;heptacosane;380.438;2.5349091796875;3.5723014526367187;6.0;14.766376342773437;226.53424987792968;train
1;n-butane;58.078;2.2108544311523435;3.225237701416016;6.0;17.807611846923827;211.3967155456543;train
1;3-methylpentane;86.11;2.324343963623047;3.346064178466797;6.0;16.71818878173828;216.85076904296875;train
1;3-ethylpentane;100.125;2.3330030822753907;3.355228515625;6.0;16.63264862060547;217.2885314941406;train
1;3,3-dimethylpentane;100.125;2.3929227294921875;3.4196995544433593;6.0;16.06874755859375;220.1398681640625;train
1;2-methylheptane;114.141;2.3757278747558592;3.401104949951172;6.0;16.23881744384766;219.2409408569336;train
1;octane;114.141;2.3370772399902346;3.360206878662109;6.0;16.60089569091797;217.44404296874998;train
1;3-ethylhexane;114.141;2.3722564392089844;3.397431182861328;6.0;16.26527374267578;219.130810546875;train
1;2,3-dimethylhexane;114.141;2.4021736755371093;3.4295526733398436;6.0;15.986359252929688;220.49706726074217;train
1;2-methyloctane;128.157;2.3966441650390626;3.42339697265625;6.0;16.044583740234376;220.2206970214844;train
1;2,2,3,3-tetramethylpentane;128.157;2.4713670959472656;3.5042944641113283;6.0;15.34598388671875;223.7121063232422;train
1;3-methyldecane;156.188;2.43893701171875;3.4691637268066406;6.0;15.6504052734375;222.18066864013673;train
1;2,3-dimethyldecane;170.203;2.4791353454589844;3.511686981201172;6.0;15.2808056640625;224.0172332763672;train
1;2-methyldodecane;184.219;2.464767883300781;3.4964163818359375;6.0;15.41224334716797;223.36706085205077;train
1;2-methyltridecane;198.235;2.4771278076171876;3.5096466064453127;6.0;15.296336364746095;223.94892272949218;train
1;octadecane;254.297;2.4760003662109376;3.508961029052734;6.0;15.307933959960938;223.8791915893555;train
1;octacosane;394.454;2.5380782470703123;3.5757365112304687;6.0;14.734541625976563;226.68890686035158;train
1;2-methylpropane;58.078;2.228750335693359;3.2438108825683596;6.0;17.63598907470703;212.24492263793948;train
1;hexane;86.11;2.2834381713867185;3.302631774902344;6.0;17.108576049804686;214.92010498046875;train
1;2-methylhexane;100.125;2.3513533020019532;3.3747240295410155;6.0;16.46567443847656;218.13455352783203;train
1;2,2-dimethylpentane;100.125;2.379457702636719;3.4052222900390623;6.0;16.19848846435547;219.45884399414064;train
1;3,3-dimethylhexane;114.141;2.4183028869628904;3.44701904296875;6.0;15.8358837890625;221.28033447265625;train
1;2,3,4-trimethyl pentane;114.141;2.3968907775878905;3.423663360595703;6.0;16.036460571289062;220.2402359008789;train
1;2,2-dimethylhexane;114.141;2.4035305786132812;3.4310953369140624;6.0;15.97346405029297;220.59632415771483;train
1;nonane;128.157;2.3566894226074218;3.3810853576660156;6.0;16.418721923828127;218.3458694458008;train
1;2,2,4,4-tetramethylpentane;128.157;2.4338830261230466;3.463239288330078;6.0;15.695082702636718;221.96223754882817;train
1;2,2,5,5-tetramethylhexane;142.172;2.444916473388672;3.4756002197265623;6.0;15.593549804687502;222.48623046875;train
1;n-undecane;156.188;2.393330505371094;3.420552795410156;6.0;16.073421325683594;220.08037109375002;train
1;2-methylundecane;170.203;2.4484794921875;3.4794154357910156;6.0;15.562134704589843;222.63377838134764;train
1;2,3-dimethylundecane;184.219;2.496625518798828;3.530771301269531;6.0;15.119373779296875;224.8226593017578;train
1;pentadecane;212.25;2.4446390686035158;3.4753365478515628;6.0;15.597411499023437;222.45860900878904;train
1;nonadecane;268.313;2.4849532165527344;3.5183566284179686;6.0;15.22685302734375;224.29879455566405;train
1;squalane;422.485;2.643555480957031;3.688449035644531;6.0;13.771376953125;231.4340118408203;train
1;methane;16.031;2.048141315460205;3.0530816078186036;6.0;19.442635536193848;203.14337997436525;val
1;2-methylbutane;72.094;2.2875729064941406;3.306533996582031;6.0;17.06974548339844;215.0805572509766;val
1;2-methylpentane;86.11;2.3214706420898437;3.342716583251953;6.0;16.745169372558593;216.71462707519532;val
1;2,2,3-trimethylbutane;100.125;2.398288330078125;3.4253785400390626;6.0;16.02559143066406;220.34324645996094;val
1;heptane;100.125;2.3125833435058594;3.3337666931152343;6.0;16.831642456054688;216.28887939453128;val
1;3,4-dimethylhexane;114.141;2.3986300048828126;3.42559765625;6.0;16.018746948242185;220.3421783447266;val
1;3-methyl-3-ethylpentane;114.141;2.4075286865234373;3.4355772094726564;6.0;15.933818054199218;220.81103820800783;val
1;2,2,4-trimethylpentane;114.141;2.4048614807128907;3.4318031311035155;6.0;15.964566955566406;220.63006286621095;val
1;2,4,4-trimethylhexane;128.157;2.443612457275391;3.4735623168945313;6.0;15.602298583984375;222.45350646972656;val
1;2,3,3,4-tetramethylpentane;128.157;2.4498350524902346;3.481006774902344;6.0;15.54696746826172;222.71355743408202;val
1;decane;142.172;2.3734102478027346;3.399097595214844;6.0;16.261460876464845;219.13868713378903;val
1;2-methyldecane;156.188;2.431152069091797;3.4605202636718753;6.0;15.725303344726562;221.81097259521482;val
1;dodecane;170.203;2.4069629821777343;3.4347642517089843;6.0;15.94665771484375;220.7332733154297;val
1;3-methyltridecane;198.235;2.4859458618164063;3.5193859252929687;6.0;15.212547607421875;224.36963958740233;val
1;hexadecane;226.266;2.455929168701172;3.487696014404297;6.0;15.49115966796875;222.97306213378906;val
1;eicosane;282.329;2.494329071044922;3.5285987548828124;6.0;15.141991577148437;224.69831085205078;val
2;ethane;30.047;2.099767654418945;3.1037847900390627;6.0;19.06840072631836;204.87476654052736;train
2;2,2-dimethylpropane;72.094;2.2986866760253903;3.30820166015625;6.0;17.40122772216797;212.6504753112793;train
2;2,2-dimethylbutane;86.11;2.353035247802734;3.3644684143066406;6.0;16.959963073730467;214.710041809082;train
2;2,3-dimethylpentane;100.125;2.371620788574219;3.3833054809570315;6.0;16.814605407714843;215.40103607177736;train
2;2,4-dimethylpentane;100.125;2.3468845825195315;3.3577165832519533;6.0;17.010611877441406;214.47177124023438;train
2;3-methylheptane;114.141;2.3817247619628907;3.393954833984375;6.0;16.740016174316406;215.7323150634766;train
2;2-methyl-3-ethyl-pentane;114.141;2.3900437011718747;3.4022098388671873;6.0;16.666035766601563;216.09117431640624;train
2;2,4-dimethylhexane;114.141;2.3863176879882815;3.398844909667969;6.0;16.695088806152345;215.94272918701174;train
2;2,2,3,4-tetramethylpentane;128.157;2.439542541503906;3.4536674499511717;6.0;16.278348693847654;217.97340087890626;train
2;2,2,5-trimethylhexane;128.157;2.4197691650390625;3.4329777221679687;6.0;16.432826232910156;217.2322982788086;train
2;2,6-dimethyloctane;142.172;2.422972686767578;3.4364859924316407;6.0;16.41302215576172;217.2980026245117;train
2;2,3-dimethylnonane;156.188;2.455494079589844;3.469712127685547;6.0;16.156052856445314;218.50217132568358;train
2;3-methyldodecane;184.219;2.4631072998046877;3.47803173828125;6.0;16.0964404296875;218.81668395996093;train
2;2,3-dimethyldodecane;198.235;2.5006077270507814;3.516062744140625;6.0;15.805494079589844;220.20530548095704;train
2;2,2,4,4,6,8,8-heptamethylnonane;226.266;2.528048095703125;3.5444444580078125;6.0;15.589185791015625;221.25969696044922;train
2;tetracosane;338.391;2.5093529052734374;3.525366516113281;6.0;15.7461669921875;220.5060806274414;train
2;propane;44.063;2.167136093139648;3.1723912658691407;6.0;18.49560836791992;207.54544372558595;train
2;pentane;72.094;2.2498343811035157;3.257336669921875;6.0;17.80686996459961;210.7635261535645;train
2;2,3-dimethylbutane;86.11;2.330795104980469;3.3411090087890623;6.0;17.14358673095703;213.84588012695312;train
2;3-methylhexane;100.125;2.3536517028808595;3.364873565673828;6.0;16.9594189453125;214.71855926513675;train
2;2,5-dimethylhexane;114.141;2.3730756225585936;3.384593292236328;6.0;16.804017639160158;215.43292388916012;train
2;2,2,3-trimethylpentane;114.141;2.4284348449707034;3.442248352050781;6.0;16.36546539306641;217.5255111694336;train
2;2,3,3-trimethylpentane;114.141;2.43541552734375;3.449511291503906;6.0;16.306214904785158;217.82992248535155;train
2;4-methylheptane;114.141;2.37577783203125;3.3876696166992186;6.0;16.782378845214843;215.53438873291014;train
2;3,3-diethylpentane;128.157;2.4146512451171875;3.428472137451172;6.0;16.464969482421875;217.10540008544922;train
2;2,3-dimethylheptane;128.157;2.4200076904296877;3.4332189025878908;6.0;16.43333679199219;217.2178482055664;train
2;2,7-dimethyloctane;142.172;2.412317657470703;3.425610382080078;6.0;16.496965026855467;216.90643005371095;train
2;3-methylundecane;170.203;2.451212646484375;3.465607482910156;6.0;16.193125;218.35796966552735;train
2;tridecane;184.219;2.4168698120117185;3.4303341064453123;6.0;16.46371124267578;217.06989135742188;train
2;tetradecane;198.235;2.428580352783203;3.442315185546875;6.0;16.372010192871095;217.4890396118164;train
2;heptadecane;240.282;2.4573251953125;3.4721700439453125;6.0;16.14634216308594;218.58631134033203;train
2;heptacosane;380.438;2.5235308227539064;3.540063293457031;6.0;15.634776000976562;221.0171432495117;train
2;n-butane;58.078;2.2088842010498047;3.215630310058594;6.0;18.141817474365233;209.1960334777832;train
2;3-methylpentane;86.11;2.321397430419922;3.331412353515625;6.0;17.218792419433594;213.49759063720705;train
2;3-ethylpentane;100.125;2.3302342834472656;3.340567169189453;6.0;17.142980041503904;213.86927795410156;train
2;3,3-dimethylpentane;100.125;2.3899229125976564;3.4025997009277344;6.0;16.660455017089845;216.1775695800781;train
2;2-methylheptane;114.141;2.3717372131347654;3.3835211486816403;6.0;16.81877716064453;215.36623687744142;train
2;octane;114.141;2.3337446594238282;3.3447376403808593;6.0;17.12387176513672;213.93659210205075;train
2;3-ethylhexane;114.141;2.370038177490234;3.3818098754882815;6.0;16.826724548339843;215.3492172241211;train
2;2,3-dimethylhexane;114.141;2.3991725463867186;3.4119033203124998;6.0;16.593704223632812;216.4213088989258;train
2;2-methyloctane;128.157;2.3925766601562497;3.404733856201172;6.0;16.654815368652343;216.14676361083986;train
2;2,2,3,3-tetramethylpentane;128.157;2.468428283691406;3.4840675048828125;6.0;16.045766601562498;219.0911636352539;train
2;3-methyldecane;156.188;2.434348693847656;3.448266571044922;6.0;16.32509002685547;217.7138854980469;train
2;2,3-dimethyldecane;170.203;2.47379638671875;3.488476593017578;6.0;16.015054931640623;219.21079864501954;train
2;2-methyldodecane;184.219;2.4588596801757814;3.4730310668945314;6.0;16.132713012695312;218.6374740600586;train
2;2-methyltridecane;198.235;2.471048858642578;3.4855736389160157;6.0;16.03598937988281;219.1118667602539;train
2;octadecane;254.297;2.467791809082031;3.482782287597656;6.0;16.06685729980469;218.96314239501953;train
2;octacosane;394.454;2.5264901123046872;3.5431256713867185;6.0;15.609551391601562;221.1370162963867;train
2;2-methylpropane;58.078;2.2257073516845702;3.232339324951172;6.0;18.003569183349608;209.83714370727543;train
2;hexane;86.11;2.2807311706542968;3.2897294311523435;6.0;17.55140609741211;211.97308654785155;train
2;2-methylhexane;100.125;2.3483842163085935;3.3590676574707032;6.0;17.003657836914062;214.52621307373047;train
2;2,2-dimethylpentane;100.125;2.375274108886719;3.3874380798339843;6.0;16.782517700195314;215.55628967285156;train
2;3,3-dimethylhexane;114.141;2.4149965209960937;3.4286162109375002;6.0;16.465458374023434;217.08572082519532;train
2;2,3,4-trimethyl pentane;114.141;2.393826354980469;3.4061322631835935;6.0;16.63666717529297;216.2130142211914;train
2;2,2-dimethylhexane;114.141;2.3995850830078123;3.4125257568359375;6.0;16.588729553222656;216.48865356445316;train
2;nonane;128.157;2.352931121826172;3.364379608154297;6.0;16.973174438476562;214.63968963623046;train
2;2,2,4,4-tetramethylpentane;128.157;2.4266866760253905;3.4400963134765625;6.0;16.378385314941404;217.48931427001958;train
2;2,2,5,5-tetramethylhexane;142.172;2.439039520263672;3.453254608154297;6.0;16.283160705566406;217.94900817871095;train
2;n-undecane;156.188;2.3886821899414064;3.4015213928222656;6.0;16.686476440429686;215.99554901123045;train
2;2-methylundecane;170.203;2.4430587158203125;3.4572378540039064;6.0;16.25714141845703;218.053694152832;train
2;2,3-dimethylundecane;184.219;2.4903638610839844;3.5058060302734377;6.0;15.88584716796875;219.83125305175778;train
2;pentadecane;212.25;2.437942199707031;3.451967071533203;6.0;16.29929443359375;217.8623764038086;train
2;nonadecane;268.313;2.476249267578125;3.4912633666992186;6.0;16.00171142578125;219.2977233886719;train
2;squalane;422.485;2.6193733520507814;3.6382708129882815;6.0;14.895079040527344;224.5819839477539;train
2;methane;16.031;2.0470372352600097;3.0506375122070315;6.0;19.531685523986816;202.61394577026368;val
2;2-methylbutane;72.094;2.2842745361328127;3.2927362060546876;6.0;17.521246337890624;212.07923889160156;val
2;2-methylpentane;86.11;2.3181145629882813;3.3277197875976565;6.0;17.243869018554687;213.38565216064453;val
2;2,2,3-trimethylbutane;100.125;2.3936195068359374;3.4061735534667967;6.0;16.639622802734376;216.248698425293;val
2;heptane;100.125;2.309306335449219;3.3193089599609378;6.0;17.31892578125;213.04283294677734;val
2;3,4-dimethylhexane;114.141;2.394983123779297;3.407610107421875;6.0;16.626417846679686;216.2840087890625;val
2;3-methyl-3-ethylpentane;114.141;2.4033975830078127;3.4167281494140624;6.0;16.55495300292969;216.67408599853513;val
2;2,2,4-trimethylpentane;114.141;2.3986368408203127;3.410855407714844;6.0;16.59936737060547;216.43073272705075;val
2;2,4,4-trimethylhexane;128.157;2.4382883911132813;3.4520918884277343;6.0;16.283190002441405;217.97222137451172;val
2;2,3,3,4-tetramethylpentane;128.157;2.4459498291015622;3.4606082458496092;6.0;16.2266650390625;218.2124267578125;val
2;decane;142.172;2.369298492431641;3.3814600830078128;6.0;16.84236572265625;215.2623718261719;val
2;2-methyldecane;156.188;2.4266893005371095;3.4400045471191407;6.0;16.38775360107422;217.42187347412107;val
2;dodecane;170.203;2.401517364501953;3.4142821350097656;6.0;16.585237426757814;216.50271759033205;val
2;3-methyltridecane;198.235;2.479436248779297;3.4945423583984376;6.0;15.967654724121093;219.4450485229492;val
2;hexadecane;226.266;2.448622375488281;3.4632379760742187;6.0;16.214032897949217;218.2523986816406;val
2;eicosane;282.329;2.485150177001953;3.5006159057617188;6.0;15.933999023437499;219.6033187866211;val
3;ethane;30.047;2.102301574707031;3.103966484069824;6.0;19.17868881225586;204.14958724975585;train
3;2,2-dimethylpropane;72.094;2.304829528808594;3.3076183471679688;6.0;17.709639129638674;210.57307662963868;train
3;2,2-dimethylbutane;86.11;2.3611583251953125;3.3643273315429685;6.0;17.312462463378907;212.415185546875;train
3;2,3-dimethylpentane;100.125;2.380557800292969;3.3836818542480467;6.0;17.180738830566405;213.0449005126953;train
3;2,4-dimethylpentane;100.125;2.3547711791992185;3.357503479003906;6.0;17.35897430419922;212.19612197875978;train
3;3-methylheptane;114.141;2.39109814453125;3.394624755859375;6.0;17.112373046875;213.3442581176758;train
3;2-methyl-3-ethyl-pentane;114.141;2.3990052185058595;3.402571960449219;6.0;17.050370178222657;213.62836303710938;train
3;2,4-dimethylhexane;114.141;2.3959177856445315;3.3996160278320313;6.0;17.072147827148434;213.51970825195315;train
3;2,2,3,4-tetramethylpentane;128.157;2.4485396728515623;3.4536480712890625;6.0;16.70720672607422;215.27796936035156;train
3;2,2,5-trimethylhexane;128.157;2.428480529785156;3.4326610717773436;6.0;16.845645751953125;214.62985229492188;train
3;2,6-dimethyloctane;142.172;2.4312255859375;3.4358058166503906;6.0;16.833353271484373;214.6490463256836;train
3;2,3-dimethylnonane;156.188;2.4652987976074217;3.4703924255371095;6.0;16.594069213867186;215.73960418701174;train
3;3-methyldodecane;184.219;2.4730032958984376;3.4788663635253907;6.0;16.542427673339844;216.011083984375;train
3;2,3-dimethyldodecane;198.235;2.5105788879394533;3.5169775390625;6.0;16.2828955078125;217.21314239501953;train
3;2,2,4,4,6,8,8-heptamethylnonane;226.266;2.534924255371094;3.5418308715820315;6.0;16.11599060058594;218.00395660400392;train
3;tetracosane;338.391;2.5195738525390627;3.526246826171875;6.0;16.23657409667969;217.435986328125;train
3;propane;44.063;2.171687606811523;3.17328923034668;6.0;18.67190460205078;206.3115005493164;train
3;pentane;72.094;2.2562640686035156;3.2583118896484375;6.0;18.06245407104492;208.99091186523435;train
3;2,3-dimethylbutane;86.11;2.3391054992675784;3.3417273559570315;6.0;17.471078033447263;211.67562561035157;train
3;3-methylhexane;100.125;2.362331695556641;3.3653317565917966;6.0;17.310108642578122;212.4453323364258;train
3;2,5-dimethylhexane;114.141;2.3817346801757813;3.3846507263183594;6.0;17.173277282714846;213.051350402832;train
3;2,2,3-trimethylpentane;114.141;2.43765234375;3.4425562133789063;6.0;16.780877075195313;214.91238098144532;train
3;2,3,3-trimethylpentane;114.141;2.4449059448242187;3.4499625244140626;6.0;16.727163085937498;215.18383026123047;train
3;4-methylheptane;114.141;2.3844180297851563;3.3877593688964844;6.0;17.154880065917972;213.13935241699218;train
3;3,3-diethylpentane;128.157;2.4239516601562503;3.428771728515625;6.0;16.872711791992188;214.53336639404296;train
3;2,3-dimethylheptane;128.157;2.429732360839844;3.4338115234375;6.0;16.840503540039062;214.63663635253906;train
3;2,7-dimethyloctane;142.172;2.4209998474121095;3.42537841796875;6.0;16.905025634765625;214.3193572998047;train
3;3-methylundecane;170.203;2.461614044189453;3.467101837158203;6.0;16.62384979248047;215.63291931152344;train
3;tridecane;184.219;2.4263015747070313;3.43085693359375;6.0;16.87329559326172;214.47351074218747;train
3;tetradecane;198.235;2.438031188964844;3.4428562927246094;6.0;16.79096923828125;214.84042968749998;train
3;heptadecane;240.282;2.467065887451172;3.472791778564453;6.0;16.59200653076172;215.7811340332031;train
3;heptacosane;380.438;2.533921875;3.5410933227539063;6.0;16.1387353515625;217.86195678710936;train
3;n-butane;58.078;2.214705810546875;3.216969207763672;6.0;18.3570068359375;207.6742126464844;train
3;3-methylpentane;86.11;2.329329620361328;3.3318786010742185;6.0;17.54103286743164;211.35007934570314;train
3;3-ethylpentane;100.125;2.338415466308594;3.341094421386719;6.0;17.472888946533203;211.68326568603516;train
3;3,3-dimethylpentane;100.125;2.3992064208984374;3.4031210021972655;6.0;17.04239990234375;213.74093170166014;train
3;2-methylheptane;114.141;2.3799542236328124;3.3830567016601565;6.0;17.19149932861328;212.98128509521484;train
3;octane;114.141;2.3419752502441407;3.345205078125;6.0;17.458866577148438;211.7368667602539;train
3;3-ethylhexane;114.141;2.379687225341797;3.3827124633789065;6.0;17.18857666015625;213.01542053222656;train
3;2,3-dimethylhexane;114.141;2.4089717712402345;3.4126778869628906;6.0;16.98092041015625;213.94770965576174;train
3;2-methyloctane;128.157;2.401472473144531;3.4048282470703124;6.0;17.042104797363283;213.6757064819336;train
3;2,2,3,3-tetramethylpentane;128.157;2.4803170166015622;3.4866329650878907;6.0;16.48192352294922;216.3319152832031;train
3;3-methyldecane;156.188;2.444496917724609;3.449511016845703;6.0;16.741504821777344;215.07980041503907;train
3;2,3-dimethyldecane;170.203;2.4845511169433596;3.490162170410156;6.0;16.46297119140625;216.38861846923828;train
3;2-methyldodecane;184.219;2.4687674255371093;3.473891876220703;6.0;16.57343536376953;215.86176147460935;train
3;2-methyltridecane;198.235;2.4815940856933594;3.486886016845703;6.0;16.484522705078124;216.28082122802735;train
3;octadecane;254.297;2.4776639709472654;3.483539794921875;6.0;16.521377868652344;216.1078186035156;train
3;octacosane;394.454;2.53697021484375;3.5441821899414063;6.0;16.115969848632812;217.96976623535156;train
3;2-methylpropane;58.078;2.2308871459960935;3.2325859375;6.0;18.24081253051758;208.17896499633787;train
3;hexane;86.11;2.287810760498047;3.290665252685547;6.0;17.837088775634765;210.02098999023437;train
3;2-methylhexane;100.125;2.3568801269531248;3.3592941589355467;6.0;17.35043426513672;212.26706848144534;train
3;2,2-dimethylpentane;100.125;2.3833433837890627;3.3868973999023435;6.0;17.158551025390626;213.14844665527346;train
3;3,3-dimethylhexane;114.141;2.4247547607421875;3.429357666015625;6.0;16.867894287109376;214.53585815429688;train
3;2,3,4-trimethyl pentane;114.141;2.403121765136719;3.4065897216796874;6.0;17.02101593017578;213.758251953125;train
3;2,2-dimethylhexane;114.141;2.408561950683594;3.412500305175781;6.0;16.983038024902342;213.98519134521484;train
3;nonane;128.157;2.361478729248047;3.36472216796875;6.0;17.326547241210935;212.35401458740233;train
3;2,2,4,4-tetramethylpentane;128.157;2.433970764160156;3.4383404541015627;6.0;16.808860473632812;214.7962677001953;train
3;2,2,5,5-tetramethylhexane;142.172;2.448158874511719;3.4531715393066404;6.0;16.712928771972656;215.24991455078126;train
3;n-undecane;156.188;2.397673065185547;3.4019840087890625;6.0;17.071846923828126;213.52850952148435;train
3;2-methylundecane;170.203;2.4528050537109376;3.457944519042969;6.0;16.68618103027344;215.34862518310547;train
3;2,3-dimethylundecane;184.219;2.500923919677734;3.5073189086914063;6.0;16.35021240234375;216.91399230957035;train
3;pentadecane;212.25;2.447518005371094;3.4525768432617188;6.0;16.72619445800781;215.17014617919924;train
3;nonadecane;268.313;2.486217041015625;3.4920499267578125;6.0;16.463631591796876;216.39692077636718;train
3;squalane;422.485;2.623370422363281;3.6325692138671872;6.0;15.533598632812499;220.6902877807617;train
3;methane;16.031;2.0485978317260742;3.0513008308410647;6.0;19.58115985870361;202.31383075714115;val
3;2-methylbutane;72.094;2.2909808654785158;3.2930673828125;6.0;17.811691131591797;210.09333496093748;val
3;2-methylpentane;86.11;2.3253483276367186;3.327501739501953;6.0;17.567630767822266;211.22634658813476;val
3;2,2,3-trimethylbutane;100.125;2.4017179870605467;3.405534423828125;6.0;17.03258056640625;213.75130462646484;val
3;heptane;100.125;2.316742492675781;3.3198051147460936;6.0;17.632220764160156;210.95149078369138;val
3;3,4-dimethylhexane;114.141;2.4038468627929688;3.4075362548828125;6.0;17.01687927246094;213.79669494628905;val
3;3-methyl-3-ethylpentane;114.141;2.4120831298828125;3.416393310546875;6.0;16.955289001464845;214.14174194335936;val
3;2,2,4-trimethylpentane;114.141;2.405445770263672;3.409002227783203;6.0;17.004412536621093;213.87838134765627;val
3;2,4,4-trimethylhexane;128.157;2.44715673828125;3.4518720092773436;6.0;16.711971435546875;215.28156127929688;val
3;2,3,3,4-tetramethylpentane;128.157;2.456246826171875;3.4618853454589846;6.0;16.652251586914062;215.52374267578128;val
3;decane;142.172;2.3781759948730468;3.3819086914062497;6.0;17.209953002929687;212.89872131347653;val
3;2-methyldecane;156.188;2.43663720703125;3.4411007385253907;6.0;16.79880401611328;214.8173080444336;val
3;dodecane;170.203;2.4104200439453125;3.414554473876953;6.0;16.983208923339845;213.97317352294922;val
3;3-methyltridecane;198.235;2.4899337463378908;3.495839660644531;6.0;16.42464660644531;216.56199951171874;val
3;hexadecane;226.266;2.4581888427734375;3.463732208251953;6.0;16.652091674804687;215.49785156250005;val
3;eicosane;282.329;2.4950180664062502;3.5013775939941407;6.0;16.404132080078124;216.6489074707031;val
4;ethane;30.047;2.1070814895629884;3.107735702514648;6.0;19.250738067626955;203.6220706939697;train
4;2,2-dimethylpropane;72.094;2.3160715942382812;3.316263092041016;6.0;17.912594604492188;209.1873603820801;train
4;2,2-dimethylbutane;86.11;2.374835266113281;3.376203765869141;6.0;17.53820587158203;210.8359130859375;train
4;2,3-dimethylpentane;100.125;2.3954270935058593;3.397010314941406;6.0;17.4132666015625;211.40077209472653;train
4;2,4-dimethylpentane;100.125;2.3680514526367187;3.3688558654785155;6.0;17.582303009033204;210.63554763793942;train
4;3-methylheptane;114.141;2.406743621826172;3.4088149414062503;6.0;17.348045349121094;211.67270660400393;train
4;2-methyl-3-ethyl-pentane;114.141;2.414303955078125;3.4164089965820312;6.0;17.294820861816408;211.8959915161133;train
4;2,4-dimethylhexane;114.141;2.41176220703125;3.413871856689453;6.0;17.310799255371094;211.82678909301757;train
4;2,2,3,4-tetramethylpentane;128.157;2.4657403869628904;3.4694636230468747;6.0;16.980826721191406;213.342561340332;train
4;2,2,5-trimethylhexane;128.157;2.4447969970703127;3.4475736694335937;6.0;17.107302551269534;212.7814025878906;train
4;2,6-dimethyloctane;142.172;2.4473216857910156;3.4504904174804687;6.0;17.100425720214844;212.77901077270508;train
4;2,3-dimethylnonane;156.188;2.4838373107910154;3.487548553466797;6.0;16.875660400390625;213.74539642333988;train
4;3-methyldodecane;184.219;2.4925201721191406;3.4969220275878907;6.0;16.826197204589842;213.9970291137695;train
4;2,3-dimethyldodecane;198.235;2.531496643066406;3.5363541259765627;6.0;16.591048278808593;215.03778228759765;train
4;2,2,4,4,6,8,8-heptamethylnonane;226.266;2.5547476196289063;3.5600785522460936;6.0;16.45399932861328;215.65791931152341;train
4;tetracosane;338.391;2.5422362060546875;3.54738720703125;6.0;16.548081665039064;215.22355041503909;train
4;propane;44.063;2.179128494262695;3.1790765533447267;6.0;18.788377532958982;205.48137855529785;train
4;pentane;72.094;2.2666524658203127;3.2664770202636717;6.0;18.229836273193357;207.84978790283205;train
4;2,3-dimethylbutane;86.11;2.3524845275878907;3.3530565795898437;6.0;17.683048706054688;210.19544677734373;train
4;3-methylhexane;100.125;2.376799591064453;3.377992736816406;6.0;17.532350769042967;210.87112579345703;train
4;2,5-dimethylhexane;114.141;2.3962324829101562;3.3975748901367187;6.0;17.408592224121094;211.38979339599607;train
4;2,2,3-trimethylpentane;114.141;2.454423095703125;3.458025177001953;6.0;17.046256103515624;213.03255615234374;train
4;2,3,3-trimethylpentane;114.141;2.462122894287109;3.465772918701172;6.0;16.99593841552734;213.27546234130858;train
4;4-methylheptane;114.141;2.3990538024902346;3.4007839965820312;6.0;17.39224609375;211.47798309326174;train
4;3,3-diethylpentane;128.157;2.440307159423828;3.443715301513672;6.0;17.13097137451172;212.70342712402345;train
4;2,3-dimethylheptane;128.157;2.446647033691406;3.4493783264160154;6.0;17.100844116210936;212.79271087646487;train
4;2,7-dimethyloctane;142.172;2.4369748840332033;3.439776519775391;6.0;17.164592895507813;212.49418945312496;train
4;3-methylundecane;170.203;2.4810548400878907;3.485185028076172;6.0;16.89757049560547;213.67855072021484;train
4;tridecane;184.219;2.4439625244140624;3.4470640258789063;6.0;17.12877868652344;212.65648498535157;train
4;tetradecane;198.235;2.456190155029297;3.4596048889160156;6.0;17.053429260253907;212.97325134277344;train
4;heptadecane;240.282;2.48687353515625;3.4912097167968748;6.0;16.871783447265624;213.78644866943358;train
4;heptacosane;380.438;2.557447265625;3.5630585327148436;6.0;16.458279724121095;215.59731292724607;train
4;n-butane;58.078;2.223969711303711;3.224199508666992;6.0;18.49690032958984;206.71342010498046;train
4;3-methylpentane;86.11;2.342397674560547;3.3427529296875003;6.0;17.749554748535157;209.89381713867186;train
4;3-ethylpentane;100.125;2.351734924316406;3.35238232421875;6.0;17.6856591796875;210.18855285644528;train
4;3,3-dimethylpentane;100.125;2.414884826660156;3.4172330932617188;6.0;17.283997497558595;212.0231964111328;train
4;2-methylheptane;114.141;2.39418603515625;3.3956453857421875;6.0;17.42816192626953;211.32635879516602;train
4;octane;114.141;2.355787353515625;3.3569137878417967;6.0;17.672551269531247;210.2462699890137;train
4;3-ethylhexane;114.141;2.395182922363281;3.3965284118652344;6.0;17.417080078125;211.39007263183595;train
4;2,3-dimethylhexane;114.141;2.4253218994140626;3.427566619873047;6.0;17.227042541503906;212.19745635986328;train
4;2-methyloctane;128.157;2.4170944519042967;3.4189205017089845;6.0;17.287278137207032;211.94822387695314;train
4;2,2,3,3-tetramethylpentane;128.157;2.5006729431152346;3.505505645751953;6.0;16.76193084716797;214.3255401611328;train
4;3-methyldecane;156.188;2.4629155883789062;3.466611389160156;6.0;17.00622283935547;213.1926040649414;train
4;2,3-dimethyldecane;170.203;2.504818572998047;3.5090191955566405;6.0;16.75141326904297;214.33855438232422;train
4;2-methyldodecane;184.219;2.4878930053710935;3.491556579589844;6.0;16.85525909423828;213.86337738037108;train
4;2-methyltridecane;198.235;2.5018169555664063;3.5056736755371096;6.0;16.77075744628906;214.23674468994142;train
4;octadecane;254.297;2.4980730590820315;3.5025167236328123;6.0;16.807257385253905;214.07293853759768;train
4;octacosane;394.454;2.560812255859375;3.5664388427734375;6.0;16.436683044433593;215.6978256225586;train
4;2-methylpropane;58.078;2.2396300811767578;3.2392205963134764;6.0;18.396748962402345;207.12447357177734;train
4;hexane;86.11;2.299585906982422;3.299797882080078;6.0;18.02518524169922;208.73414001464843;train
4;2-methylhexane;100.125;2.370734619140625;3.371310516357422;6.0;17.572418212890625;210.70288238525387;train
4;2,2-dimethylpentane;100.125;2.3976527099609375;3.399551971435547;6.0;17.39665008544922;211.4753173828125;train
4;3,3-dimethylhexane;114.141;2.441466583251953;3.4446401977539063;6.0;17.123852844238282;212.72527389526368;train
4;2,3,4-trimethyl pentane;114.141;2.41884130859375;3.4208505859375;6.0;17.26534912109375;212.03109207153324;train
4;2,2-dimethylhexane;114.141;2.4242623596191404;3.426662628173828;6.0;17.232670288085934;212.21916275024415;train
4;nonane;128.157;2.3760834045410157;3.377565368652344;6.0;17.54861083984375;210.79838180541995;train
4;2,2,4,4-tetramethylpentane;128.157;2.449428497314453;3.452282897949219;6.0;17.08151123046875;212.88871459960936;train
4;2,2,5,5-tetramethylhexane;142.172;2.465762176513672;3.469356597900391;6.0;16.98476135253906;213.3223175048828;train
4;n-undecane;156.188;2.4137960510253906;3.416598663330078;6.0;17.312571716308593;211.83144989013672;train
4;2-methylundecane;170.203;2.4711573181152344;3.4748334045410156;6.0;16.958897399902344;213.41851959228518;train
4;2,3-dimethylundecane;184.219;2.521822998046875;3.5267144775390626;6.0;16.649383239746093;214.78990020751954;train
4;pentadecane;212.25;2.4663146667480467;3.469972961425781;6.0;16.993765563964843;213.2584243774414;train
4;nonadecane;268.313;2.507170440673828;3.511585388183594;6.0;16.754097595214844;214.32711181640624;train
4;squalane;422.485;2.6461812744140625;3.653553466796875;6.0;15.939271545410156;217.91976776123047;train
4;methane;16.031;2.051502765655518;3.0537807312011718;6.0;19.612012825012208;202.12945289611815;val
4;2-methylbutane;72.094;2.3023152465820313;3.3019104309082032;6.0;18.002852478027343;208.78620605468748;val
4;2-methylpentane;86.11;2.3374840698242187;3.3373628540039064;6.0;17.778476104736328;209.7657196044922;val
4;2,2,3-trimethylbutane;100.125;2.416675476074219;3.4190774536132813;6.0;17.280649414062502;211.9908355712891;val
4;heptane;100.125;2.3294678955078125;3.330016357421875;6.0;17.836165466308593;209.5376708984375;val
4;3,4-dimethylhexane;114.141;2.419146392822266;3.421337829589844;6.0;17.265597229003905;212.0440711975098;val
4;3-methyl-3-ethylpentane;114.141;2.427449676513672;3.4302374267578126;6.0;17.209961853027345;212.34699478149412;val
4;2,2,4-trimethylpentane;114.141;2.4194219360351563;3.421440460205078;6.0;17.261483154296876;212.09044494628904;val
4;2,4,4-trimethylhexane;128.157;2.463969268798828;3.467262969970703;6.0;16.985858764648437;213.34991912841795;val
4;2,3,3,4-tetramethylpentane;128.157;2.4746649780273438;3.4789071350097656;6.0;16.923629150390624;213.5850967407227;val
4;decane;142.172;2.3936185607910154;3.3957144775390624;6.0;17.43935791015625;211.2841163635254;val
4;2-methyldecane;156.188;2.454528015136719;3.4575980834960935;6.0;17.06029083251953;212.9585037231445;val
4;dodecane;170.203;2.427081207275391;3.429751190185547;6.0;17.23153503417969;212.21574325561522;val
4;3-methyltridecane;198.235;2.5106051025390625;3.5150517578125;6.0;16.715474243164063;214.4829544067383;val
4;hexadecane;226.266;2.477372131347656;3.4815030517578123;6.0;16.927007141113283;213.53792877197267;val
4;eicosane;282.329;2.5162689819335937;3.52112109375;6.0;16.701608581542967;214.53534698486328;val
5;ethane;30.047;2.112660202026367;3.1131336212158205;6.0;19.30981285095215;203.17601013183594;train
5;2,2-dimethylpropane;72.094;2.3291117248535156;3.32929345703125;6.0;18.066347045898436;208.06123275756835;train
5;2,2-dimethylbutane;86.11;2.3913480529785156;3.3926053466796873;6.0;17.715631561279295;209.51712036132815;train
5;2,3-dimethylpentane;100.125;2.413624053955078;3.4149994201660157;6.0;17.597738952636718;210.0219093322754;train
5;2,4-dimethylpentane;100.125;2.3840611267089846;3.3846306762695315;6.0;17.75909683227539;209.33621139526366;train
5;3-methylheptane;114.141;2.4260682678222656;3.4278523559570315;6.0;17.536239624023438;210.24910736083982;train
5;2-methyl-3-ethyl-pentane;114.141;2.433171447753906;3.4350277404785157;6.0;17.4901985168457;210.4474060058594;train
5;2,4-dimethylhexane;114.141;2.4311813964843747;3.433015625;6.0;17.50146255493164;210.38382034301753;train
5;2,2,3,4-tetramethylpentane;128.157;2.4878910217285157;3.491452331542969;6.0;17.19677215576172;211.67946319580076;train
5;2,2,5-trimethylhexane;128.157;2.4657801208496095;3.4683250427246093;6.0;17.313248291015626;211.19200592041017;train
5;2,6-dimethyloctane;142.172;2.468376251220703;3.4711189880371096;6.0;17.3112646484375;211.17560958862302;train
5;2,3-dimethylnonane;156.188;2.5078402404785156;3.511300689697266;6.0;17.096759338378906;212.03361740112302;train
5;3-methyldodecane;184.219;2.5179359741210936;3.5220377197265624;6.0;17.048009643554686;212.25712051391602;train
5;2,3-dimethyldodecane;198.235;2.55897998046875;3.5637357177734375;6.0;16.83033935546875;213.14069519042968;train
5;2,2,4,4,6,8,8-heptamethylnonane;226.266;2.582379333496094;3.5876676025390624;6.0;16.70997802734375;213.6332015991211;train
5;tetracosane;338.391;2.5723262329101564;3.5774517822265626;6.0;16.783024291992188;213.29937286376955;train
5;propane;44.063;2.1871351165771484;3.1869923248291014;6.0;18.87783905029297;204.8091949462891;train
5;pentane;72.094;2.27838818359375;3.2781026000976565;6.0;18.358265075683594;206.90645828247068;train
5;2,3-dimethylbutane;86.11;2.3683531799316406;3.368794494628906;6.0;17.848570251464842;208.97406997680665;train
5;3-methylhexane;100.125;2.394211242675781;3.3951090087890625;6.0;17.7091682434082;209.54868850708007;train
5;2,5-dimethylhexane;114.141;2.414000061035156;3.4151865234375;6.0;17.596341857910154;209.9940673828125;train
5;2,2,3-trimethylpentane;114.141;2.4758419494628905;3.4793169555664063;6.0;17.256832580566407;211.41128692626953;train
5;2,3,3-trimethylpentane;114.141;2.4840033264160155;3.4875151977539063;6.0;17.209971618652343;211.62002258300782;train
5;4-methylheptane;114.141;2.4171303710937497;3.418534790039063;6.0;17.58144470214844;210.06948547363282;train
5;3,3-diethylpentane;128.157;2.460943145751953;3.464130920410156;6.0;17.33476135253906;211.13270568847656;train
5;2,3-dimethylheptane;128.157;2.4680507202148436;3.470577606201172;6.0;17.307425842285156;211.21176147460938;train
5;2,7-dimethyloctane;142.172;2.457213165283203;3.4597382202148435;6.0;17.3707421875;210.93880310058591;train
5;3-methylundecane;170.203;2.5061092834472656;3.5098726501464843;6.0;17.111668701171876;211.98925857543944;train
5;tridecane;184.219;2.466581298828125;3.4693233947753908;6.0;17.328780822753906;211.0908401489258;train
5;tetradecane;198.235;2.479562530517578;3.482772888183594;6.0;17.258854370117188;211.3631790161133;train
5;heptadecane;240.282;2.5128131713867186;3.5168287353515626;6.0;17.08726745605469;212.06880493164064;train
5;heptacosane;380.438;2.5888582153320314;3.5944593505859377;6.0;16.698128662109376;213.6257064819336;train
5;n-butane;58.078;2.2341416015625;3.234377883911133;6.0;18.604545135498046;205.90507888793948;train
5;3-methylpentane;86.11;2.3577940063476563;3.3579734191894532;6.0;17.911998138427734;208.70444412231447;train
5;3-ethylpentane;100.125;2.3675232543945315;3.3679850158691407;6.0;17.851705780029295;208.96708602905275;train
5;3,3-dimethylpentane;100.125;2.4340025329589845;3.436353668212891;6.0;17.475081634521487;210.55790481567382;train
5;2-methylheptane;114.141;2.4119234313964846;3.413015319824219;6.0;17.615804290771486;209.92880477905277;train
5;octane;114.141;2.3723157653808595;3.373182861328125;6.0;17.83878570556641;209.00260848999022;train
5;3-ethylhexane;114.141;2.413939422607422;3.4150326232910158;6.0;17.599129638671876;210.0224769592285;train
5;2,3-dimethylhexane;114.141;2.445482208251953;3.4475608215332034;6.0;17.423480834960937;210.70967178344725;train
5;2-methyloctane;128.157;2.4366109313964843;3.438187072753906;6.0;17.48210433959961;210.47359466552734;train
5;2,2,3,3-tetramethylpentane;128.157;2.5257035522460938;3.5304466552734377;6.0;16.985413818359376;212.54883728027343;train
5;3-methyldecane;156.188;2.4865677795410157;3.489889617919922;6.0;17.213902893066408;211.56658401489258;train
5;2,3-dimethyldecane;170.203;2.530944274902344;3.5349649658203126;6.0;16.977257080078125;212.55401763916018;train
5;2-methyldodecane;184.219;2.512564208984375;3.516049865722656;6.0;17.076677551269533;212.1278518676758;train
5;2-methyltridecane;198.235;2.5278707275390624;3.531583435058594;6.0;16.99466064453125;212.4564094543457;train
5;octadecane;254.297;2.5248035278320313;3.528959228515625;6.0;17.027559509277342;212.3137168884277;train
5;octacosane;394.454;2.5925847778320312;3.598238586425781;6.0;16.6771484375;213.71710510253905;train
5;2-methylpropane;58.078;2.249541030883789;3.2491622467041017;6.0;18.515957489013672;206.2511646270752;train
5;hexane;86.11;2.312994873046875;3.312904632568359;6.0;18.168469543457032;207.68987960815429;train
5;2-methylhexane;100.125;2.3874424743652343;3.3877443237304687;6.0;17.748133392333983;209.3993133544922;train
5;2,2-dimethylpentane;100.125;2.4152416076660157;3.417040252685547;6.0;17.585170288085937;210.0658134460449;train
5;3,3-dimethylhexane;114.141;2.4623814392089844;3.4654220581054687;6.0;17.326542358398438;211.15911483764646;train
5;2,3,4-trimethyl pentane;114.141;2.4382422790527345;3.4401595764160158;6.0;17.45998016357422;210.5673721313477;train
5;2,2-dimethylhexane;114.141;2.4438025207519534;3.4460578002929685;6.0;17.429768676757813;210.71228103637694;train
5;nonane;128.157;2.3940328674316405;3.395215362548828;6.0;17.721795654296876;209.48726501464841;train
5;2,2,4,4-tetramethylpentane;128.157;2.469764129638672;3.4724109497070312;6.0;17.295317077636717;211.2511474609375;train
5;2,2,5,5-tetramethylhexane;142.172;2.4884657287597656;3.4919563598632815;6.0;17.19712890625;211.6606086730957;train
5;n-undecane;156.188;2.434134918212891;3.4365888366699218;6.0;17.501870727539064;210.37657623291014;train
5;2-methylundecane;170.203;2.494785003662109;3.4981495056152343;6.0;17.17337219238281;211.74904403686523;train
5;2,3-dimethylundecane;184.219;2.5489750976562497;3.5537111206054686;6.0;16.8825;212.93543853759766;train
5;pentadecane;212.25;2.4906277770996095;3.494046630859375;6.0;17.201814880371092;211.61610488891603;train
5;nonadecane;268.313;2.5346590576171875;3.5389086914062498;6.0;16.976516723632812;212.5332794189453;train
5;squalane;422.485;2.6803320922851563;3.6881856689453123;6.0;16.231529541015625;215.5465866088867;train
5;methane;16.031;2.054985034942627;3.057074150085449;6.0;19.638145790100097;201.98946151733398;val
5;2-methylbutane;72.094;2.3155630798339844;3.314917022705078;6.0;18.14823486328125;207.73070297241213;val
5;2-methylpentane;86.11;2.3518374633789065;3.351483276367188;6.0;17.943088836669922;208.57583312988282;val
5;2,2,3-trimethylbutane;100.125;2.435444885253906;3.437792022705078;6.0;17.47702194213867;210.51177444458008;val
5;heptane;100.125;2.3443297729492185;3.3445379333496095;6.0;17.992024536132813;208.384635925293;val
5;3,4-dimethylhexane;114.141;2.4381478271484376;3.440095977783203;6.0;17.46352081298828;210.5666801452637;val
5;3-methyl-3-ethylpentane;114.141;2.446720306396484;3.449385498046875;6.0;17.411182861328125;210.81117477416993;val
5;2,2,4-trimethylpentane;114.141;2.437595489501953;3.4393681335449218;6.0;17.463946533203124;210.58262023925784;val
5;2,4,4-trimethylhexane;128.157;2.4856510314941405;3.4887196044921875;6.0;17.202671508789063;211.67835540771483;val
5;2,3,3,4-tetramethylpentane;128.157;2.497825256347656;3.5018674011230466;6.0;17.14025360107422;211.90206146240234;val
5;decane;142.172;2.412807159423828;3.414567169189453;6.0;17.61907470703125;209.91409759521486;val
5;2-methyldecane;156.188;2.4772736206054686;3.4800672912597657;6.0;17.266858520507814;211.35514373779296;val
5;dodecane;170.203;2.448357604980469;3.4507217712402345;6.0;17.426094360351563;210.7081672668457;val
5;3-methyltridecane;198.235;2.5374344482421876;3.541640808105469;6.0;16.942137756347655;212.67640609741215;val
5;hexadecane;226.266;2.502422119140625;3.5062321472167968;6.0;17.139921875;211.84830398559572;val
5;eicosane;282.329;2.5442935180664064;3.5489967041015626;6.0;16.927946166992186;212.70682754516602;val
6;ethane;30.047;2.118002510070801;3.1183859786987305;6.0;19.363538360595705;202.9042568206787;train
6;2,2-dimethylpropane;72.094;2.3422436828613282;3.3429150695800782;6.0;18.21513916015625;207.10442581176758;train
6;2,2-dimethylbutane;86.11;2.407803985595703;3.4093259582519533;6.0;17.88923294067383;208.35207977294922;train
6;2,3-dimethylpentane;100.125;2.4318467407226563;3.433387268066406;6.0;17.777718658447267;208.80242233276368;train
6;2,4-dimethylpentane;100.125;2.3999930725097656;3.4008106384277346;6.0;17.93089645385742;208.1927764892578;train
6;3-methylheptane;114.141;2.445335479736328;3.4472584533691406;6.0;17.719915924072268;208.99775848388674;train
6;2-methyl-3-ethyl-pentane;114.141;2.452094482421875;3.4540382385253907;6.0;17.679603424072265;209.16785278320313;train
6;2,4-dimethylhexane;114.141;2.4506015014648437;3.4525865173339843;6.0;17.68740005493164;209.126628112793;train
6;2,2,3,4-tetramethylpentane;128.157;2.5102532348632813;3.5140458984375;6.0;17.402953186035155;210.2449394226074;train
6;2,2,5-trimethylhexane;128.157;2.4869151306152344;3.4897169494628906;6.0;17.511265716552735;209.82504882812503;train
6;2,6-dimethyloctane;142.172;2.489640655517578;3.4924549255371096;6.0;17.514678192138675;209.8085006713867;train
6;2,3-dimethylnonane;156.188;2.532176818847656;3.5358941650390623;6.0;17.30786590576172;210.5684684753418;train
6;3-methyldodecane;184.219;2.5436934204101562;3.548046142578125;6.0;17.259950256347658;210.76630706787108;train
6;2,3-dimethyldodecane;198.235;2.5871666259765624;3.5924229736328126;6.0;17.054767456054687;211.53667221069335;train
6;2,2,4,4,6,8,8-heptamethylnonane;226.266;2.6119435424804687;3.61760693359375;6.0;16.947410583496094;211.9595733642578;train
6;tetracosane;338.391;2.603481201171875;3.6090673828125;6.0;17.008777770996094;211.69206771850585;train
6;propane;44.063;2.1951347198486326;3.1950749359130857;6.0;18.963954849243162;204.31691017150877;train
6;pentane;72.094;2.290088653564453;3.2900397338867187;6.0;18.484761352539063;206.1233959197998;train
6;2,3-dimethylbutane;86.11;2.3841768188476564;3.3848917846679685;6.0;18.010387115478515;207.89686508178713;train
6;3-methylhexane;100.125;2.4115562438964844;3.412649139404297;6.0;17.880819091796877;208.38777694702148;train
6;2,5-dimethylhexane;114.141;2.4318292541503905;3.4331573486328124;6.0;17.778191070556637;208.77202987670898;train
6;2,2,3-trimethylpentane;114.141;2.497246032714844;3.5010508422851565;6.0;17.459181671142577;210.00465698242186;train
6;2,3,3-trimethylpentane;114.141;2.5058636779785157;3.5097237854003906;6.0;17.4137646484375;210.18071212768552;train
6;4-methylheptane;114.141;2.4351666564941405;3.4366142578125;6.0;17.765399627685547;208.8388572692871;train
6;3,3-diethylpentane;128.157;2.481422637939453;3.4848678588867186;6.0;17.531966857910156;209.76442871093752;train
6;2,3-dimethylheptane;128.157;2.489700134277344;3.4923636779785157;6.0;17.505821075439453;209.85074157714845;train
6;2,7-dimethyloctane;142.172;2.4775910034179685;3.4802288818359375;6.0;17.569510650634765;209.59888763427736;train
6;3-methylundecane;170.203;2.531335266113281;3.5353841552734373;6.0;17.31793487548828;210.5346397399902;train
6;tridecane;184.219;2.489243988037109;3.492069030761719;6.0;17.524770660400392;209.74578323364258;train
6;tetradecane;198.235;2.503122222900391;3.506491668701172;6.0;17.457405853271485;209.98745498657226;train
6;heptadecane;240.282;2.539021789550781;3.5433890380859374;6.0;17.29438262939453;210.61204986572264;train
6;heptacosane;380.438;2.6216221923828122;3.6276771240234376;6.0;16.927772827148438;211.97074966430662;train
6;n-butane;58.078;2.2444032745361326;3.244773696899414;6.0;18.709674835205078;205.26604843139648;train
6;3-methylpentane;86.11;2.373167694091797;3.373613067626953;6.0;18.070036773681643;207.65494079589843;train
6;3-ethylpentane;100.125;2.383214111328125;3.3840026550292968;6.0;18.01281295776367;207.879175567627;train
6;3,3-dimethylpentane;100.125;2.4529404602050784;3.4556246643066406;6.0;17.66155807495117;209.26063613891603;train
6;2-methylheptane;114.141;2.429618927001953;3.4307819213867186;6.0;17.79946075439453;208.7071502685547;train
6;octane;114.141;2.388773223876953;3.389788391113281;6.0;18.004183807373046;207.91652755737306;train
6;3-ethylhexane;114.141;2.4326333312988284;3.4338670654296877;6.0;17.77705093383789;208.81874237060546;train
6;2,3-dimethylhexane;114.141;2.465771057128906;3.467994903564453;6.0;17.613884735107423;209.41238708496095;train
6;2-methyloctane;128.157;2.4562181701660157;3.457886535644531;6.0;17.672573699951172;209.20082015991213;train
6;2,2,3,3-tetramethylpentane;128.157;2.5502546997070312;3.5555360717773437;6.0;17.199333801269532;211.01560516357424;train
6;3-methyldecane;156.188;2.5102627563476565;3.5138276367187498;6.0;17.414992370605468;210.1580841064453;train
6;2,3-dimethyldecane;170.203;2.5575064697265626;3.5619191284179688;6.0;17.19107391357422;211.0282241821289;train
6;2-methyldodecane;184.219;2.5375205688476563;3.5413146362304686;6.0;17.288954162597655;210.63990707397463;train
6;2-methyltridecane;198.235;2.554242919921875;3.558374755859375;6.0;17.2084521484375;210.93638076782227;train
6;octadecane;254.297;2.5519789428710937;3.556519287109375;6.0;17.23791717529297;210.8267837524414;train
6;octacosane;394.454;2.625835144042969;3.6319540405273436;6.0;16.90716522216797;212.05564575195314;train
6;2-methylpropane;58.078;2.2595794677734373;3.259346771240234;6.0;18.63250473022461;205.54010467529298;train
6;hexane;86.11;2.326137664794922;3.3265131835937503;6.0;18.30811996459961;206.80226974487303;train
6;2-methylhexane;100.125;2.4041207885742186;3.4046424865722655;6.0;17.92021682739258;208.26222381591796;train
6;2,2-dimethylpentane;100.125;2.432880676269531;3.434893859863281;6.0;17.769454803466797;208.8267951965332;train
6;3,3-dimethylhexane;114.141;2.4831559753417967;3.48650439453125;6.0;17.522507934570314;209.79399337768552;train
6;2,3,4-trimethyl pentane;114.141;2.4577223205566407;3.4597889099121093;6.0;17.650199127197265;209.28594970703128;train
6;2,2-dimethylhexane;114.141;2.4633539123535155;3.4658292846679686;6.0;17.621919250488283;209.39837570190429;train
6;nonane;128.157;2.4119275817871095;3.413141937255859;6.0;17.894634552001953;208.33632965087895;train
6;2,2,4,4-tetramethylpentane;128.157;2.4904587097167967;3.493347442626953;6.0;17.49856216430664;209.853035736084;train
6;2,2,5,5-tetramethylhexane;142.172;2.511491790771484;3.5153338623046873;6.0;17.400216369628907;210.23527908325192;train
6;n-undecane;156.188;2.4544209899902345;3.4569591064453125;6.0;17.687383270263673;209.1169105529785;train
6;2-methylundecane;170.203;2.5185551147460936;3.522177978515625;6.0;17.380045166015627;210.31334228515624;train
6;2,3-dimethylundecane;184.219;2.5767078857421875;3.5818553466796876;6.0;17.104127502441408;211.36749954223632;train
6;pentadecane;212.25;2.5151755981445314;3.518787902832031;6.0;17.403189086914065;210.21604461669924;train
6;nonadecane;268.313;2.562693298339844;3.5673883056640623;6.0;17.190070190429687;211.0277168273926;train
6;squalane;422.485;2.7187416381835936;3.7266802978515625;6.0;16.501600952148436;213.59868164062502;train
6;methane;16.031;2.058511085510254;3.060439483642578;6.0;19.661822547912596;201.84436206817625;val
6;2-methylbutane;72.094;2.328663391113281;3.3284106140136718;6.0;18.288818359375;206.82607040405276;val
6;2-methylpentane;86.11;2.366115936279297;3.365995178222656;6.0;18.103541107177733;207.53669662475588;val
6;2,2,3-trimethylbutane;100.125;2.454337646484375;3.456900115966797;6.0;17.667990417480468;209.20918884277344;val
6;heptane;100.125;2.359046905517578;3.359504608154297;6.0;18.145630340576172;207.3803047180176;val
6;3,4-dimethylhexane;114.141;2.4571753845214843;3.459261688232422;6.0;17.655653533935546;209.26512985229496;val
6;3-methyl-3-ethylpentane;114.141;2.4659100036621093;3.468809539794922;6.0;17.606753692626953;209.47335433959964;val
6;2,2,4-trimethylpentane;114.141;2.4558623046875;3.4578059997558594;6.0;17.659122772216797;209.2612907409668;val
6;2,4,4-trimethylhexane;128.157;2.507491973876953;3.510815765380859;6.0;17.408444213867188;210.2376419067383;val
6;2,3,3,4-tetramethylpentane;128.157;2.5207559204101564;3.5252180786132814;6.0;17.346760559082032;210.43919906616208;val
6;decane;142.172;2.431889404296875;3.4337022094726564;6.0;17.797776489257814;208.71036071777348;val
6;2-methyldecane;156.188;2.5000743103027343;3.503132385253906;6.0;17.466813201904298;209.96683807373046;val
6;dodecane;170.203;2.4696328430175782;3.472119567871094;6.0;17.616707305908204;209.41030197143556;val
6;3-methyltridecane;198.235;2.5646412963867187;3.56917529296875;6.0;17.158946533203125;211.1405906677246;val
6;hexadecane;226.266;2.527726989746094;3.5317901000976564;6.0;17.34521759033203;210.41851119995115;val
6;eicosane;282.329;2.5729625244140624;3.5780931396484377;6.0;17.14506744384766;211.17691345214843;val
7;ethane;30.047;2.1227109909057615;3.123137153625488;6.0;19.411902961730956;202.6871154785156;train
7;2,2-dimethylpropane;72.094;2.3548683776855466;3.3552986755371093;6.0;18.366431579589843;206.363493347168;train
7;2,2-dimethylbutane;86.11;2.4236840209960935;3.424493225097656;6.0;18.068979797363284;207.45552139282228;train
7;2,3-dimethylpentane;100.125;2.449517028808594;3.450206115722656;6.0;17.965108032226563;207.85601196289062;train
7;2,4-dimethylpentane;100.125;2.415404510498047;3.4155402221679685;6.0;18.107677612304688;207.3040473937988;train
7;3-methylheptane;114.141;2.4640018615722656;3.4650965270996092;6.0;17.912554931640624;208.01339569091795;train
7;2-methyl-3-ethyl-pentane;114.141;2.4703946228027345;3.4714722595214846;6.0;17.877022705078126;208.16552047729493;train
7;2,4-dimethylhexane;114.141;2.4694094848632813;3.470506195068359;6.0;17.88251754760742;208.13062667846677;train
7;2,2,3,4-tetramethylpentane;128.157;2.531909240722656;3.5345930786132813;6.0;17.624280700683595;209.10778503417967;train
7;2,2,5-trimethylhexane;128.157;2.507518310546875;3.5091898193359374;6.0;17.724158477783202;208.75749588012695;train
7;2,6-dimethyloctane;142.172;2.5102821350097657;3.5121319580078127;6.0;17.727777709960936;208.71511306762693;train
7;2,3-dimethylnonane;156.188;2.55582373046875;3.558582275390625;6.0;17.535130004882813;209.4010330200195;train
7;3-methyldodecane;184.219;2.5686658325195313;3.5720968017578123;6.0;17.488627624511718;209.57473907470705;train
7;2,3-dimethyldodecane;198.235;2.6145935668945315;3.618827453613281;6.0;17.300184020996095;210.26846618652345;train
7;2,2,4,4,6,8,8-heptamethylnonane;226.266;2.64059619140625;3.645301330566406;6.0;17.20040069580078;210.63921279907225;train
7;tetracosane;338.391;2.6331525268554685;3.6380572509765625;6.0;17.251639099121093;210.39828948974608;train
7;propane;44.063;2.2023981475830077;3.2023392944335938;6.0;19.047422256469726;203.9327243804932;train
7;pentane;72.094;2.3010556640625;3.3008067932128906;6.0;18.611430053710937;205.4994987487793;train
7;2,3-dimethylbutane;86.11;2.399358215332031;3.3996004943847655;6.0;18.176536254882812;207.06257934570314;train
7;3-methylhexane;100.125;2.4283012084960935;3.428698516845703;6.0;18.060164794921874;207.4821701049805;train
7;2,5-dimethylhexane;114.141;2.4491504821777346;3.44953076171875;6.0;17.968682250976563;207.81899795532226;train
7;2,2,3-trimethylpentane;114.141;2.5182007446289063;3.52093310546875;6.0;17.675876922607422;208.9086853027344;train
7;2,3,3-trimethylpentane;114.141;2.5271966552734373;3.5298887329101563;6.0;17.63515380859375;209.06268539428714;train
7;4-methylheptane;114.141;2.4525364074707032;3.4531233825683594;6.0;17.957433166503908;207.86301422119138;train
7;3,3-diethylpentane;128.157;2.501231384277344;3.5035420837402342;6.0;17.742897338867188;208.69831695556638;train
7;2,3-dimethylheptane;128.157;2.510648651123047;3.5123762817382813;6.0;17.716777801513672;208.77033157348635;train
7;2,7-dimethyloctane;142.172;2.4973100280761718;3.4989744873046877;6.0;17.778833923339846;208.52347564697266;train
7;3-methylundecane;170.203;2.5558080444335936;3.5588831787109374;6.0;17.541259307861328;209.3729156494141;train
7;tridecane;184.219;2.5110761108398436;3.512923828125;6.0;17.733450927734374;208.662198638916;train
7;tetradecane;198.235;2.5258704833984376;3.5282783203125;6.0;17.670765075683594;208.88083648681643;train
7;heptadecane;240.282;2.5642421875;3.5677533569335935;6.0;17.518670654296876;209.43236923217773;train
7;heptacosane;380.438;2.6526345214843747;3.6581105346679688;6.0;17.175143127441405;210.64470291137692;train
7;n-butane;58.078;2.2539078674316406;3.254094711303711;6.0;18.814203491210936;204.75449142456057;train
7;3-methylpentane;86.11;2.3879334716796876;3.3880036010742187;6.0;18.230639648437503;206.85348052978517;train
7;3-ethylpentane;100.125;2.3983447875976562;3.398618591308594;6.0;18.179579772949218;207.05508956909176;train
7;3,3-dimethylpentane;100.125;2.471371856689453;3.473130401611328;6.0;17.85948257446289;208.27007369995115;train
7;2-methylheptane;114.141;2.446659210205078;3.447000396728516;6.0;17.988580322265623;207.73992538452148;train
7;octane;114.141;2.4044066772460937;3.4049664916992186;6.0;18.1722265625;207.06308822631837;train
7;3-ethylhexane;114.141;2.4507124328613283;3.451131622314453;6.0;17.96471878051758;207.87210159301756;train
7;2,3-dimethylhexane;114.141;2.4854500732421876;3.486799591064453;6.0;17.814492034912107;208.39012298583987;train
7;2-methyloctane;128.157;2.475167755126953;3.475922149658203;6.0;17.870452575683593;208.18422927856446;train
7;2,2,3,3-tetramethylpentane;128.157;2.5733479614257813;3.577386291503906;6.0;17.438766479492188;209.8088897705078;train
7;3-methyldecane;156.188;2.5332431030273437;3.535841796875;6.0;17.631905059814454;209.03898696899415;train
7;2,3-dimethyldecane;170.203;2.5832877197265622;3.5867280883789063;6.0;17.425453186035156;209.8186363220215;train
7;2-methyldodecane;184.219;2.561723876953125;3.564416564941406;6.0;17.517850189208986;209.45805511474606;train
7;2-methyltridecane;198.235;2.5798916625976562;3.5829799194335936;6.0;17.44061553955078;209.7341361999512;train
7;octadecane;254.297;2.5780283813476563;3.581819580078125;6.0;17.46547180175781;209.61933135986328;train
7;octacosane;394.454;2.6573079833984377;3.6628167114257812;6.0;17.155831909179685;210.72299880981444;train
7;2-methylpropane;58.078;2.2689330139160155;3.2684934997558592;6.0;18.746734390258787;204.98560867309567;train
7;hexane;86.11;2.338629852294922;3.3387345275878904;6.0;18.451028289794923;206.09281730651858;train
7;2-methylhexane;100.125;2.4201946716308593;3.4200701293945315;6.0;18.096611938476563;207.37100830078123;train
7;2,2-dimethylpentane;100.125;2.4500137939453124;3.4511893310546875;6.0;17.960019683837892;207.86893997192385;train
7;3,3-dimethylhexane;114.141;2.5033392333984374;3.5057279052734374;6.0;17.73233123779297;208.73334884643552;train
7;2,3,4-trimethyl pentane;114.141;2.4766779479980467;3.4777988586425783;6.0;17.849193267822265;208.26788024902342;train
7;2,2-dimethylhexane;114.141;2.482399291992188;3.4838629455566403;6.0;17.825293731689452;208.37648544311526;train
7;nonane;128.157;2.4290393981933596;3.4295780029296874;6.0;18.072382812500003;207.43144607543948;train
7;2,2,4,4-tetramethylpentane;128.157;2.5106317749023437;3.512434143066406;6.0;17.714370880126953;208.7506004333496;train
7;2,2,5,5-tetramethylhexane;142.172;2.53390966796875;3.5365850830078127;6.0;17.62129608154297;209.1131103515625;train
7;n-undecane;156.188;2.473992919921875;3.4756305236816405;6.0;17.88414337158203;208.10573577880857;train
7;2-methylundecane;170.203;2.5416433715820315;3.5442066650390625;6.0;17.600649414062502;209.1675651550293;train
7;2,3-dimethylundecane;184.219;2.6035900268554686;3.607759216308594;6.0;17.344371948242188;210.11989593505857;train
7;pentadecane;212.25;2.5388138427734375;3.5414918823242187;6.0;17.620098724365235;209.08624572753905;train
7;nonadecane;268.313;2.5895441894531253;3.593472412109375;6.0;17.420368957519532;209.80206756591798;train
7;squalane;422.485;2.7550723876953125;3.7625457763671877;6.0;16.784431762695313;212.05892257690428;train
7;methane;16.031;2.0615952339172363;3.0634045028686523;6.0;19.682889499664306;201.7250690460205;val
7;2-methylbutane;72.094;2.3411893615722654;3.340728240966797;6.0;18.431168670654298;206.13106956481934;val
7;2-methylpentane;86.11;2.3797388610839842;3.379300323486328;6.0;18.264497833251955;206.73712768554688;val
7;2,2,3-trimethylbutane;100.125;2.4728248901367187;3.474438201904297;6.0;17.86757095336914;208.20277938842776;val
7;heptane;100.125;2.3728956298828123;3.3731182556152346;6.0;18.30127227783203;206.6030044555664;val
7;3,4-dimethylhexane;114.141;2.475723876953125;3.4768978576660157;6.0;17.855799255371096;208.2510787963867;val
7;3-methyl-3-ethylpentane;114.141;2.484641387939453;3.486507354736328;6.0;17.812762603759765;208.43989562988278;val
7;2,2,4-trimethylpentane;114.141;2.4737518310546873;3.474700439453125;6.0;17.861956176757815;208.23494338989255;val
7;2,4,4-trimethylhexane;128.157;2.528693908691406;3.530962158203125;6.0;17.630473022460937;209.1069175720215;val
7;2,3,3,4-tetramethylpentane;128.157;2.5427628173828127;3.54607080078125;6.0;17.573030700683596;209.28580169677736;val
7;decane;142.172;2.4501922912597656;3.451260223388672;6.0;17.983741912841797;207.75462341308594;val
7;2-methyldecane;156.188;2.52219775390625;3.524233947753906;6.0;17.68059356689453;208.8642364501953;val
7;dodecane;170.203;2.4901415405273437;3.491666015625;6.0;17.819724578857425;208.36410980224608;val
7;3-methyltridecane;198.235;2.590985107421875;3.5945635986328126;6.0;17.395068359375003;209.9111915588379;val
7;hexadecane;226.266;2.552081115722656;3.555269775390625;6.0;17.566471405029297;209.2617286682129;val
7;eicosane;282.329;2.600400634765625;3.604840087890625;6.0;17.378187255859373;209.9311279296875;val
